spot_1,spot_2,spot_3,spot_4,spot_5,vol_1,vol_2,vol_3,vol_4,vol_5,strike,maturity,rate,correlation,mc_price,mc_standard_error
110.95824194223852,97.5551375900821,114.34391679645528,107.89472116237457,83.76709391550598,0.3882913546668514,0.3844951045898681,0.1810780124333297,0.1146621580672948,0.2215198087228277,109.63091018516756,1.1010702914250436,0.0409151823090917,0.1935867987973102,6.355217890134754,0.2539253271947309
119.02489406547024,110.44558807961413,111.44257221107816,85.12454530702183,98.01543751582268,0.1628545219435803,0.2583153916862776,0.4917384476610417,0.1724285483620883,0.2275495773691875,119.83225862688336,0.8445343263112509,0.0315427941114853,0.7838521599106579,5.266337707988719,0.28381147469199947
94.83192096930324,117.07059955394408,105.75460480322658,112.9104645308332,97.73656795309324,0.390045726527829,0.3036731131447686,0.1175712574293539,0.1646760072645287,0.4740998219092783,81.63909235031035,0.8135129862660064,0.0175047034482343,0.0907834503642827,25.775571172906965,0.3410981857126021
89.08954887139107,102.1833914806334,82.55269024416701,113.10524687970327,105.2665759648826,0.1412659970956113,0.3540371148838823,0.4169302595363646,0.2061756250899695,0.3900312012554761,89.79677738645735,0.2978017139517068,0.0169935413582924,0.6061657638623572,10.750602377523673,0.2541004365252921
110.32350960341496,94.18103872519474,118.82792097579612,115.72484485288793,111.13533988295048,0.1679580716120721,0.2139001099335161,0.224728812353683,0.4985739962256894,0.1858289180871829,103.90962993534258,1.4256509346348334,0.022049291752622,0.5099561015219578,14.64227711543922,0.473849579012845
87.78554831407871,98.66884014908138,81.75215063148914,86.17157968270192,107.3219581296982,0.151682985853434,0.4702765749925641,0.1647722775281411,0.4517119678517621,0.360182651058676,96.60777813301056,1.3302259642391665,0.0221205028231765,0.1560341586255448,7.683980771622691,0.3324943763790541
109.79048623631267,118.7003892973684,93.03301432552608,94.81838824139476,98.78223245103231,0.3307445992282075,0.4005354846186307,0.39039958285922,0.1442104757673254,0.4997864441626757,105.50224826186572,1.420435660401352,0.0154669818432453,0.748270345812597,16.470561620131754,0.6880409950953422
87.57885436337143,85.19686021341886,99.02819704903736,89.07637396203536,106.7925597873004,0.4767558905794914,0.4586367851447664,0.3489156535769627,0.3091165325329257,0.3145114335526673,103.45617332555145,1.8968463446137007,0.0433864264884595,0.1611331609260817,10.189569790052042,0.4420502875415447
97.48607675489323,113.30712784231348,108.01060408008996,92.49466565528164,113.29039205580804,0.1059747776912929,0.2997878007781772,0.349507827063968,0.3634824835099793,0.2328557860205252,111.51957871598036,1.0778982944204023,0.021305065114722,0.4124677612313822,6.654957025918402,0.28363194812326115
112.19057429987208,95.49913516120698,91.53312415720976,107.299820158999,85.59009934437239,0.2885129401174198,0.3545242426650298,0.2713222041100727,0.4848540795934101,0.3821768439408001,82.83611680562984,1.7930982600289231,0.0420898601037623,0.6324175521549379,27.175514497625475,0.8285796562858257
87.99632809900433,80.29449079004021,111.47697510008554,106.5940342636813,108.2066151450534,0.1005094985003562,0.1093117925929012,0.3761200813873497,0.2650580390182011,0.4357883796849066,97.62464279713794,1.0269006820012343,0.048938007283978,0.6108569211644461,12.280314330499204,0.4108304654844338
111.22916124087872,98.3566310215336,102.74964783811576,85.5918799251063,84.58120294143893,0.1692061637945048,0.1055307656209167,0.2552329400454849,0.3944256417229795,0.4886910933510274,114.40215158759202,1.0858245480577329,0.023278456248225,0.2557664041768941,2.2811455308577213,0.16461481647616732
106.73611847161888,98.8438482457253,102.60944425924755,110.59995429664102,105.38873280002365,0.4534615517404222,0.2936298447748555,0.4251269132785467,0.1281321831470456,0.3289089390339533,94.51047621387846,1.3576669060010569,0.0488092397519439,0.6714178931216626,21.716469056169494,0.6161944037221728
102.14317602631984,102.36828642981656,92.15800392250448,81.23271338271758,97.4686955692945,0.469719365205788,0.258554058996296,0.4840402518652462,0.1882740386916421,0.1422535238133574,100.1515522108098,0.6278274489248328,0.0176480319613882,0.769677296011497,7.2522551577913275,0.30894162967455424
88.58338691278117,96.34114574898544,114.13612293072664,89.35757943461363,82.33210966756263,0.3099049344326804,0.4628987487924897,0.2245116874978976,0.420064127759581,0.1676789063521123,80.86314505174533,0.6303732144749309,0.0358981323076274,0.3792158595623502,16.527298293159742,0.34052267017263094
91.25535568087986,91.74375031066734,106.4766605890758,102.28128609365112,111.35592836425654,0.3982281584003758,0.3228107765549724,0.1700067901577489,0.3872348997750434,0.3855024453825709,88.96695580337195,1.1422057273843245,0.0496472059661145,0.5218522397143323,19.511142630414252,0.5412452551196081
106.5725416130955,96.25547445760282,112.5608153866414,86.67891679630816,80.90848292535442,0.3061740916573761,0.1901870550570698,0.1529175568979986,0.4829020193839157,0.3623250153036621,98.54620486329388,0.3700671810105142,0.0423348765814809,0.2916112620349073,4.138826457872035,0.15352646889982155
83.60191443102568,108.894374023858,98.4750892100555,86.45087116134407,100.04179100413454,0.4236965934293536,0.3787882116200967,0.4317894660769156,0.1649963278995693,0.2987800898188177,95.95872505057376,0.6641515864919894,0.0191880314701065,0.2832662648298335,7.111886596533022,0.25746775140813666
86.09248410852673,107.85281500310944,97.84625102296124,95.2408490438593,92.06048356591506,0.3668499082009173,0.1413559599580872,0.1599827797313633,0.3535930377003786,0.447482321701528,108.58619507640572,1.6384712687666476,0.020293306083244,0.3757726926557509,6.554246386203546,0.3265609221150755
105.21130372475554,94.4725044221356,83.50599677264404,84.72023608482061,118.47590658198058,0.364166471576639,0.1144819253824302,0.4881731668361292,0.155802760362498,0.1930248934209959,104.47519926366178,1.0615334978209192,0.0204972242668382,0.1577064766446761,4.326439404563215,0.21167528251625092
116.34322762830428,107.98828535242998,90.6347984583808,118.76705509390897,111.1500361586318,0.4899869127618897,0.4084131986613499,0.4746306721514026,0.4226478771232119,0.36069379000128,115.21130088657996,0.2965883837109536,0.0477197055031989,0.5515212174160763,6.328355375735433,0.2714670678807283
108.67560756635982,97.97446008575156,90.88966247380635,83.85563848613997,116.10409586175366,0.2138211995452024,0.2307525766798101,0.4789084292177479,0.4442502464622578,0.2437961793769306,114.19082806789604,0.3562974821340062,0.0198164627851167,0.1324600358012181,0.7444239991490947,0.06542956883332364
98.23105159334445,88.09453459180921,92.2382649660261,103.16878275767584,87.07091131756927,0.2493069670482815,0.2190777561103539,0.2304520570500016,0.4442669865155143,0.1042027426359387,89.64879363065238,1.859151912502106,0.0303846125640055,0.0041448016870861,11.374638911484926,0.3150902482223018
114.264571363695,110.3407811934084,108.77851823803746,97.28372159100417,105.09235362809773,0.2744210484438099,0.4771358714111632,0.3170545420731235,0.2801783160575614,0.2249479218798352,80.70554916135484,1.9242572845955124,0.0239955718025373,0.3515808830319071,32.5847548466522,0.692567557384598
103.36391875650942,105.9938640621928,83.37777284559556,96.63229608682438,81.6645669544757,0.1295650519447615,0.1897945912110051,0.1361833639747485,0.1506797718861713,0.1654066176505079,114.17883078815048,1.371931716187771,0.0244507760101806,0.0611362250504267,0.16519398726514406,0.024384286915257476
99.75963276978077,93.1944484933114,85.78096755464188,84.13611870890206,103.50578288710848,0.2208117728337114,0.1044066719982141,0.4800575542372991,0.1495276370707898,0.2532595489438348,93.16483456420131,0.5736539399480566,0.0263287149918301,0.4499510106684055,5.78727784970538,0.1992149908529312
86.82371874147545,117.00480473507189,103.2424455880158,93.87479218139347,103.63661965925668,0.4518110238859122,0.1426271880763049,0.2934417007016483,0.4379134390165583,0.322785049613656,93.884388369624,0.8941508630419152,0.0238017977682942,0.4162952429152723,12.82800622172364,0.38547816122190004
80.9121548411879,118.34236852965782,99.292137477716,111.30940909001146,83.30919999689755,0.184137438169104,0.3942038125650325,0.3725364251470031,0.2448743626187697,0.11851806463255,86.33579192793897,0.7845673489122826,0.0339971023561525,0.1098115182731677,15.840589110778367,0.29470189330123764
99.4663332335264,99.62827977418084,117.51305819899932,102.869122095043,98.93957604227816,0.1031458759584375,0.4301571532508687,0.2286229446236274,0.1551079594423618,0.3074204904651928,107.7202906458893,1.6240235614375158,0.0270188637230696,0.1967975104142305,8.465712667528583,0.3310994557433441
90.67902652367574,93.26275989370208,100.82689609886152,97.55645841220186,80.86448319521321,0.4683333182900361,0.103392345808959,0.1224574162705657,0.266817973034029,0.3703863627020254,91.2043567344318,1.189906948970089,0.0276404626401438,0.0195617747248586,7.551246382276135,0.23762043788873094
113.05167696777433,115.84643087359066,85.60996355994443,102.16144574156198,84.34302964541774,0.2904401835068201,0.4590193753861619,0.1176338222149912,0.2360563478574974,0.2405391557554883,87.06972404248975,1.6143989600757196,0.0302397591527859,0.4751624823722077,20.74419556822547,0.5647513552963528
106.88960372159248,91.24935135356031,106.37690538767608,109.0797845714753,110.74589967670629,0.2360508903945367,0.2950743648493562,0.4162308180778442,0.2271530465611269,0.397793282652881,100.13562964246312,0.8808935678762495,0.0242471409537382,0.2342929557182172,11.31484927290829,0.33538595241118374
84.30963783823586,116.64047380550431,89.20855963579524,81.49650224704719,102.19409877565934,0.1585861885116285,0.3242899422535801,0.250035210266218,0.3156843209182283,0.1430999001488997,110.01663623685768,1.7716450610842365,0.0401823832994498,0.5703877513793711,7.025586591533773,0.3341923740768612
94.83689135449757,113.19158972529652,112.33005888257208,92.6855557129086,118.1159758027898,0.4813851387043634,0.4624856467207111,0.4305585217162516,0.4571131293552207,0.1586751480725944,90.78394390099874,1.0010341557765852,0.0301392941853389,0.5038607037267272,22.780115329164257,0.6516364255419582
91.63671352560476,100.60228516926858,90.2386036227041,117.44174280195853,86.58431270328073,0.3014887092078664,0.2271636635026093,0.4549543765216635,0.1757750729997866,0.1879781420567889,108.88156003955405,0.9804046196671768,0.0303684452782359,0.2988700724667001,3.6600345963165335,0.1939076480545563
81.79642477569315,97.40388240012152,119.69502256223348,115.66709065019656,109.94432077827796,0.3746857825420043,0.1355598636350672,0.3929468707666559,0.2072509153256489,0.3643741461068589,98.47900438684286,1.1059222665393529,0.0183938057292559,0.0173785396247624,11.184423651958584,0.3041988926010993
115.631699635141,115.73786558791453,100.75433441545796,92.63716207323172,110.88049728443951,0.4492151145442642,0.3438445492939962,0.1850734933144436,0.1196662102156866,0.1178455886780263,96.15090892956408,1.2856600689827231,0.0112334702924963,0.2561315506612414,15.648484818089848,0.41080595244596557
106.46645052671045,94.9463091549484,83.77866672246061,109.87158445396103,90.4984206369146,0.1355247528056031,0.3319271649878864,0.2392871416162605,0.1972427909583592,0.1877226231188765,94.38083472544676,1.8146957430267243,0.0423710046434043,0.2598910202842485,12.876813108728369,0.34638719265325135
117.47252602135116,89.63882300022739,84.91031729645944,113.24450688499624,86.13137266497976,0.4794326127612396,0.1475266303568297,0.2219257643090618,0.2885909048076772,0.1001798104297021,85.8232386127784,1.0510722033954274,0.0442192738882265,0.2661640593246051,17.053566893227202,0.3790229123495452
87.17073232630956,103.97531166083374,114.98248163349858,87.85738662858293,92.4129469160038,0.4683812749902898,0.1396394363040415,0.372988240274469,0.3515461908649954,0.4236255420418949,93.3053506739691,1.877738415124468,0.0196498718661862,0.7627547503649008,22.320359172056587,0.8392259574158485
111.09619352964712,118.87305704243867,100.0296474480937,85.75590010205003,80.55745150832806,0.360555092224861,0.4077549668863918,0.268499443515411,0.2954817978206493,0.3806648408657678,115.17006122509927,0.9389195868920404,0.0244012920599706,0.1316477041232831,3.28369636667703,0.191580088447732
89.18624119995421,85.27288871146084,107.1063469445143,84.87330018514125,100.25319726482532,0.3273706884220204,0.3046154201066879,0.1822233624218197,0.2032433043225501,0.2433988964237574,84.08667697888235,0.8180022154480027,0.0243207166753137,0.2160476700446916,11.945105817279414,0.25232613335051907
107.77049742571546,103.2446643688361,87.9910260664023,112.16498104729052,108.61628518463206,0.1037137541694012,0.2669453798320947,0.1011073903055651,0.3260061743685347,0.3816115075889396,118.3320006040721,0.7663298128078777,0.0373684934092912,0.6659191621876063,3.9554672574406293,0.2183352567143267
109.55936015662166,85.24231006229253,84.95015214601378,117.1025020402603,95.90312775299762,0.3248594526460505,0.3774079892819504,0.100005267422483,0.1237767893137238,0.3793849763502221,84.29986109951271,0.2870160082247623,0.0174894368221301,0.7401260193404915,15.24781329717948,0.2534459074506757
92.0379476712376,99.54336181406134,106.5145685105433,118.2249302818788,91.4578490752822,0.4211600591827082,0.3870806283557578,0.3652048970214206,0.382953065524624,0.3958359703184663,94.48126569197416,1.7360018960742485,0.049148535294261,0.3746284825427554,21.79466424268806,0.6971992839175379
116.99233717248109,80.99437965545025,102.207921693073,105.3590044672434,84.23589615003013,0.3897509993470277,0.395203391075336,0.1296078829660723,0.1253086205978499,0.2444479772917756,104.25224695202176,0.38865904108461,0.0124744590091315,0.4320390285041511,2.4346078741495565,0.12477392046802532
85.61358388255651,96.76457277265214,118.64927648572728,103.84170212937492,117.32092886400844,0.3110386858195182,0.4050476215686911,0.233883127516405,0.2100468306534539,0.4125793232474118,113.51365614432596,0.8350798670277205,0.0489506997594217,0.0422867068529551,4.261324141518111,0.19195202144107124
112.17443662451883,98.69526406221166,111.3905379700875,80.7134713590795,84.3657598706294,0.199734740581598,0.4283365507257853,0.1708534198880154,0.2437894091489907,0.2604302437705561,85.74331272296016,0.6882993761776547,0.0127512835170503,0.6464307432671664,14.517956512959476,0.3404145641420669
113.17714459530946,111.87268353300648,89.30562967865734,101.23078362396214,104.24063282800044,0.2198041789230571,0.101342765554805,0.1942037031284991,0.2350614235515495,0.2254499578106651,85.64408896233728,1.5527642848381378,0.0227005610448493,0.4756482956921948,22.1517781770884,0.40620388689936265
114.70955815104044,104.12428629354903,96.50286277094722,94.9673617362873,97.0352834549404,0.4142221985908828,0.1189471050145892,0.2555794798620963,0.1150061822317765,0.4722590264516038,105.13512498646904,1.882027557424072,0.020027730017292,0.3832080474975115,12.693850226432428,0.5349323462710975
106.07724102319897,114.699625270093,98.15587528305198,89.91358251805433,89.46649451990325,0.4160837748124385,0.4928646396952054,0.4640642126784075,0.2263251088464337,0.3766333649322321,91.70986529619113,1.6792421218754765,0.0203853712168707,0.2420604656674318,18.951744297885153,0.6064224405853093
109.84057120973786,112.66275053695642,84.211123194165,82.66235427820713,103.77734655025807,0.2226216349913633,0.4552844751718495,0.2643011479869366,0.2503550167616928,0.4656274976933333,105.78008388071962,0.8099970770751923,0.049786779465075,0.3550167880536817,6.998054691154808,0.3015090783185389
85.84692976770793,112.98656761825364,92.41338695696298,85.7548773188457,116.838818899498,0.4346961150479417,0.4865654213457207,0.1265952342297787,0.1973355512155439,0.2203430991468182,112.82332811718123,1.047575351179126,0.0283340700723585,0.5882496255043451,6.361689221814756,0.3426326917398103
86.62126890941113,91.38880329351744,86.14453580768235,84.6196025466142,80.8459206534576,0.2697408243819048,0.2892520183794144,0.2165889712266952,0.4161801692580114,0.1892976577940226,83.0748204395018,0.6823145687605656,0.0147804225945277,0.0646193186448505,5.898268796756963,0.16900508650585455
82.21581636657041,86.9856588374341,82.13527730508702,103.64575264443886,107.22858107198026,0.3786069253196452,0.4407073262368389,0.3414792956638345,0.2416635703571283,0.1751564968786605,113.7797649231113,1.866965334812397,0.0492911985986347,0.4054513559717829,7.329074411625959,0.3631705617024761
95.74521827328113,92.71964387808198,100.1810494808892,115.00019768938436,114.04526507288824,0.1537384777614784,0.3976698956596246,0.2876527990334064,0.118527820466947,0.4935358027770481,81.50341425417766,0.4578030055322896,0.0197066229327507,0.0277104519850508,22.911608134220565,0.2467435862736867
81.73900248051167,87.25993638386096,89.46979484417584,89.97550303328848,102.8493060697109,0.368521273195596,0.4376730205707909,0.2752754685268046,0.48217544832321,0.1798100083696509,115.95304741155252,1.9159202973782363,0.012901881675689,0.6178023560858744,6.519905179930528,0.41852137584011473
96.65049702812767,81.97016479710376,94.94456553838286,100.9501179487055,84.06687611614863,0.1740544491755264,0.4561338939081435,0.4566868256022912,0.2996077941996169,0.1503145421415914,119.02472566400128,1.673899447978008,0.0109672251823073,0.168814310953298,2.402108747574479,0.19870258136147453
113.3383421515424,82.07847465860416,116.99367476072248,83.96452566319502,113.74299806391012,0.2220865832813087,0.4016609352137871,0.4383967632005213,0.2390618990979268,0.1244934727267471,106.69820809843132,1.495260996921043,0.0285292304729563,0.7227101494428421,12.296234345613135,0.5146352779710526
116.10612575710468,119.1828272234637,112.08103521094374,111.17910163085315,105.69933103982191,0.3662906726291123,0.3957988165753174,0.269605870345477,0.3332390446471477,0.4949485990096333,119.37021219776696,1.6044888991375617,0.0467332947279706,0.3808756624058872,15.524675022736046,0.613496838734349
111.15985418312516,85.38208833652588,101.44272143790548,100.56891480761658,114.3028857649023,0.1979994397438637,0.3291910775197003,0.344384165425057,0.3196428784097852,0.4476518231775183,112.87967368514416,0.8438569120785826,0.0106784189707159,0.3658109811469139,5.072714616932083,0.25145565199739084
98.51197462374064,95.40357984401412,105.5825308494844,90.65853270003385,85.59073643815827,0.3420030127688466,0.303156008956516,0.1492060106644692,0.3812836797173702,0.1528429445978801,81.77462000535252,0.7678013879624463,0.0390070572411609,0.2882815619635095,16.475734546815424,0.31254823700697454
99.11509096094984,96.6755747437954,89.30279762115495,94.70047240460512,94.6556979930499,0.1106279573456894,0.2954124652253849,0.3289781088590929,0.499621624549552,0.3849307177821146,80.15243776809868,0.9174865147433914,0.020416873270024,0.4130887205697918,18.005443824070102,0.43494717525280585
93.09982257650182,95.17856318907717,107.42973381823782,91.8750589828514,117.95431706861362,0.4394361280910309,0.2385552156123021,0.303565873031987,0.4897075962647422,0.2669554208571105,80.83193957689062,0.5678231847363207,0.01876241862073,0.2704223252356681,21.369378603101545,0.3509546946932644
116.65392078152712,99.23641713200314,93.13444820018756,101.41739159320012,113.94241955094498,0.4229161699209536,0.3103956470977984,0.1895847406120256,0.3321674548843532,0.1872248113481286,98.07627839677522,1.5561301490931816,0.0381515914147894,0.2879397040745882,17.006166471564487,0.49902554534107996
106.10349362240407,112.1756731178831,101.3088910426296,105.31670517070484,91.52622456729848,0.1012107959502964,0.1943584061893373,0.1772575329420361,0.2483684708797735,0.4554387615237153,104.93530444470656,1.0813267147605343,0.0399149305805388,0.1564901877627646,7.004820468371249,0.23137344809971647
109.39572649241164,88.09618372502874,107.79192515273994,114.42876273303575,85.28411349206176,0.2551412294394704,0.4380750509963964,0.3222452080526325,0.1030458816890267,0.175494685161286,99.25887290802116,1.8001674270595045,0.0323606102079269,0.2761715598067729,12.443574327350865,0.41298045028298475
104.5751896216768,83.80382992919738,109.02862513085708,83.3797287529408,117.43759290802504,0.4725112180832146,0.3416693784790874,0.4718187434289096,0.2240480081213811,0.3866249513130971,107.08521303258247,1.787167641234492,0.018090217400011,0.6493720794599526,16.503664520146582,0.765833241697844
85.49631720151208,118.35520983636322,112.03536704340388,103.74728017865417,111.30496418518187,0.4088100639589039,0.4902798410945022,0.1072705932675842,0.4808948860492985,0.256636087041666,97.98410536451514,0.5227442875194535,0.0102523256520068,0.1965526649334459,11.789318592659802,0.30677085353642525
111.80459355932344,117.84108251269322,90.13533415356748,103.60303581433236,83.80196790257605,0.4351969622979468,0.3178851672884336,0.3258598172133462,0.24375115527458,0.431389036151279,81.70255212441555,0.6329319701791261,0.0394911117191412,0.6570144918383765,23.194911846627395,0.5045341446559851
104.64662800096484,86.85165216371155,102.59802445889768,102.897220561354,98.63940611924907,0.2056054283351333,0.2968965544714426,0.3240697995069901,0.3970084373709953,0.2886541348166148,89.04666819404082,0.9686203949069716,0.0339845797756966,0.6890501762326622,18.01254077428602,0.5008586190098059
100.9052710205249,110.55693560026351,111.96978866048266,99.68612862301715,103.9837376609045,0.3721131595357975,0.2941176385391901,0.3637282547834378,0.3696573904832593,0.3837766242116975,119.7049694641884,0.457925304330859,0.0269018493655134,0.5330675161662851,3.853171062596236,0.20562440942489885
117.24944942760408,84.78934354004491,84.68414263600442,83.50836047643074,106.31453140162112,0.4293199175441304,0.3162890243839669,0.1773112655479573,0.3718563366476222,0.1308472333968647,93.8345535079466,1.4565092983306689,0.018543278071721,0.0245471398409392,9.039604583585524,0.30426234047810347
96.7443320316152,110.97285664567372,106.8492565323437,93.34551033312952,115.93466189446144,0.1875820089844736,0.4168630114659196,0.2740280577320264,0.2992176670604868,0.494958767393412,92.99062950978916,1.540792396838884,0.0404773757775369,0.4488268052832275,22.305321540835678,0.664550863061173
110.5012858828261,90.82139763640704,94.56768071088216,92.57759920817053,86.30446594499999,0.1940689943395671,0.1078210998143738,0.1445490438071376,0.1978007438643318,0.3903680097585876,86.11168196076697,1.5123631278928804,0.0128358107883256,0.6665191222304213,14.247013891798227,0.37769366129271387
85.91133490168767,117.44509853502976,97.51616148795011,95.3327929110964,109.18742834709512,0.4103288127939047,0.3261955816056455,0.2020185594792645,0.3086967578107294,0.1059830223735737,119.48574888475838,1.0728680495316203,0.035708096208471,0.2926266743416854,3.1197497483293435,0.18485359432865586
102.119722610116,117.4455994735385,111.21205975637568,99.1747825649816,95.05437893923305,0.3727203770967185,0.3457190221636671,0.1087186157526174,0.4268046534531182,0.4053706140648487,89.21837286370395,1.7256283882678367,0.0375359366891803,0.2262578343300378,23.357027871763638,0.5661211975762287
119.46526179697288,108.71040944014574,118.04778640015364,84.73914308868166,114.0213471676313,0.2232894982273252,0.3541506602529224,0.3405971853859892,0.1572721116907481,0.1773037204457463,105.87306269015414,1.3102300567925504,0.0189302915952565,0.2571014439699166,11.59607732441129,0.35238261108418123
105.4829553596483,84.8768671334045,103.53031999876885,107.44385460421796,80.49210743554411,0.3732824544912518,0.4734206585080034,0.3305137282795012,0.327125258223818,0.3586726778815354,81.68189832608782,1.9888206083265665,0.0293329965307182,0.3384611177599338,25.138390341539445,0.7461360999207485
98.17271847366986,113.01598044785284,91.8143610137636,98.34192327194204,97.69256508271572,0.2762313200712515,0.1216688174005375,0.2586015386898789,0.4601008840471559,0.4219787201566194,82.6588932025342,1.677016881691063,0.0308079747759801,0.0561353403539185,22.546537615257,0.45093750374397823
92.07709565769966,116.73767582062216,111.25176141726064,84.42353643984443,119.88138631350292,0.4709694274308261,0.1611326340529642,0.3023831028155318,0.3338912619251775,0.1839702039971897,108.67006789280074,1.5139529276203585,0.0336512769436231,0.1901480794432564,8.810526519978248,0.337369581816933
115.1680009723098,91.35633751456156,113.47586318643752,84.25678127485531,119.96418921896957,0.180388095707588,0.4128131730571209,0.3687407668208826,0.3588750147260641,0.206794983193206,105.40672651386896,0.4657799044056093,0.0460475187084739,0.5175480412438654,7.609094069902183,0.26141963692590275
106.62738944426148,106.00500062235189,83.61762907936532,115.881335955865,81.15998012817877,0.3027077696988827,0.1092279813957311,0.1519784210401711,0.3073003451043165,0.2238689102527651,107.20649582482622,1.7070500658554415,0.0318566040004111,0.3779873935897435,7.436579040890278,0.3251571931881904
89.63312232164589,85.7208750066654,111.07071762768874,87.92816908851592,116.4255290852354,0.4862679027586066,0.2885938893068043,0.1334256625427402,0.1071369389021249,0.3901031495390685,89.23881628585087,0.7847513774015862,0.0126927383621642,0.1978730740007896,11.309006974096029,0.2937283446041106
106.2507615730996,81.44650841978785,80.21719336514802,82.06631668057595,104.2370071059091,0.1686026952201255,0.1751249476020236,0.2695228890562684,0.2056242356613858,0.3466308318984757,119.39555930088964,0.9831000172035066,0.0237988762067306,0.7447033260380339,1.1931649322677362,0.1087526217775688
112.0592724343766,89.54211282509554,113.97635371692292,82.28927760613041,112.03855414566704,0.2942770028895055,0.144580240590892,0.4138963391637794,0.2703435417656992,0.3443337278357202,102.33500648632985,1.059830498085499,0.0351330738741598,0.2364339082236223,10.033752842837112,0.3432522750123744
117.11181720689122,110.88433596417522,107.92483135914549,113.51920874621533,81.60605198188266,0.1015769330130726,0.3505600133746148,0.2131399428123738,0.2977482972839974,0.2190882415285159,118.78192689074754,0.8297934257127422,0.0233256294971504,0.1034542982875607,1.8517081331416216,0.11488164483480068
88.07128442876221,84.99694717222572,100.18123960771946,109.80752513315376,105.20047378305594,0.4985042978568971,0.1923369258846494,0.4651438405957027,0.4671866527319668,0.2684002611737471,86.56682211901521,0.4397679002265489,0.040717609124658,0.1594786929671111,13.962234877502087,0.2969937496432673
114.0452439904774,86.20851969764364,109.38484367740648,87.72165963475616,90.830350052712,0.2216012462093425,0.2524142187595165,0.4957356349567192,0.3475184909350424,0.3179120951282554,96.2039803936512,0.5988867338046182,0.0175962162437709,0.237267845290113,7.698497723035771,0.2543251580084168
108.39618789125215,119.20819139594728,104.46174423908278,82.18001259965182,104.65235879710131,0.1143671525357709,0.4391372121588103,0.1335221823228796,0.1187889468137525,0.2099432344471968,93.42742075953848,1.6560662952564595,0.0157202045768135,0.4180472574321266,16.581124367434416,0.4599577895910727
81.69402206320669,115.36582845467268,108.38313140402482,86.92511385690013,83.66884023296792,0.2903154420230073,0.4581155840017602,0.4160315196331354,0.1790528578023372,0.2488318113709106,110.2029970682345,1.3914727314055009,0.0192413067890394,0.0530565439709888,3.7670828829903305,0.21981322718347732
87.34132915521276,119.2010871821677,98.3424256983396,111.36323793365632,105.45633368431108,0.4120961058475531,0.3108369789876389,0.1697967768096317,0.2584220810713333,0.3503743218038827,109.90285744420363,1.8999726091906737,0.0450434002119147,0.6839536604029477,14.859988625905135,0.5923784745127266
102.8965259983455,85.80521018660198,117.8409781423238,92.05370530058872,103.1206886323017,0.4892902699235338,0.3647248219425636,0.1064780648925587,0.3820033106530113,0.2003459229828922,99.46175173278812,1.6868696188900614,0.0372373880422023,0.7019813154913755,17.43700973814607,0.643244058384382
107.99103778356265,105.96932620981237,117.62377638782074,85.93755959680232,100.33410953787768,0.444863565685526,0.2535559632904554,0.1798460151017201,0.2871788746040938,0.2020791897260022,80.64592016869345,0.9538853955842016,0.0308019460607491,0.2546804736479106,25.877982258284785,0.3923884539401228
96.16137562963064,98.96674917930471,84.76870104790979,85.36378439491061,91.1230218312503,0.1943285953991402,0.3293047203093971,0.4069385083403518,0.4339817496639503,0.2590679481881564,87.00822836719777,1.6258607632461506,0.0220134914218636,0.6202499401467654,15.485965690469106,0.5903581116144991
92.18818415043324,97.116128547254,104.43950188146512,105.38516469673051,96.47243586342282,0.1267215054387757,0.2935899993862213,0.2735125908113544,0.1787915793012157,0.4584579604576481,82.01062668438655,1.258751086810455,0.0467436335977415,0.4797541859071226,22.79354891601916,0.495355557301148
96.35132437714788,88.70514106787849,103.53224993636032,92.68163645268952,81.44239337109455,0.4896593012082756,0.1206988752132325,0.418298551942973,0.3582866231766155,0.2045745032663632,113.88058276996716,0.7510268949437028,0.0455510561328976,0.6763552062093596,3.52074038576818,0.2267945077697331
96.7360017662744,98.9653070036068,89.02371472816844,102.89831732488464,102.63087601727683,0.3540624473131252,0.1514572766733898,0.1277626033189989,0.4973956300209042,0.354547943383464,91.59086269191069,1.9564062983375436,0.0259760181866974,0.2215730399614865,16.19274230422856,0.4969368496035011
108.08008724441486,105.9179392880484,106.09732226084128,92.64856607296171,111.49728887943816,0.2012890498132934,0.2800135823615064,0.4800352729191361,0.2754900273547239,0.4601778128009377,84.71690547602692,1.874859238369724,0.0401089535068302,0.4881885924603088,31.380896389599872,0.8595080727921558
101.96577534398718,97.2567278071956,105.04049923764228,94.42629337801016,100.50956978427033,0.4475236791913847,0.2376625264363373,0.3784036016308411,0.364199401513037,0.4084847482479368,94.16689461126364,0.4463472941368006,0.046542556631736,0.0581558459852803,9.838905308521673,0.23564438083148764
109.46822753928882,115.45611546894833,116.84228789180769,100.14531700732395,100.81100458962275,0.2463716657069942,0.1208945993992531,0.1684156964450044,0.3466214750695037,0.4100400747589414,83.09157264665451,1.7189875929113878,0.0225341364228449,0.0075616424046292,28.703919884505062,0.39506820274294807
111.99481643055346,92.57802766976803,113.49529449380276,99.76566586069694,84.63426897341074,0.4024194538142384,0.3334726340460122,0.133903258285957,0.106915450874325,0.4128567029288291,119.15428539595987,0.3859517595803547,0.0231487337450878,0.6997583081928992,1.120448187956287,0.09742069586945293
82.88236588291775,113.67972844157852,82.22271667627511,91.22445744534625,93.36520162006184,0.319750573675945,0.4130848410926031,0.1651153845917555,0.2629692683084574,0.4676677148311893,92.60031605391195,1.8754335891008345,0.0318322517101886,0.2356382242850573,13.388242455986346,0.4849790087051312
86.91977780766375,92.55573479207956,109.70770266900342,80.58731374240283,113.08693698082746,0.1686391964988662,0.1246107615250177,0.3613869535126993,0.3378145362487025,0.4808122023430933,117.32266795559212,1.3422905749235725,0.026334663555004,0.3563286071170808,3.5819108919249847,0.24560925944195464
114.26192094298231,94.89046292766191,86.14451596242539,104.03361631780324,84.78690223459577,0.4625873684219503,0.3997721560882284,0.1076628951513008,0.292154787362624,0.4584407746148156,107.30914763442102,0.5415189277828301,0.0404591830281046,0.1854235072897628,3.426643015731205,0.17617945372554153
94.5967744431301,118.3371672360389,119.81857890334548,110.88419565418344,92.43846039683064,0.2734604352457909,0.4848582878451979,0.360995192257593,0.1437828510171176,0.3037088300746734,102.64427949695974,1.6802092626638911,0.0314772106734567,0.7014459649985018,20.768187011560837,0.7178782131179337
107.5066019666437,108.21625461936053,95.51366780654598,105.63554538344638,80.42910579902706,0.378246854258059,0.1261475888958483,0.2378598128283069,0.3868324252215945,0.1628285449228136,99.01987988489827,1.1526182213361382,0.018474218344814,0.3076273575778698,9.21749335712908,0.3255017887607027
88.36230634408966,101.00353211869044,86.55005217033184,86.63627471506135,113.45217162200952,0.239335959308209,0.3759641289868936,0.4102163607456456,0.3074047175301682,0.4827430110800038,107.49520427213552,0.3542122806907419,0.0242554906872287,0.1432950035280726,1.4406229406334765,0.09740902807403799
119.56532010734422,102.23877712113791,113.56278923526854,119.6128665730509,85.66383554275099,0.4701323435195986,0.289374821563114,0.1641097640445289,0.4091726255535833,0.1972558301572576,107.45101334184672,1.6472479233855342,0.0368495620969269,0.4863943085814273,17.380000211540295,0.6381321397655109
97.92982453017405,95.7029086336768,83.2019713458474,110.21320691178978,97.35116109290372,0.4371285239996419,0.3348577364620393,0.2576372025590986,0.3225533434330176,0.3131235073831709,80.42084243043058,1.6295918307310764,0.0121373697528214,0.1643706608665681,20.539783502649218,0.48892954527256005
98.77307736761604,86.02691895252961,87.23706608923473,116.2841448862486,81.78596355897116,0.469893138359967,0.1857452199046251,0.4712633810206705,0.1125364165839422,0.4076813126132307,116.31134982113358,1.0936049069877571,0.0236866870057851,0.2085519089954294,2.277461148047755,0.17009563077240528
89.31409139774826,91.68237321258113,99.60790169606346,103.45780692059184,99.73159903402666,0.4678672522846261,0.2576208763946118,0.1292268747981069,0.421867012597484,0.437145942276694,94.71853681750608,1.52944191636496,0.0106438444637472,0.5382360436647654,15.23247601400285,0.59612011204811
83.36461338227528,89.74669816222854,113.74353539050163,105.50354801913836,105.96596200537098,0.2345029551953814,0.3074373142743625,0.4237876272040598,0.1768171909000478,0.351590302556508,94.13092486171982,0.3202595757728685,0.0428346782528434,0.7673755578224384,9.752948738649797,0.266639459416245
106.8081302140542,110.51612076158116,82.3243392688579,94.6643353973045,101.58109741046717,0.2722522638063276,0.1697663009017054,0.4325760829003838,0.2298723328799707,0.4737704462620065,96.26362175531978,0.8066865444258406,0.0146875972699177,0.6038478944746448,10.702832495369616,0.369839905438994
93.53825933189304,113.77915493148744,99.30290034349176,110.74510357837516,114.08062067524676,0.3275735479279208,0.3058039925538953,0.2693223776877436,0.2602683559425222,0.4271865099348416,107.41131221235736,1.4281391694817345,0.013088188834055,0.0993139041073165,8.773542616283153,0.31748497263215797
100.19165931613992,116.382089754854,103.48495762147924,114.01097195334889,93.62363182366096,0.3710003397944504,0.409476052449369,0.2684336638444834,0.2045748898810941,0.1347460874112728,95.04070944198747,0.6535600196682305,0.041463720666651,0.2500457692661502,13.986989836818779,0.3050947012589793
99.9526783412594,101.25644164018313,84.19918863584283,95.94210026806162,116.69350690206704,0.4106623959936178,0.2661105722070817,0.3036894368386732,0.2877372940788181,0.2724551425476961,94.95324247708812,1.038219914424806,0.0135802745043557,0.6370919606505123,14.90611791930312,0.48229454007918904
105.2332896145897,87.1002632974787,93.5542254243842,87.66412038650799,80.99292527194291,0.3735598308271399,0.3434936463034435,0.4888215194577222,0.1555615630596926,0.3294077252930867,82.53859518513775,1.880906827880768,0.0373705017096379,0.2201178883247062,17.587499818336852,0.5093934361778143
117.09841834016106,97.92829313027484,92.30140289683143,103.93908766230946,80.29257825172063,0.1252960653609256,0.42316736748328,0.3465245333004372,0.2713515263970152,0.4208942618575785,96.66566657707712,1.6968156125028195,0.0251945430303737,0.5920556428510587,15.520044721962863,0.590696148381238
91.12088426403255,108.12133862795572,105.35079092277051,119.27223790170142,104.81430838632176,0.2820010433966313,0.1911144381253788,0.2890003044441347,0.1283327186549356,0.459144443855755,85.97913908175015,1.2264939584097352,0.0428679783567576,0.3774339532821,25.842269017934004,0.4884755840154532
99.1002349451093,110.4573025273603,116.13311487856213,108.82783786873406,118.52844894197518,0.3923833498937844,0.4041263144860111,0.4497973216073769,0.4166290355260335,0.2727410361013759,114.2235701623912,1.2592535790128858,0.0173140501794535,0.7075268219686025,16.2276131968319,0.7733585862853863
111.28020682952707,114.67205753047706,84.56416284734549,109.29654011975153,97.60354798109476,0.1474545606101798,0.2493459119923811,0.4736338857518889,0.4796361964925518,0.4071483462095182,93.38044332789148,1.802260530280168,0.0133766829423016,0.2873192764494678,19.11304009536519,0.6066168131516859
102.124152096451,106.16409637929428,118.79260466822278,119.38312325726498,91.5291298195162,0.181772233228555,0.1777799433856642,0.4519086043522882,0.1567663692044499,0.3336549909329956,118.43469592246682,1.7603534286797415,0.0191362980897646,0.7476571653408352,10.946662685771644,0.5325507751355498
109.35013989751664,109.99934151741074,93.85971445252196,84.95479099456884,81.63787841142879,0.2513006729116271,0.2208044031844706,0.3709528102707922,0.4838276306607751,0.4110534952961194,107.38112010267928,0.4045192851701944,0.0472854013924124,0.3259477448831152,2.243270124499806,0.1360048486621386
111.09372510116714,99.58798967267624,119.42160677979705,98.59893824774612,119.1166791629536,0.2944650372406215,0.2762846032808865,0.4630656753289547,0.3312428393895016,0.2986556092264781,110.24606139309294,1.0647604158712398,0.0431648389265726,0.5809885687943475,14.630954684056556,0.5161361648638623
96.4630400877624,111.7472860223989,83.39277089247328,102.21846840551056,112.08239147942896,0.3731343478125692,0.1948615268518105,0.1254941950299518,0.4420445761941376,0.3429046802797827,117.91004725610983,0.5839938937500212,0.0214314922973428,0.1561556459360751,1.2815275924365606,0.0982208453456683
116.98806668879556,112.90332362469726,81.47882908804696,94.90809365226936,81.94793889255405,0.1659508404900275,0.2192191706002988,0.4959734050358123,0.3537694529854621,0.3544448563868489,89.5573906326666,0.39563457490372,0.018244565647653,0.4246315604227891,11.00349532403217,0.2628655167467881
84.37129164458231,107.01222514669936,108.53032785246792,110.94882731006506,114.61826192222652,0.1288654652834888,0.4875966936975727,0.4571131558234883,0.3191129769052881,0.2237555665803494,102.69163878769068,0.7616921401856179,0.0162736755151115,0.2481080115054551,9.816536490981191,0.33546556728789745
109.5772587390604,112.03486368426528,81.95854839293116,89.38140601765194,104.87591093500984,0.3792220913544367,0.4333497577887476,0.4144485639293014,0.4908189488191515,0.354742159466777,81.62903217978248,1.3186266593542884,0.0188481362411624,0.0101812395604997,21.17278016879352,0.4615242393574083
114.32501218499291,80.18000499758637,100.585173684654,107.09149597457588,81.18429156514453,0.2284901726235461,0.2991710452274134,0.4265268671802465,0.2061370348861509,0.1925633019775965,84.03034751822777,1.640148061498928,0.0182017577369319,0.3498190043474363,18.7739772573602,0.485374415596214
96.05422230213551,115.82539525534789,106.86451235423436,89.5063345344239,114.11124518527652,0.3899338321305883,0.2777709706061643,0.426628158075889,0.1574734344635955,0.2342785852597627,94.66347679875152,1.846833646670042,0.0455275147397243,0.1379971289765408,20.128442287830374,0.5109225202375974
93.92125693638056,114.1337868457624,91.95774604475622,103.61281003532596,95.87760270991336,0.2072399626360405,0.3791472592265094,0.4037316853306598,0.2824010783546225,0.2912117505595742,107.3000740249976,0.9901732358793144,0.0107994363345666,0.7668681974449632,9.307213757405286,0.4301286451957576
90.99300203020267,115.46230248687476,87.50374727757965,83.39246364943052,93.6770775418264,0.1528127531156518,0.380731237525221,0.496927053439699,0.4111687363327237,0.1892449292750512,113.26774409622138,0.989065378294416,0.0452049003844199,0.6468710146159543,6.153580839294941,0.3420707398954602
108.7055659056627,112.29726423905126,119.9497348026706,91.8544822804466,96.31767804525128,0.3492490958376942,0.2179827242657012,0.1120706211665131,0.1719291422623334,0.1410374289055365,90.25616809893891,0.5181919587361051,0.0116569883334821,0.5916201004171845,16.915515238194544,0.27152063609472693
85.47285112118504,102.99487718492134,119.9032014905167,108.03524040482634,103.80851361653488,0.1783730214272776,0.4182417685796014,0.2171328536121727,0.4028159803780448,0.4795450219371083,109.96308854550428,0.5909722466961751,0.043073393220539,0.3626656253569516,6.135194828175696,0.25147624398569224
95.69476371687176,116.6119504114222,99.87666384521398,85.37467653252246,94.61513852796534,0.3297092460271099,0.2941635768040218,0.4000508702361055,0.138836055957236,0.271284834993954,88.97164629792199,0.4293660587264246,0.0270298894576634,0.2072838593366524,11.489314658931464,0.22821715785094182
82.68666675391067,88.07916150755126,80.70675123999649,98.13119666000654,105.38161059807187,0.2995298379728243,0.432420524159351,0.4256870640925198,0.4393061439399924,0.3791491711470808,80.24222424465324,1.957825956063374,0.0130882221846989,0.2594904402391071,20.49326202430207,0.6597623503329574
93.73169849515632,96.81527086021109,118.36837091378304,110.07852486299662,101.63426547779804,0.312222322873935,0.4311517285373528,0.4493129661021079,0.2921938370635255,0.4942647631555087,82.17652099822938,0.4732955137270116,0.0419602082876985,0.1634913308035296,23.602580414184025,0.3652390463776714
91.381635004473,115.8798719509198,89.40388467522638,93.01370922066708,116.36259257691792,0.4499272499916714,0.3041878661685632,0.1277150381388425,0.1897968203487585,0.410559431750514,103.42234491222884,1.5741242885217164,0.0202575883439423,0.4415109285113442,12.139991713258794,0.4889397178173997
101.18168221140289,109.69271797671908,103.62979176655064,106.1375683603798,91.97533166059304,0.1444617027994739,0.2879200265277053,0.341940876841891,0.4513387313482061,0.4388455451573919,99.88590184377254,0.806087507791869,0.0451211221048359,0.6490211196548876,13.020606538278848,0.44434599859282253
89.65488246506652,92.8996938867466,86.2176625633369,114.9725746116323,91.32987733000456,0.4057111684238931,0.2630776970444796,0.1568997017369188,0.3678597238231391,0.172515448995389,90.81700911717728,1.1900086490730457,0.0400903061683058,0.1499287016263628,11.540694739381513,0.32526625740087184
102.45957577657538,111.67897700565496,111.35296437502852,97.53545034336771,99.05029234346902,0.3245257933634463,0.4922712729853378,0.3201239103229099,0.358222746904179,0.3710301887664695,80.26191434411307,1.777242871182461,0.0492708189186918,0.0036379596285863,30.304271168025327,0.5415348764719268
119.788069957401,106.98389907916096,112.58553772471532,116.10215876876929,111.50359344917356,0.432155343070202,0.2739922712428195,0.2990039604209991,0.170388805569836,0.3458719550950008,102.72041397013604,1.8882930400798503,0.043274915625236,0.1004852133417372,21.61690679930483,0.5441147708675078
87.40717379814271,102.48682934950288,84.07576629258179,106.11688506255992,118.21397712751244,0.2183032025297556,0.3030498995554798,0.4066228774039592,0.1070279618727946,0.3255662106337492,112.70426547318608,0.6704030580152232,0.0196384561378774,0.3687457194584295,2.359863633332269,0.13851560097219215
100.50928257200444,97.31889971471068,81.43371005672653,118.39098089316882,84.12010736520635,0.1693780069242759,0.2117533359135414,0.1138853120347991,0.1677851040743609,0.4946517573148608,82.74179511693514,1.8447214558801464,0.0263686080144109,0.0148768252739682,18.388971799694968,0.35902042671379575
81.64316373219388,89.84266446019754,82.6212173567353,98.20471369647048,100.6435120502845,0.4994091044797247,0.387939167955859,0.3447427419084774,0.410802781239706,0.4586217088740647,109.4589782957523,0.691091760198565,0.0378652120600554,0.3226143020388957,3.331322877429872,0.20359253365806695
92.50279796114336,82.03841930299544,84.46401472996907,95.38017511959713,82.42113803306144,0.3077220238261633,0.1141135997670804,0.383758328232021,0.493841000828969,0.2032211823887845,105.3817040785627,1.6583951046026872,0.0226425982509804,0.088926459327403,3.924055278869261,0.26250820798699254
107.92758902439654,88.28082166099247,92.08286275134554,95.7650310871239,96.66438532276592,0.28538622618444,0.2445097604205124,0.2561869976919453,0.3885599975501428,0.25136175590242,99.1741908880454,0.2766881595023539,0.0318601447459458,0.0862131351156452,2.0453359658489427,0.08996496699721089
80.06642830699202,84.4828148399479,114.51058254963512,80.04932250047632,100.326694232515,0.4764336501834907,0.4158633815054241,0.111058810035078,0.42741955281349,0.4091429689754634,81.93365419904208,1.1866550834708278,0.0195058847528618,0.5700888134912575,16.98954076909412,0.5199840647977655
99.58008026028833,93.32376644042552,97.253080805858,111.22324550106336,113.64814824859826,0.3065974913524934,0.2987269586985654,0.4342107613867814,0.2699141156652139,0.1637849373173193,116.94285665569184,1.520172201658428,0.036518034443465,0.7995977674852406,10.81481992458535,0.523733590995867
90.41394173661,92.8996176387092,89.69931412113331,99.1945360220426,107.33033430635253,0.225159533139613,0.2060809613429957,0.3724236118605801,0.1715493400163381,0.3579089745731229,99.09763955706973,1.7181431955719233,0.0236853592508967,0.1555852949694603,8.568134089502069,0.3103163079326188
89.13011501853683,93.22942968219466,117.21538470356602,81.94277159387832,98.43078420958264,0.2863867789055048,0.4358643717647127,0.2939994972869871,0.4719215738277532,0.4601876511542351,95.98427843524816,1.721975551190718,0.0122071215334831,0.1836712937171773,12.598825218885388,0.48860266742205993
108.46232166387112,86.01816046229897,81.89496080021928,85.52821486554123,116.75292774122732,0.1741150316416091,0.3744665409407535,0.1858498996483101,0.4293217224921831,0.3542892618146277,114.4590160835094,0.7730187084851696,0.0487109624938565,0.2371345870906414,2.2773663978281844,0.15800928224056018
80.37039127284494,87.53287899245407,81.25134051606578,84.42517870248813,104.80597146513183,0.2176470777126604,0.1996494513534026,0.271831062018172,0.4202891885844524,0.4184646436157807,113.82312915934952,1.7430118165917317,0.0437561427552696,0.628087473438748,5.678877111938424,0.3360831773529482
89.66555634956343,102.76848201722709,103.60781531064504,113.97741332359116,80.18965571647496,0.1133504902219741,0.22091488618836,0.2691403853878871,0.3342328053776973,0.1598108035258796,109.09043812000095,0.8163822985687273,0.0221486709043526,0.4047150116052103,2.9583646063307016,0.1572672041309903
114.13477837369469,104.76476345707896,86.5097394441983,110.91749552541135,114.21966167162344,0.2341132082115699,0.4542388082271835,0.2906190053654598,0.3976572904173757,0.293911402598536,113.17439931600036,0.6590928937104429,0.0151849920076017,0.4565416102274766,6.628561577046787,0.290837708635748
90.1705393501663,116.75174723610724,98.17829721194632,104.13697817333286,119.38598134470575,0.2859930305601854,0.3487702100334016,0.203745804875847,0.1999208397225,0.4957415419566436,84.97313923931762,0.2525782220103659,0.0394090469306125,0.4372057203328819,21.74949115741849,0.28202409768144693
94.46144314556796,112.52637383280452,92.7359647131384,111.96854088965964,104.0293567545057,0.4475968037276889,0.3951019585798578,0.1548578156222133,0.1120898844739066,0.1701650016788372,110.43662220321367,0.6625016964834582,0.0188269112710949,0.7498970825740319,5.391341596855043,0.2527848178007238
88.65422780901605,96.56104375156946,92.70542537454249,83.12433572321456,81.1933908039879,0.475092385803008,0.4265159080995951,0.3092304049954305,0.4875122365473509,0.1586328411609204,93.12136331936512,0.4572679416314474,0.034218162949297,0.0278823757887234,3.0747987338539193,0.13592272033113367
93.85914621628724,80.76136591269946,86.619510303271,109.00733283403476,108.32364942734353,0.3236601760024147,0.1732888505594839,0.2225714419217223,0.4760540075852902,0.4473114066194734,114.69979173873112,1.4311390545482428,0.041163165133719,0.1263324841788822,4.792652059187581,0.28325596228358974
109.54321545829532,92.68612684519915,115.6007782847078,103.75322192113792,85.04105366986506,0.1407195142522344,0.1998175222243754,0.3378029878328202,0.1245411149363297,0.3200338589405749,94.80925863947436,0.5033783485815504,0.02089695453533,0.3056903856839045,9.073867864449246,0.20833126712193445
85.74874645822136,107.72381707718806,86.91775745768312,100.29170806328172,119.67097903714844,0.3337965743176042,0.2163868725321838,0.2172491920500493,0.1916317075080283,0.4742705480784172,82.17215808480302,1.2744211560529903,0.0213854654050035,0.3904247755686393,21.72711143801635,0.49099349559221306
80.16030418933357,80.66319207590227,119.72338327722026,103.38555336536662,85.07639902074052,0.2555484562796309,0.3341076252455561,0.2206298297014058,0.3810656017659617,0.140576508423457,96.57520947081464,0.4713185795191396,0.0124645065866088,0.0911495279022359,2.9265501086207446,0.12249939617098665
115.89208799016374,115.21521200510767,101.448016524455,104.87168119443028,90.92748766003506,0.1286566172378656,0.3977135042327545,0.39066718332614,0.2060005344562649,0.2420186850898753,110.27108140305444,1.4827324325082292,0.0227939263013114,0.7145357274751266,11.917734025501996,0.4950712608935448
82.02078785488021,103.78270435563458,91.79020772811052,106.54484186641407,113.44980707370404,0.4829042005331289,0.1417321179981257,0.1732588266186684,0.2720153459892933,0.21283956242221,100.0372824391759,0.7497046278837668,0.0338980427385931,0.5422871288452766,8.501878241202837,0.2828078924244616
80.72642175657457,103.8285509874291,89.25122158747409,114.95553991615203,90.14658026247314,0.3596034194528829,0.3762406891786738,0.3105552335560381,0.3444789205611079,0.273368332808138,110.54535647235872,0.7902186783234337,0.0162318730429377,0.7457946862877031,5.341881966432308,0.29786723711010976
104.43080532941671,102.14163360358448,95.84666000236996,107.10483054399177,109.03078538861736,0.4041549014900664,0.1168393991385079,0.2251565346623523,0.3737720165579576,0.231858043150153,81.41094963464428,1.370674301451347,0.0481233117718864,0.7526409919649215,28.97548611260866,0.6134991563164021
102.67751181277546,110.33688948739017,119.33668303971751,96.7708955160322,100.58332207542124,0.1314141121771798,0.2380053713867101,0.3845979087154653,0.1487939461013271,0.3898525456846619,87.08656814404117,1.893154316492745,0.0388966293341541,0.410026443521913,27.501343558915007,0.6039456338204631
80.49879511764853,111.84114225241514,100.80920268183976,96.3184572144226,83.76287852357584,0.4101822865430302,0.3541202977690796,0.1976936194232577,0.4221181428780246,0.1857770007113861,102.54431724171177,1.985301837424706,0.0181560354907814,0.6824065909023997,12.423401381102842,0.58186197806406
115.58625686701588,95.80028960162224,107.3032639283688,85.97496625472603,118.4619851816413,0.4623283808685402,0.3826582796568328,0.1218879706588239,0.4197148474646652,0.3025734161439629,95.41255015390526,0.8752113202415204,0.0312246668982597,0.5894036733147888,16.725897085003655,0.5105109934592663
87.13767047287324,87.98167971597961,114.35931442230856,116.50330976567724,88.48589630093205,0.2810595585252206,0.2682044770793947,0.3426520265763667,0.3898314003131845,0.4583906462898243,107.207029746808,1.906071503129568,0.0256576353633032,0.2884065374070545,11.96892132217958,0.5095018689756622
98.79203552699312,109.3397961825132,115.13462935243206,95.1621078014922,100.68077947397715,0.2091779251788901,0.3523105091641695,0.374537044587252,0.369918855914757,0.297200259113188,118.50216932481688,1.3215625695287532,0.025294126283547,0.5258794238371178,8.262435523394664,0.4182007420532188
109.6686564207894,109.2454390661118,111.3184052010434,102.79735274566106,84.184603872191,0.2564090192814804,0.4049515268268366,0.2200039216163205,0.1832212649592972,0.3183316775040495,106.39447842802056,1.8363200081122204,0.0323995279874486,0.7621979346024776,15.428290228638183,0.6032351015760778
116.1589316351216,114.62290157284112,111.92389743273333,83.99449908642919,88.17589468325717,0.2070443430648708,0.1132932651058156,0.1206302973529221,0.3780042105547498,0.4892583383968293,96.694515795304,0.2987412592825207,0.0143260263595313,0.6112072300677804,8.376532826976838,0.21030915592444346
109.74401460430607,80.92560378327786,119.1689853482912,95.08578721422722,108.77250134763294,0.28187535345043,0.1588244502338937,0.4272332842117412,0.2045743587894879,0.4982505846415522,101.69456073773362,0.3080524907338708,0.0186125450340561,0.5675296949296658,6.616819073173707,0.22602715477105914
115.50284353952172,95.78519552600328,92.76529954398664,104.34964515592986,103.23957494992204,0.325305666330824,0.1930530194240402,0.2984019078097376,0.2341525087318594,0.4117887938507791,116.5130592678468,0.3805044609821494,0.0159872121866579,0.1774971947363565,0.8128196098661378,0.06609113605483498
96.36559910499189,104.07099023470836,117.4152547826598,98.70561026506384,87.86968723002525,0.1423263543232223,0.4428010868130193,0.4069347577056539,0.444545521560595,0.4579974984166659,106.91956986648852,1.65768775338416,0.0169591677742804,0.6649027927211664,14.619680334494948,0.7013950021851325
95.08823931532017,95.76427930372476,85.2443477210488,86.51486002218219,107.38248293574708,0.1919111291772325,0.3084023228914483,0.439968888066551,0.2509551888464446,0.1241630307182529,112.12717991018113,0.491423836437958,0.0362086979218214,0.3117318023692547,0.5866235337688154,0.05614976266975798
93.57911016835612,118.1959356742323,89.7438698143443,83.95698020419289,110.14018252001031,0.2166537426154066,0.1967681245899243,0.4480250474756418,0.2855385397636593,0.3734176949785253,92.06073636406134,0.5590237703696117,0.049846595510317,0.4992623342874209,12.126098463539336,0.3161687379756452
115.2414420767148,91.12453427485951,88.08352406581912,87.43064539484348,100.8804920546605,0.4848476598766341,0.2196751409540815,0.4044798230109583,0.1091056486074885,0.1416464701246113,109.7728462735309,1.2744498284759298,0.0360442446116738,0.5421816820122279,6.549417710698163,0.33269378132482985
98.73666564987084,90.37759359418138,81.80692467957705,99.25965361305124,118.37329390542432,0.1647460360013112,0.2249673347490033,0.2611948860517513,0.2908063562929017,0.198132538513359,85.57725477359448,1.925530258620673,0.0493889408822558,0.4121931413377142,21.56394349769869,0.44378228173270684
106.10076803010654,99.82026226514472,84.42768296118464,90.0974516219835,91.79095798298172,0.1264861278440543,0.3710092367360973,0.1094645414137057,0.4237882539434899,0.4716619300604806,109.99102465620872,1.2424468523907697,0.0330802942235917,0.1324682001224851,3.8547726643627147,0.22698011717881683
110.59214210428937,115.06843189058478,116.06567414265754,119.38274433003016,119.29466732418128,0.3841475654638537,0.3383842069099327,0.3628074117314531,0.3608888186470377,0.4726820544266003,115.26234371209698,1.5320426515214014,0.0213323447836042,0.5579650024318475,19.78542046701564,0.7612202567731353
118.11996531071928,82.87288562011537,85.5117414371122,92.17866105904132,102.11593016257844,0.485722348477587,0.2706846567632887,0.3468316704593672,0.421122821493669,0.100415262868855,116.00929868213689,0.5785349611078122,0.044892193217484,0.1977938592202033,1.6489971710760265,0.13136727221627217
83.87911554821918,113.8318783120857,104.67024716309236,101.6945760920882,86.61245293469165,0.3108063667310863,0.3611505359270791,0.3868821798950327,0.2475157637585124,0.2182577682446369,84.66360244210591,1.8498045930101257,0.0126876438072309,0.2122916515808951,18.668998647607065,0.5039244712563641
90.1302189760079,86.41248099929032,114.07732631179196,103.36911440244872,109.40517710078534,0.1728570266271634,0.3231262196210738,0.4677213729008486,0.4583912602896193,0.2439863708630769,113.19528210294936,0.3477841349908461,0.0140971175365583,0.1014331963485391,1.0413959004812814,0.08075048173669874
91.84131451640104,94.85010548353108,96.19419857706134,110.4005988697614,110.89411950698272,0.203142055975281,0.4155175290683108,0.3899920072976753,0.3021359324549969,0.255612103815543,84.39746091072146,0.7449332645441564,0.047904976355074,0.4959538132039298,21.012422629988773,0.4375487725144219
88.27254110056127,117.66155426952396,84.82621349774746,115.8448832969452,84.01582582599237,0.1495191614980699,0.4140554356368946,0.346985777432679,0.2507526718952066,0.4675151904267198,99.13587813131052,1.044017334826454,0.0360074079741503,0.0939245930700502,8.331644148070348,0.29597063902864856
90.58159244605244,113.85914144271828,87.17968289384349,96.5427172523988,97.99437199776506,0.3638690825647449,0.4716955467374985,0.2897649841358576,0.281847129625572,0.4748957161256318,107.3008611874466,0.645801270805713,0.0471584809560374,0.2761734598436757,5.1476297306198555,0.25003895465143855
89.8103589209284,108.40980805343946,114.05338597608817,114.98300559422287,93.57288582946244,0.4839165712974133,0.4843069275515544,0.4275589575629771,0.2849624579297354,0.1841197177076235,99.36996446046996,1.4115814246976857,0.0153154608044448,0.7116177585707679,19.281114446970793,0.747072679297548
101.23401577151256,89.93625615462607,89.79186006200581,86.45016251407696,117.6007604323006,0.2533763525111313,0.4753189966071155,0.2454217180321199,0.402686970729415,0.4692017404364431,93.59638408840588,1.4378867581064958,0.0407304381423063,0.3624528237438745,16.57224352729597,0.5742826754510106
115.5195531442232,111.09434853310768,100.70646085150916,99.62431662047489,101.18982664729992,0.4881568651525718,0.4790696587501425,0.3220230390889104,0.2967520298603481,0.4950562035071945,107.3528462998342,0.6207515325769173,0.0193924180234668,0.7156037732376321,11.383008815234753,0.450544153848794
101.46272054308358,97.3825233879076,85.2701933156827,85.02655411474144,118.08998863382732,0.1872716818321227,0.175012104673905,0.485272919098334,0.3756779287296679,0.3145216039192631,106.43515100427577,0.2650347202807729,0.0237341673720141,0.3941735727224869,1.7119020765713977,0.10175838907699304
99.28123038345402,118.12822099620756,86.5430751084044,102.17666208159734,88.30869013406156,0.1528199171365223,0.3052960996065317,0.477688461408622,0.3411565293394687,0.2618514489758139,103.31570620662268,0.3800551839836416,0.0459596550573854,0.143067046684332,2.9304480431576465,0.12729290023696682
90.12738424506406,81.20218315044715,84.75813242960845,116.67393630516784,92.86131965929329,0.3204412005860513,0.4544580348071138,0.465139464454131,0.2600352662611581,0.3432244009737288,101.13714659106928,0.2507487987977324,0.0264502139710628,0.6071325574300501,2.8357589432006463,0.14667901381169016
104.32516847658366,98.60056527957092,96.01804980981112,101.27544365384271,87.48955778461367,0.2116810450731323,0.2804341184633906,0.1879530547132571,0.3125889047462301,0.3312960539858648,108.22959596489352,1.834439002120373,0.0368214638778702,0.2827579508976854,7.477408791677147,0.30258975856967935
119.54415594078309,112.73231474815452,109.66458530926062,98.7503718805581,86.11508488505343,0.2351346944523092,0.2088473202554592,0.1604102426525807,0.1558174664824639,0.384584446285647,96.12148226804608,1.3379149666385743,0.0454910421696738,0.7731284839918334,18.244389251691224,0.48606697445801017
116.82663433094272,93.6554826952691,82.00426758787735,93.69614707242516,111.77828121983538,0.1886552014290813,0.1471908084426242,0.4995486759057155,0.2039666007556228,0.4584193261712529,82.75072990969353,0.4922617318978409,0.0448349571348725,0.209703380357615,19.21896166684833,0.28712154916697463
104.90834979952832,110.0335433897944,111.7454153544951,88.4781844432217,116.9513326437272,0.343674381500767,0.386028066722726,0.3243675645998541,0.1723244780239875,0.4388206285810411,101.49818040764896,0.4118976138472705,0.0103562901529326,0.6577179380704754,10.18284952631001,0.3218593620688526
97.51958411681493,105.56054597056658,80.09235090346968,119.73473993644711,91.2358554385662,0.4311891065947136,0.239874186140107,0.4055402785645855,0.3172161033377711,0.4636196562240259,108.93822208975348,1.680791012837465,0.0163286110270275,0.3950882804592927,11.112810196337886,0.5280467020646756
82.48252426160622,98.33048166146057,85.16120228728167,86.09306840630303,105.2913125212084,0.4211297485215871,0.1163983079208123,0.4517103888765034,0.487426567191396,0.3968624810500415,91.96639630464269,1.6693192926085794,0.0467448655654266,0.6737058128291094,18.038416871104705,0.7268718527801696
95.71709566280931,116.8740980061998,92.7662597843228,109.04720513535604,98.44397720619632,0.1479654123388272,0.4229503559348481,0.3589956170494344,0.2355305270087921,0.4536122204770667,85.6300455254373,1.8729143703749855,0.0324966347328904,0.1464289846663706,23.67849176390787,0.5667054402805447
106.39805204517116,103.98781426863962,98.91135891035992,118.00244378497749,93.70854571019824,0.3262266753812691,0.4411711724077609,0.3680454994336971,0.2154064414819713,0.4900074783444146,116.47364776648476,0.5287285921953276,0.029207999555186,0.5069347863111215,4.665037404115111,0.23561905669631894
87.0894200499709,107.12376243519311,113.84030245231637,81.61014959759694,97.9853075369072,0.3284022191758234,0.3067020967305836,0.261403851301302,0.1545376812310749,0.3744851520144646,114.54998658984783,1.1639808302791637,0.0126103143308138,0.0905485272285913,2.0420439019645746,0.14759907459106944
115.69950758749306,109.9847447569147,119.67230865990511,101.25655246388976,106.39982875204603,0.2723196792023256,0.4738450041422568,0.4860388674475593,0.4070563421399804,0.1969979054810141,104.73736877165275,0.4625830992292609,0.011002089637498,0.6444126769793521,12.52550456445653,0.3891125212486102
92.09921124551713,117.90142398663968,94.65341954226145,109.54042850746517,96.12560816476328,0.3863918723215865,0.1081687003860222,0.4305602011233571,0.2974474268362116,0.4746958599540746,111.46428614816304,1.6423692383555442,0.048136589480708,0.1885229004007703,10.178611967848568,0.41066805459010736
102.47275720251996,108.79130140086184,100.35736607005416,116.28345307638034,96.7720395171124,0.251104016530386,0.2052694417935377,0.4980225355024157,0.3122711486048301,0.4452730169641753,118.75221259097688,0.9718483716625036,0.0289540433001976,0.3420603825163788,6.084495652485723,0.32153727058092163
105.882871925733,93.69449733200216,96.32626672924052,97.6020043293421,85.03228073249142,0.4644228656084035,0.3073874851125693,0.2822855702076751,0.3211543819089401,0.4390958011525656,102.77035922907363,1.4676947240109208,0.0414566926201842,0.5247803651136448,12.834940365753695,0.5361489749152588
83.66894716236027,106.69959692587032,106.22070953372209,106.5163885684038,80.79065781370767,0.4858640926403198,0.2313288437478864,0.3954521528479386,0.2141497909159838,0.3443812165326022,89.76726738401359,0.3030489439037516,0.0188000557339789,0.382571703335697,9.509783689338052,0.22846621280301166
93.0618737068712,87.91239389036788,111.12605690176048,114.4252160558452,89.86721508904589,0.4219158352873082,0.4545945298645173,0.2794864737116987,0.2479022730263566,0.2013806448043551,105.55247962130484,1.6113792449106508,0.0194828780996882,0.6231175453759251,12.537561914939214,0.54348524288872
106.71396635391946,85.17451213833098,91.00610102406851,85.54617984933678,91.34083066396916,0.153366868167275,0.2459670274574696,0.4487911218991389,0.2675238064842553,0.2269172663244888,116.58374704401815,0.6516009983133257,0.0324102128157682,0.5505364077003417,0.9830262272110124,0.09434436689831893
106.98946189397113,116.4130764074101,88.10089631696744,101.68316139802876,108.0556440497373,0.3956528978345659,0.1862337886503755,0.2025147209950729,0.474363459335321,0.1326358770468867,107.6059280559392,1.7249076261616627,0.0450410334419366,0.1043246027517546,11.0694668316006,0.3864089299035567
118.11689873942262,104.40241931548697,90.20427724109524,105.01912627655744,92.81964646712063,0.2658524720973693,0.3307004769579217,0.1921042862458422,0.2124049936938878,0.1887381458994658,81.04961564597613,0.575252346857002,0.0215431974241838,0.6187702488043093,23.165252430739283,0.34652896402080197
119.04513562766832,95.98704540654548,107.41710883044055,80.92910329387034,96.0024578453902,0.2380742288242566,0.4594023020313793,0.272634938628666,0.2671316066093727,0.2546323520697557,116.68530415450064,1.6326701657912244,0.0231519993502328,0.3387858519050057,5.972177003234756,0.3380095060242409
115.00430453290046,104.40909777732983,97.75771545583903,117.43749997742904,114.15937504588916,0.4856462907750297,0.1469197744879262,0.4487501683757465,0.2308644270911902,0.4826046366821414,110.14701021015873,0.4846850304398374,0.0320251322487868,0.4782061800654049,9.308915648306913,0.3335216120310673
92.88862695291752,101.78193608165358,99.59297024369852,105.2881000045945,93.36445067835022,0.2260908984974635,0.1331497453025282,0.3080167537410063,0.1911462317239641,0.4011959261893504,96.07324053589592,1.410980167054853,0.0116002228707091,0.1732585597112254,8.74076973254931,0.2911831814423341
89.76820003063553,116.50687341022144,116.95497997994023,113.73291543047915,119.12817723058244,0.3629222473311818,0.3745876631689507,0.1773957954442546,0.3834521059540562,0.2245324107921349,119.49967557396263,1.6137027691165926,0.0251504859298108,0.3384732739012498,10.729339673764557,0.4615003167900385
109.79966103118754,110.58668914247998,110.50360367850564,99.22430523769226,98.25808778057086,0.4994696112240284,0.3927070652296025,0.3361646029634051,0.4468471116862192,0.3357246798877709,108.86717331342189,0.9259074894462956,0.0322513155856678,0.6537288951239767,13.649200101152914,0.5526474285284838
89.60905104596013,105.7927677743716,91.57280544409338,90.31233638809418,103.4384549638422,0.3210999467102133,0.1949262411221518,0.37124479813017,0.2498577712997846,0.1172330511248521,113.01764327342768,0.6775820743330672,0.0101930720902537,0.7410090963329624,2.014437362525613,0.13905095523240768
96.39929552900172,88.75426435178528,112.64224067011324,114.42279677177504,86.70798078711124,0.4264247185479831,0.1207492666594967,0.3689200491362103,0.162688356593966,0.2730278066283456,117.72666236999348,0.8529232906261087,0.0355201406866384,0.7509566739204089,4.136362159130703,0.2531897905823954
80.300281312,93.44519874117496,111.9004334272301,113.56695464937296,85.53316280464198,0.4436366634186882,0.1377678196456586,0.3668602714210484,0.3450474969944341,0.4470118985425171,81.58313858884264,0.7690354032236638,0.0120384391261897,0.5600710711743047,19.06908252173457,0.4733453781895089
110.97343604732204,84.62816669237718,95.60250360626117,119.94438060047663,87.70363292923639,0.1690939485296267,0.4199150018543219,0.2800484786965312,0.2714575649972982,0.2447137403359499,110.97679376146716,1.357866603121184,0.0387983567892688,0.0631283078878746,4.168828036081142,0.19967792742359336
86.15854330310506,96.91201330187174,104.78674103879446,117.31603129653011,119.23284582132138,0.2542296584783672,0.30798385057009,0.1427199291693863,0.2700263479491832,0.3607924860238092,95.45385741431208,0.3279830528400906,0.042067138436813,0.3541066455154549,11.976720450197005,0.22651499071586498
82.78562546365579,85.51990069391621,111.62951895583976,90.82528609083442,115.39396238025442,0.2992769413753258,0.1663317875398491,0.2452206807166528,0.2771846697703719,0.3675499258531872,114.763000515951,0.3225136745235806,0.0435517903122928,0.1544569507870721,0.2018886999826476,0.032408768673268085
106.53813028916346,84.47379209522708,113.30117139696029,87.05425520032304,96.93981578718616,0.4603065290149991,0.3201502050351273,0.3705472512469456,0.1308758501757617,0.4817868117390372,115.15583423732932,0.7536020147449095,0.0369355242729818,0.5580916516506422,5.323783440912241,0.29614599648763107
102.0873971423732,100.03064596321111,107.44651662460602,106.1074693947702,119.6816802211222,0.2260834761422091,0.2417166998751685,0.189137112256605,0.1338680287062197,0.4160187160567404,113.1447388201077,0.734703382964199,0.0324628241831186,0.1290969140207286,3.684178291163639,0.15924758232192773
119.97687636896752,100.65837610542565,83.80796347843456,109.11373195874872,119.06656312866356,0.1961960326824691,0.2130750941381252,0.172718510642509,0.4899541121195521,0.4124139189116818,111.16802342611174,0.5598729168049972,0.0223024597684476,0.7820609740509022,7.87795707711116,0.3214914047551081
92.73305550516082,98.44835543350295,96.99107699261825,82.05676618227717,106.8905772489378,0.4719598599922802,0.4446893468214041,0.4625187198181046,0.2916136207396772,0.1682165749428402,111.77131338499731,1.5044261565302557,0.0269845487426656,0.1556285470723772,5.387882197470819,0.3091150659764412
94.1335078027387,111.49855498526009,113.28480301127944,112.8492314639138,96.6666399215952,0.2307521337430177,0.2169806067926814,0.3868535350405425,0.1102690745229369,0.1568168859671908,91.8621000288643,0.2915851165953889,0.0134822422812079,0.0421709780445687,14.484111029585934,0.14843437835062695
92.86182728963598,109.9528311866822,112.05557735370893,99.65029785565464,115.72124078145212,0.3731540481019444,0.1493769415201765,0.11931674030816,0.1436860658444763,0.3762696612172386,96.26112824505564,1.86741084643326,0.0382840622958907,0.6748375222109854,20.775551329040717,0.5832867017393143
85.75634784314234,115.1627511863584,83.84380931887524,86.14102088218456,101.35360053095842,0.15573010376188,0.1585217444545925,0.1921200787036397,0.400364281678609,0.1801411649043104,84.60219562812244,1.5756019463103283,0.0109873747213791,0.1618170309752326,12.748915140356672,0.29555001100796996
82.7007392074966,82.11228405600441,80.02074976662823,97.45266638777052,110.9849552516892,0.1141501586896828,0.4623453422303762,0.4505273697163691,0.1739276003585889,0.2061370359093819,113.22366087446456,0.9551759786985125,0.0265374833814965,0.0192101987942526,0.5558315809363338,0.0652430748060339
81.39353401119662,106.09030425863422,112.92509269664744,86.72003394311484,85.87454939285617,0.1754230285774564,0.3878138155846919,0.2000035536756928,0.4725799029514008,0.4310564097534276,105.84025903298637,1.753135234885844,0.0302484280669358,0.438462030294491,10.369869831984008,0.5036116971209159
114.43203894482144,112.9249843980038,101.55767065056747,112.7679951717592,83.7102430969798,0.3353604510278692,0.1035752898854852,0.4534677625666666,0.3911046586130217,0.4151629586164026,104.50866860466472,1.33176865543888,0.0360035807201386,0.7753870172970261,16.696673823302067,0.6585409492161485
95.77926071755016,109.51190224425493,90.29807837295854,110.09315657734211,100.16714417563256,0.1287300818287964,0.3834240680874169,0.4218357894496575,0.4826541424628219,0.3321881891129742,89.8431215642619,1.247901732799034,0.023727955656259,0.2139981178820144,17.81724458749053,0.4903651327978909
110.01063951792932,98.58718551429318,94.71617360887272,88.7675686591453,88.3351736574006,0.3032167407997086,0.2701587159927647,0.3805150723858576,0.4683285218858455,0.3399020194864143,104.6014433620636,0.7977812566556166,0.0277115133155656,0.3269783840976147,5.927958899767489,0.2682816897303969
110.05963242285584,84.75641392135842,83.43929400443781,87.0516546008852,87.01386045815687,0.1909134566033359,0.1070295801236707,0.3476452473070111,0.4458391552076211,0.1263901110293637,98.18206900724616,1.410433178832631,0.033495040477656,0.1897335245647546,5.091116864310724,0.22550677234312727
112.924304912276,95.9402649389685,119.6155382944193,85.48845031162449,106.14159302774571,0.2590284835845383,0.4760187704323612,0.3006707983427221,0.1882632919154372,0.2414625647075393,119.81075226662468,0.494465744397884,0.0469269916333921,0.4463879664723513,2.118398325401248,0.13716936571144697
97.94918028805004,95.71672706788296,115.0033679621633,119.023825833136,114.91435835096716,0.2632558264779225,0.1469158057667168,0.3643168975393644,0.3368657316369906,0.3590891511462309,114.52273090949753,1.1685737651620938,0.0368788852468332,0.258231336445926,8.867490010049952,0.3486706997666212
87.69202716140532,88.83191684835737,106.24295516380252,91.56334326552766,109.3890052312232,0.3443166274720751,0.1066688273153358,0.1697851398265278,0.1662288007783442,0.1391805945191958,101.03931527626229,0.4531926062943737,0.0201773761028124,0.4730908193248218,2.365602055544822,0.10570634497596008
102.6568260323858,102.03635073961613,113.14187699355143,108.42131086970711,81.06311059989167,0.3941903092793105,0.1480548857913967,0.3672776293801377,0.1713561238614701,0.1473240712991705,112.338222691947,1.0290071471940112,0.0438905448239737,0.3824167464744847,4.98384260363743,0.22888906810601586
81.97836548584063,104.06233809824064,99.44768302489102,90.40738621371966,96.74624349259209,0.1650120194464317,0.303361382615208,0.3581930039431023,0.4247699440230547,0.1514248821858522,86.58020003433353,1.328474616978812,0.0122025788720953,0.7431322172599886,15.747355669611725,0.49263318838525355
110.31641274931442,113.0644593863172,102.44892271560175,95.41477923428413,90.82787045980427,0.346474698954332,0.4095358397644989,0.2249620686031537,0.131886231746975,0.1623783852266055,84.05601996506407,0.5221310156932597,0.0208919624793867,0.536013997485809,19.739691479719237,0.3399427334450498
100.87673883077014,92.58998474257524,102.56380548188892,107.06609530038553,82.6431684367758,0.1366234590241827,0.4548847724090712,0.2506806673440938,0.3093394420543144,0.4074752607217259,105.22603198701457,0.6387093211358132,0.0143260713607505,0.5460752456031099,5.093728186570899,0.23852237235502569
80.04269860090989,88.49108555362972,115.78045990875124,105.85163052914235,86.87841407748091,0.2485993688482895,0.3596410618510451,0.1306719412873751,0.2923622590274402,0.138607586468123,109.0714331175557,1.673201018954884,0.0278815456172103,0.3891734255915341,4.96365206065183,0.2546656054728107
115.61055847294476,98.7982376114936,99.04367026714642,117.4216777537062,82.3794676873336,0.1993136562720912,0.2173363310381874,0.3870335215547786,0.3696416745157015,0.3988320355724263,82.12225757277872,0.6974975176598113,0.0354770876301412,0.2425160652526187,23.088051694477386,0.3799259730056413
88.60713098514874,103.4308530061889,87.81946038328016,107.18108036835832,88.56369157346882,0.124702018894934,0.4975656848692188,0.1217680114839075,0.4302991165756616,0.3961075733922142,88.03853404791282,0.4172231016198273,0.0312398128509148,0.251170584494135,10.131382900649104,0.2526467190424427
83.96627882395258,88.27940638563359,96.9093613708825,87.04553196692319,85.3876809969339,0.3367047161967279,0.2755428660579949,0.4028529413080731,0.3959431213075385,0.1548713341959218,101.49071907689896,0.828707712224239,0.0424504880855197,0.403193202378253,3.9054675683048976,0.19941607627230984
114.41127544875764,92.81588814389232,94.43034746073016,82.21081638004911,94.29478494008217,0.4170529891843481,0.1314227989739861,0.3002184568514139,0.3580327306268777,0.4286755429500911,82.512663983553,1.8864948955373408,0.0326995265734829,0.1535289432818224,20.78012920808723,0.5322394231043587
90.5922870928632,104.41940269367154,88.21561190689627,115.53461812251362,117.1866648367822,0.2852440872372215,0.1947432310260581,0.2962638461826426,0.200083244174848,0.3114901525824594,96.962113451348,1.4641194827464523,0.0193066778502798,0.1059414314003389,12.39065669314822,0.32133762652297865
83.99324228707161,84.29611825154309,84.61305752443951,104.78277025241248,84.87875856838491,0.2850032732426071,0.4122017935001577,0.1960360453770115,0.1799940736761358,0.289674135826784,99.28319117833205,1.2570100604385148,0.031456874446737,0.2978920663799506,4.442796699530332,0.22912248362749804
114.09529271721064,110.1708605975157,112.79235432952096,101.04242107544084,119.86708846076614,0.1202017460763402,0.1917362513742023,0.2414819656750767,0.2950518850243641,0.2077746844901456,116.8723892855337,1.7207343376210835,0.0394195808613078,0.1043803678364114,7.790434305592814,0.25338651144887503
81.76700411776645,96.05059856744454,92.95746675750544,117.94581994850564,103.07443833990372,0.3242545978833625,0.4513658665780686,0.3174909845430408,0.2147358086945727,0.1247923888009259,92.62705985583524,1.4053276875557628,0.0301181345703535,0.1846092675355749,13.003910422136022,0.3783954891820406
112.247638617789,86.81364774634075,119.14536575601755,99.9455818750526,99.74688305082584,0.1546665218993294,0.3244869474188763,0.3734835352417519,0.1198671774216282,0.1742199318853926,86.74673893740137,1.6695045354100828,0.0276787819353355,0.4280190249757369,21.810153297308396,0.48043700910627546
118.83538914182952,95.2292944486858,95.90100098219972,103.39010811219748,85.12210442191147,0.2276325082706282,0.2279092435522009,0.4833628056711844,0.181508239176969,0.1250081397916435,80.30033034875898,1.400024753838718,0.031163894135997,0.6320758462258106,23.782464962493655,0.5212923531341256
92.8434250564742,87.72833289780522,84.13133916428198,114.6457842532408,103.57324664509903,0.2412059317249276,0.1537767884118718,0.1506327860543156,0.2629802644468513,0.2225564556999794,84.86432424174593,1.7624511852988578,0.0319223268943814,0.1798172696094158,17.550441143810815,0.3394442433923852
94.34691166111644,96.34677509466852,97.26076014749418,105.32596728578838,117.07077565955971,0.1366907104621438,0.3417213717709797,0.30067990640814,0.1308398675805221,0.4450977896056577,110.0346399528463,1.3420143071518194,0.0224222852343852,0.6333315866988779,8.764621344632856,0.41011762187733086
117.3111847862793,95.65967918122654,93.17049838391078,98.0418600074102,102.7173692171397,0.2138852232849331,0.4845523139788718,0.4726154530225303,0.2736386504875011,0.191426776175334,97.79687529864586,0.7135310213780455,0.0441690540423329,0.0124332921280612,8.667461368668034,0.23387158729953192
98.47271645798992,106.35013639266803,102.17596093519056,92.82862186776303,93.82923223050533,0.433941085012089,0.2445143366489787,0.1654202778685193,0.3206430863275765,0.2957609770805063,87.9490017094626,0.3219567499895985,0.0183073205910763,0.7976181855235395,12.578658929979104,0.279750909994532
95.14371150238924,83.78559072997555,86.64250529655892,108.92455208581544,95.5638684608832,0.4400071515255825,0.3917125519357328,0.4504557947347015,0.3938811649549497,0.3568699842591188,117.32110777288268,0.4343104321101029,0.0113132848683314,0.4135511607529392,1.3240742799109522,0.11958497935761837
88.58155890240575,102.50689642299427,110.22158169893709,90.29689449381486,113.07159527694978,0.3000708609108051,0.495021315798579,0.4836659296000689,0.4395411926142999,0.4101276855142112,111.50153273754896,1.1467801248313665,0.0396596886342986,0.3807098812193405,10.663999679685695,0.4808144793194139
117.10019438500198,103.89578116295364,106.75790635966318,82.10303961292222,117.82079564087626,0.3310238200474048,0.2039013442104827,0.450175610835186,0.104326453951583,0.1909759867175733,84.57458765399392,1.9505946660412128,0.0436925508399575,0.5204446819894633,30.034519171352876,0.7098442431021413
95.69938937059776,116.9560160218172,103.1591009900097,80.1847519537331,81.54167997293743,0.2614929780337879,0.3344628620936288,0.3243517281441423,0.1703263305541139,0.1419192799254127,90.75829419573398,1.5790579508932665,0.0357094509187983,0.3801407310133216,14.356475148835528,0.4093238637370425
107.21675222679688,102.50672055327732,81.06129748824297,109.7383984488954,114.08581348276726,0.1889315710341118,0.2394835155585934,0.1056214751680345,0.3769823282199424,0.1990909742949966,113.97765930105184,1.6070246728613948,0.0287578057165026,0.3264178290010564,5.541904679435805,0.265007931867079
99.85669929757232,98.6302976142902,80.2189243533851,111.46598849974396,93.22864266984422,0.2405617746193449,0.2339606762335598,0.3047319203514087,0.4439198888378444,0.1597559814022164,107.6972667118968,1.4116274634071817,0.0490082178497494,0.2967866335293662,7.193228312547855,0.31184880436360524
115.15054479130158,94.92242350232212,102.60311642522822,90.8136715279731,86.42353250339674,0.236290845292508,0.3768115230927135,0.1176925653121747,0.4319914540648895,0.4847300561989706,117.82180857049484,1.831104232118113,0.024830409481748,0.7822664085245749,10.53738071067616,0.5616818659802555
110.99631613525312,99.86361915385126,101.45951695009003,118.6166381392694,118.54319648888614,0.3430548810327963,0.4826033484122886,0.2652247317726991,0.2660126922620547,0.1424995637653749,83.04997752278561,1.5370538091986168,0.0262359141317812,0.6891973746591591,31.42747543260214,0.7355476534372555
114.22568486809614,87.50437171060135,103.7709077720632,115.1258969862215,94.9785574579575,0.1141787739999078,0.1978017272538135,0.2912514628404591,0.3030729563451556,0.1870301526965733,111.0164489167492,0.7021359690245674,0.0336445098904532,0.4019284663317914,3.5406909578379877,0.1656806424289246
84.0442466374234,112.43851608959687,99.27054205448688,102.57570721436714,119.28577185271378,0.345122269864571,0.1724823499353551,0.23048445610764,0.178283806075731,0.378665439996055,83.05645663374258,1.1240939990488257,0.0272170753361138,0.6691620962101994,24.349276878912956,0.5147269522720069
104.28845721976288,96.99917542664406,94.79937471388791,96.70477170616182,84.73596332714675,0.3066290032889247,0.3944404396290462,0.1228992678366598,0.2701448320940566,0.4867834315925682,93.46647742768732,0.9576002435545204,0.0322119350675348,0.1192715036166651,9.212592225617303,0.29637955120367965
111.79002233670288,113.50867432748164,91.37588538293636,92.15186473639775,114.97337025339252,0.1214478058825454,0.2673514758783848,0.1161592875422482,0.15866132838832,0.2850105806292206,110.02675072701304,0.5394339316903045,0.0486625485013349,0.423555973035537,3.3762400355721485,0.13657245855257238
80.95881422111822,100.81829775068913,98.54702858726004,107.6050707831384,86.53566800597818,0.163005359073621,0.3075021699855372,0.4690926731080278,0.1801630232789707,0.1428746038848791,108.44039897010516,0.6391598632962207,0.0194999476900413,0.3601369851801917,2.0757728773897326,0.14585257165104948
106.73322963180615,95.06936031499504,104.74859112678568,81.60380039491103,98.46908788738035,0.4301106247931808,0.2841079389655021,0.4530444395376551,0.2224493178661549,0.3510128020748359,80.08471292560974,0.7490243794072284,0.0159425170317775,0.2599057041076702,19.57037654669697,0.41468245285840577
100.89003575929488,88.57305611419946,85.58494616716483,87.53897212049206,93.76564312253392,0.4693254217206657,0.1686783197791623,0.4202914237221613,0.3526066999380509,0.4251786978508214,88.07771731402418,0.5538764137365009,0.026942049335786,0.7347519556920905,11.338743976990923,0.38434480079472116
83.87240597219886,117.89279182918418,96.1997624598327,112.35878410026996,118.97668492435386,0.1682773379812432,0.2736345881348049,0.151534891390781,0.4840328431941458,0.1250766891840538,111.14294706214244,0.6302896986625299,0.0301599425281472,0.6659946106692244,5.820964250634069,0.24900481701971555
83.22941120010957,106.06677871739976,114.85636346964856,105.36937735866914,97.1610448542965,0.1261933591977553,0.4592624768726809,0.22030485925507,0.33880801313886,0.2149902115629227,85.04590050458886,1.853688381791615,0.0385278633749955,0.7256687615348045,25.807669850954166,0.7097061189438763
97.24305430551752,81.43595544029435,101.38403005157102,119.74171987147388,118.34830103887737,0.3595033502510126,0.1769877477080109,0.2835477832205877,0.3133968699121577,0.233457156114852,93.055156238384,0.8506686143663537,0.0482069272252349,0.5081735447651184,16.690032460904742,0.3963655004095589
81.61596915368652,108.23188014517952,92.07059466787724,116.11956613624548,81.80458982837114,0.2006802445075808,0.1560826670684867,0.382457734523168,0.1673130863977693,0.2168505564752578,87.35558027585292,1.698154206770952,0.0375468134827826,0.3009769625424785,15.950936748079723,0.3799191691940514
117.43496408044322,113.49902975151107,84.70017529010406,82.39297349269197,113.38830657307744,0.234763505846607,0.2817467187918681,0.3810274798200268,0.2711780538614822,0.4484374485741934,84.45818141642584,0.3626824025733068,0.0494870062245727,0.6054500558507242,20.212743801068346,0.3505423254413653
86.23030683898318,101.3959261190348,116.6297943151484,102.69792454197294,95.88933205891296,0.3719142586480738,0.435394686452072,0.3865415845323763,0.1594527199348398,0.491170920745636,113.46502981292046,1.9681664317874537,0.019853547733745,0.0868535801537095,7.468895225807126,0.3726620232999342
97.80064219415968,82.52468682815484,118.75009285446396,92.42616740324333,87.57453966691415,0.4146345063073462,0.3290887074536049,0.1660923762952504,0.1690722594315898,0.3457324699440567,82.4536697940734,1.5883855472568689,0.0183556035472266,0.6824636639087375,19.40133026484344,0.584887730898541
91.4418920736158,118.57492779565916,83.77144213952027,114.69212162004726,108.31375577605792,0.2664788532008045,0.3703438002060583,0.248971089959881,0.305138068582638,0.1751832151855848,101.44199793291696,1.8367531173788163,0.0222613900359509,0.0230234527133201,10.548242226979248,0.33263086257869096
113.20076716636112,119.03590161471584,113.68618622067488,117.73529405111412,85.0774102716368,0.1620804577175306,0.1302579054793962,0.4278557219594209,0.3221545006318645,0.4788564159626649,107.70682046836964,1.170344900264237,0.041484956904299,0.6545699075098157,15.60535964549201,0.5454240055163334
111.8315426066788,101.82702776324192,101.73982380319444,115.95686305282057,118.87215274586843,0.3997945125437312,0.4075052640997976,0.3036233736788062,0.4261815746102603,0.4768253781255267,82.30360874617553,1.3604413568505913,0.0174605888993587,0.5631524034633025,33.9535293395772,0.9153771406931209
108.19353292172724,99.31753557887136,98.25615431607382,95.45365828892729,94.4639611829065,0.388696100934175,0.1422355763548005,0.3604079437014025,0.1481732848964367,0.1308889689674671,105.33707082592458,0.8814333013437172,0.0178476019867373,0.0707683391669065,3.0531915764483784,0.14639784430084204
95.66027366737724,83.59012941004781,83.09744341041753,111.19479375489249,97.84291571680905,0.3771601620463752,0.4339141727696154,0.1635365962917466,0.1296594431864179,0.4546091576768175,93.36262060964532,1.00605463670421,0.0264694304245784,0.1175982783464922,8.216102283573239,0.281164261796804
117.2273795417848,104.4888403437581,81.40703928737679,86.30093365269917,88.23279172052031,0.1528837347963475,0.1140344374974948,0.3884217475065956,0.4390862216381371,0.3057893365856905,113.3418089509638,1.563799925074976,0.022701771495853,0.3619131631855303,4.268716181423092,0.2572415896767715
119.02944097558644,88.7481690460654,100.63022705152206,117.44707726560785,119.0877091965743,0.3159700976375151,0.2347442050909514,0.195385279546493,0.4020928280702345,0.439713763248417,111.90638488871622,0.3374451199980841,0.0358591235657524,0.2398999148750032,4.769923594245865,0.18817269548588295
89.45441741534178,81.9647057500016,86.14407330151035,82.53313914810232,87.80496964369345,0.2284979032660787,0.2095276739502605,0.20711668781802,0.1202381672089424,0.2124300099361524,111.75620148866584,0.3139648369492778,0.0456066813137803,0.6938341256501759,0.009127137051856372,0.007879120923404209
102.7427885881494,116.49795185182568,101.4887553477736,105.03958226796324,88.07469006438164,0.110260366787602,0.4153630489873491,0.202370731612384,0.3760620757405455,0.3172753542162224,95.94653936648234,1.7811118335248777,0.0155464228736759,0.1542668798217918,14.206020466079753,0.44413660920902065
112.023344826954,104.71155634022332,114.565473167709,117.95372428023136,93.9160310302637,0.4349854519908794,0.4841514910228087,0.246916645651666,0.1353363279558548,0.3998583057543691,112.9019275900165,0.4425133700865646,0.0318701970779774,0.3336639688712132,5.313607466515704,0.2185350272735229
83.62316234141757,89.0371583166713,97.51366262703348,117.82774607297893,95.1323928949366,0.1085209304796733,0.1891853337944985,0.1213002673892554,0.4592593486479261,0.1021188326806289,105.19928016044102,1.511802411344778,0.0135360287085245,0.2083768230018449,4.677601103708941,0.2549964038161913
110.8309285466148,101.6190676868302,87.31235081723906,92.82936475813808,106.12767540091276,0.2970968660060927,0.269599650863592,0.3610978658192558,0.2158976354276999,0.4494781601877834,95.14734261206095,0.5991998952706519,0.0188597364025117,0.1017457307782185,8.260642008819561,0.22740410189787358
106.91413578739574,97.39038987236184,89.14582410648458,108.87627118050705,86.75492166450859,0.3937382966325573,0.2729177703968931,0.2432104998050165,0.4263552989990338,0.4028241194143083,83.22679821821674,0.8908655512324213,0.0223640618558145,0.207793134513805,17.36102263208555,0.39769198628383445
117.46678767460506,87.51614316145907,84.29249451330082,99.90590809461516,100.78198392438776,0.259600023209619,0.2365487450440508,0.1155551958650168,0.1326828981760582,0.1215673822216938,82.6727565071495,0.7637121840214635,0.0331641178298692,0.6879896772527951,18.102346978671836,0.28072661740732313
100.3277165911298,97.46669957355358,119.79259571318434,99.45122450682328,99.11786322959324,0.1097661945392107,0.1611489528563123,0.44285672707223,0.419263724302346,0.4382295391312788,90.05606537753529,1.1080871072731848,0.0321951596901229,0.5724001125968213,20.964357794593592,0.5825614423411358
96.87064250858243,82.67303018805852,103.71826524598464,89.1187108889273,105.504359209162,0.3495201445701887,0.349625240496268,0.1495726986212066,0.3795861414569547,0.2120105643481892,91.9833857801867,1.6966576015269133,0.0357226500671914,0.7313920082691218,16.55916931822819,0.5862105707259909
82.03333847793908,119.25548405012006,98.76020316050688,115.87021486362794,99.0224469293174,0.3077013319144804,0.4818890415203429,0.448246157727371,0.1932774029183168,0.3946602462801174,117.10113165788576,1.7821846589835189,0.0427562566891095,0.3242234630811633,11.750140422789213,0.5679660069384643
82.41323274296887,112.88854184375228,105.92734918668538,111.2702819029578,97.12679454035494,0.1416362999836844,0.110696994297613,0.111269709912744,0.1680985936872049,0.3779793608375171,119.9975221547604,0.638577919089303,0.0174891951250972,0.1923301499016186,0.2664633012850683,0.03924415073365257
105.5174697698658,114.2491601518643,105.24261771487552,93.90694539343612,106.501183774648,0.2453223573832074,0.1063769755866767,0.4952090525507368,0.3133513612927973,0.257552086044527,85.7469538980072,0.8408848735291066,0.0397352990984321,0.021054028946313,22.446082558239322,0.30515707860419167
106.8741675445627,118.423478500265,94.83649286166676,97.00327070056524,112.48491844748236,0.3075399580195326,0.30798836394342,0.2880946308371975,0.3451795617859883,0.4542506479473226,117.7107295985088,1.714604503579511,0.0366808381977757,0.3961263437491302,11.245439698639206,0.4960550270881174
100.23049258970966,109.46292372462932,98.38837857814369,88.61980567250802,109.80815371124044,0.2206854768308346,0.2947874491383849,0.1014575984787074,0.4439257125272811,0.2223615555652465,108.26160046741,0.4068612533871475,0.0131884413970119,0.0317826748764879,1.1697694490797759,0.06908907439241431
85.2462067673884,87.94334654125232,105.07299931136836,109.8907920076828,115.7875154747126,0.2085187593313475,0.4990148676844138,0.3337571754980751,0.1492172984563961,0.2062099879574284,99.944326734661,0.4545694674367547,0.0237878128021068,0.0034199897581649,4.6619693907937725,0.14241100683461833
90.90345989663568,84.42897034402218,118.24186638090517,86.1769235208857,87.90667929018558,0.2412906353065245,0.4944240191482616,0.2722486711659432,0.1920535953171236,0.3278923869651269,118.18746557395616,1.089267484454267,0.0111079739552669,0.483766512242141,2.6366903088023683,0.21180214960840488
91.65317814233865,101.1756541610515,115.31302264136312,110.42184090919469,108.3263021537054,0.2619038632228042,0.1219841552567481,0.4443678449817302,0.1062750109133215,0.4593934542981907,108.54772729285202,1.6327526231959562,0.0136073752696446,0.1318607751296316,9.102246668959161,0.36858934801418924
87.00722271424014,94.30730526103898,99.13619704346712,85.89703813942343,90.93718808506692,0.4167434814407209,0.1303292840569644,0.3894444311252215,0.4083766728557275,0.3409228293714738,103.74618088476304,0.8379583168985474,0.0213514720022664,0.4478230820119389,4.729487473238207,0.25011194323103325
92.33332815811376,85.09104793316158,102.00958767633033,108.20112786096772,82.79726525907445,0.3310683200624493,0.1198748104991896,0.123798548729113,0.3909154599342788,0.1422260715675639,88.38107056079005,0.3715058416079406,0.019724646577374,0.4588181618407788,7.960442271168053,0.1895557252476096
99.244924070526,111.2884478107118,109.91960515809788,112.60292384875017,97.92962532682428,0.196737640282591,0.2995346375293435,0.1656654694450726,0.4159358242200103,0.4229512095116354,89.7777580748316,1.943768207611335,0.0460069507775516,0.5790713284026606,27.836996777668027,0.7644601774609123
112.82228330559442,89.63012284857078,94.4324224567006,87.05422305671205,98.69938157714289,0.4368572845043568,0.1198272483098819,0.2711492644934498,0.4387670690857344,0.2452877561226795,116.46006944264984,1.8930948139499344,0.0457515425149921,0.3065029217955619,7.203721401474761,0.38107492612595756
95.68240089661774,89.63708465657248,110.07122836923126,92.55387088446588,90.91217320583344,0.378328151329209,0.3356983616760038,0.2388834466828714,0.2105619316361695,0.3610972368397627,88.60155124778343,1.3908274785400514,0.0331147007030674,0.564124404846002,16.68519288129302,0.5084940697447761
85.23561323401981,97.55286807207796,92.11858515349208,94.77091365363874,89.4398905048221,0.1534496548011588,0.4440490076351034,0.3305773764322813,0.1446014020503356,0.3814110580773454,81.29224057178632,1.443283722945676,0.0394014223634442,0.2927723707515876,16.642637939636742,0.4207238380036565
110.52621959279602,117.2001338941887,99.91727411155551,105.7199369336333,114.68689106426824,0.2724450199529676,0.1816325661452703,0.4844277171699465,0.3878591140057702,0.3371974493311984,90.64908391538184,1.8839668648662296,0.04998405252531,0.0782296777433726,27.449374477238006,0.5682974111198461
119.95318549334635,104.54065938919328,115.59117866159474,116.34432986222568,111.65805951230487,0.4395468724237447,0.317547915952861,0.2765882449331616,0.1757787439442833,0.1613561700472714,99.22222878448926,1.3767609757846138,0.0264077079119011,0.2479920705030975,21.18096889477488,0.4863249085425097
98.4372556429244,83.24616001695597,80.63222221760536,99.08802533131698,99.77258134138472,0.2727877265487393,0.2823898316110063,0.3933250020922909,0.2768340040147505,0.3372636802261671,95.27859042928633,1.629721751297747,0.0308970170425162,0.0060538634676786,7.714990579298853,0.27143689894832584
96.2944955145189,102.7266940516546,102.08650813217707,113.46452164130773,84.3462841304905,0.4330074096304984,0.4973338782042167,0.229010126060513,0.4607817854913475,0.4224203487414396,117.43211994440225,1.061152770146982,0.0360459975618062,0.3699690333261313,6.83700466575986,0.3551212482297271
89.00710664422182,111.7201991583852,113.91347468894618,119.79296854483472,114.91648065548335,0.1272026761278212,0.2336635723415565,0.1876171839337533,0.3657537089691992,0.3221196544870753,96.74296177762004,0.6490045467604487,0.0468223284967472,0.5922489340337326,17.62801557574099,0.36808247730793114
115.59596028289324,92.5739177051962,96.06646536037503,90.72340419282204,104.25197592770864,0.2979404210358214,0.405425505523031,0.2333234783247934,0.2531009182213062,0.4462535792901797,115.5621075065926,1.7069312656317543,0.0418806620289652,0.6277980451524368,10.706237992639744,0.5005153890253121
117.55221416828154,93.7856354604647,102.280071275258,91.8519852181394,86.7919989509083,0.4888834037040026,0.4105429363071329,0.1868283899108905,0.1450606528655389,0.1836820591063208,103.78651735957082,1.4476683765865808,0.0125768711010695,0.1856773758860332,7.032749086243413,0.3091924793561131
87.80742119274623,82.3178137815252,117.9717409203703,96.11518434030518,113.36483568008433,0.2691045460091585,0.1946788110990553,0.4604164592288047,0.3682891607069761,0.2666916979132057,100.9649868964741,0.7567337997624941,0.0385180113648119,0.0845145008600424,6.523824904191306,0.23589024014824742
107.25317890758764,87.67684645644341,87.01848986316351,112.4795280604218,90.5884684247815,0.2095246931446243,0.2522644020563858,0.2904202381466921,0.3855289408702914,0.1357366232915515,86.40782530617572,1.3407322145314535,0.0200774212102336,0.1483440575682589,14.415094204356322,0.3283977238878629
116.53140734807904,85.60221618757963,107.1083445781788,112.57895504123736,89.4102555366258,0.4395331759155783,0.151024012452072,0.2049800327889751,0.4974359583090335,0.1760834536177004,90.8412765512089,1.6788469687529142,0.0201960678616619,0.7869703842168859,21.242634574965983,0.7405486732235559
91.04829453826264,118.58075544556806,90.58390421384632,97.19828199600192,97.30062372969464,0.1404568751145382,0.3553621207675194,0.2572516319404899,0.1367341737074034,0.101496971339618,114.6866710727611,0.7231041460909899,0.0318895298020998,0.2496822073194188,1.0865307481166233,0.084402561826331
90.12138999718736,111.03164345748364,110.8739737291662,95.13272056895144,113.40503164322936,0.1316646305525911,0.3090942315087627,0.1923571780523769,0.41102085372758,0.4430034532286971,111.19828845931096,1.5942661902633375,0.0378520340492231,0.3434275640805583,10.531746540111683,0.43318092832129373
88.5229973759601,80.17223102670715,102.84669448222964,119.76311089809514,81.54577239307538,0.1579332070861177,0.234807948293788,0.158629650187279,0.2146770814327789,0.1956817675002285,97.89693457796324,0.3766009307356881,0.0163691129003358,0.0605012523903091,1.2871596290086758,0.059746287945127645
88.31992294833842,100.75658569948337,112.39762945779484,83.56168020300213,95.80938615035578,0.4147459603748746,0.2381918712056265,0.2982259194976705,0.3695580421891926,0.4289026596608747,116.3608861707316,1.3436604422466218,0.0225804592385575,0.6314642425994461,7.430514260690527,0.4170101482416218
109.88303202519546,94.86172833625446,87.55345681902556,87.81983309586349,96.40195147659978,0.2204836361289807,0.1836882670816076,0.491381349502347,0.2280590178589988,0.3684272396723502,112.76714812347416,1.9981338441075176,0.0386448401700022,0.3587922804155765,7.756200761016051,0.4084619064757326
99.17668299223564,114.47257671264056,105.69009674271976,107.61607818062006,119.31948686143627,0.3711364162711217,0.3056117782398164,0.1913789781938228,0.1565829683816705,0.2948064579657724,84.48337332516019,1.7661557904481624,0.0160800797283975,0.0699183150893127,27.55254079690978,0.4551299970947607
96.47373761203896,96.13417612996514,116.93387870903248,89.83502348020235,109.19260985211466,0.3043718146845507,0.409346702709919,0.3839333775808774,0.4648165115343466,0.4883442247550527,104.23721975209212,1.782401591507445,0.043988339053987,0.3783535379777736,18.37478716939585,0.7168738752544352
110.18292552872538,83.91151989781773,98.72925622774336,88.02249885286216,87.41501091209943,0.3911405304798163,0.1306044995321013,0.262047323686841,0.3435209479362732,0.336078028579983,111.95372826963236,1.4406250174669784,0.028241711766497,0.5706196975751585,6.220618338529301,0.3362932439713069
98.55312441851504,91.5771883003226,111.84241790503484,116.3041956556193,112.10882421153462,0.1725775143322392,0.3331778917803485,0.2398722031525776,0.2355707379374864,0.4336028021204945,112.33376511736698,1.057077473292729,0.0334396100083405,0.3784303120853757,7.9437227523389815,0.32169653698512957
90.6412349048666,90.96537574754431,90.1891340046987,85.40152384224945,117.75193472414844,0.268773263467288,0.310958381625781,0.3251491444137915,0.3251987119406465,0.1852486055133488,83.65364711640505,1.4351271809288626,0.0132159359350197,0.7749062078228449,18.53023795176165,0.5399119035943715
96.08191192628276,88.98757898183496,113.86684202032974,95.9678121063116,81.40467244438666,0.3397813452596028,0.2338494435776478,0.3620081178384678,0.1582790395862908,0.4976462378534678,88.98444678121446,0.8120865899462277,0.0481800497720525,0.6973310019837395,14.630070459700162,0.44760161328154785
86.47766280998525,105.5700136142468,111.31621096686897,88.43737553954851,116.69582357064569,0.4088173165813582,0.266900573393723,0.2205407403457132,0.2551208139271383,0.38848330910955,96.52157267235673,1.2173449404831662,0.0463012901988529,0.4118455923039559,15.388079520176877,0.4605158724650851
114.03988480208658,113.93523016244325,89.10644587196856,82.02143954600231,114.69694157930334,0.3621631198338261,0.3808370048002349,0.4555996781806157,0.2825180905241637,0.3678084593790659,90.06524377764772,1.1944398432862884,0.0176031486448025,0.7524061668226553,22.989684905708888,0.702486993594539
92.23200914954268,104.75665524694104,110.3986753480292,85.1317303404448,111.23353418076192,0.2766031819839473,0.3552392312479506,0.2899294547851788,0.4106654509351573,0.1021040493134932,84.3575258679198,1.2015281141161194,0.0365240910611558,0.6491102380958231,22.019900532738365,0.5291286830213329
117.54045835844263,109.13499862985636,97.64890993922232,115.06712555006813,101.09830520290237,0.1862843823159127,0.2185750500652978,0.4781578025004465,0.3028184851867671,0.2457407519992565,105.15201718643846,0.9709782832907632,0.0417246887492929,0.2946160086730751,11.830583428973881,0.35556621737787475
109.79083711267016,112.82023775434416,109.97411446796023,91.51419504192616,84.71375603623325,0.2617248462454687,0.2807289133730145,0.4471321560455884,0.4849343462720551,0.4376658558960923,100.2989380615092,0.8674032031322871,0.0148786960734411,0.6171278695437562,13.982856611451572,0.4999130540742757
89.53354117448241,100.11499747921413,100.21107689172383,103.3057739725815,95.80407350191564,0.4366627053675794,0.1796060443821845,0.2074712287049021,0.3384196722232396,0.3624549653765244,86.19959017194216,0.8281204001194312,0.0330981423763705,0.4046818672008862,15.96674004993704,0.3832874202208078
111.47565525800113,116.52615001388833,89.86900213917885,109.46092870807551,107.1188741018018,0.1810821493784325,0.398512749098607,0.1799854211678347,0.2052042586357657,0.2227182151926442,103.45527985108308,0.6432790019890778,0.0440181572055359,0.4312893798057333,9.867105566025861,0.2745122542614001
100.9236199711726,87.54120935496641,111.80929034330838,118.4250514251533,108.87345328934454,0.4383965665961268,0.3928335587483533,0.3122741742896725,0.4278997192539581,0.4251712989343694,82.48059813625856,1.017457678641235,0.0302685638976285,0.4164968161746594,27.650450186646363,0.6480024325779072
116.71439986502936,119.36741059792,94.08202696956953,105.52894211705348,98.95730950552311,0.2559332383794893,0.412574914994968,0.182497108800663,0.3012915399822037,0.1472966921554681,95.32164237093244,0.4560548938620891,0.0469514135969924,0.6429428323193505,15.515138774439466,0.32809684199192446
119.4651498745292,83.752312960309,96.49499657188898,115.02156178108945,91.3620524210606,0.2707177942365032,0.3081463079068762,0.1319673431664281,0.2850451046926999,0.3606682171840533,111.70071854161549,1.8277536990616416,0.0119120758768245,0.7348595525735887,10.219684586152024,0.4746405104961688
111.51171402555492,95.31132651121024,119.19914159560632,115.3411934569483,92.05281430650462,0.3456352938978951,0.1217415551564228,0.1381358743632804,0.2405424983820564,0.4370742891664423,115.6019854626081,0.3719466494988324,0.0467684273189469,0.2556141490251059,1.6690606656399873,0.09426380311819436
110.8077245415142,93.47426175333077,104.2545136086214,106.33923073573168,113.1838163634282,0.447902421266945,0.2238451478831704,0.3875568340965826,0.3309562369406572,0.493368903503773,89.8093853119823,1.7154827508099917,0.0490887219091048,0.5135368594670245,28.389698409108576,0.8699686058723658
80.9780336352806,88.80631564609199,108.47671242354316,102.54092947878148,99.82420312804572,0.1378575649158767,0.3191522968961019,0.3370150595485015,0.2230674283804464,0.1187812989965883,114.38035195956854,0.6721847146376662,0.0162376840389246,0.5027270923139181,1.1770984662344366,0.1009666325523434
82.20839826831921,93.93103533845824,114.60400927642593,81.23571348144128,95.85744941459248,0.1208418142751304,0.2814472216802552,0.3769895157775677,0.380070314321251,0.1723879398887297,115.6703112051038,1.7431335640863586,0.0272380078643636,0.709997806039294,6.2726974600732,0.3656210775983739
117.8059315068309,82.03522938180059,109.98823004178549,90.30450464728146,114.6643532861469,0.4431888564023145,0.250864970387898,0.4857471607889672,0.1472638537702547,0.4345818794541928,104.27529218415758,1.51046584080765,0.0348305969064533,0.357769349507636,15.14983539498758,0.5862585291221764
109.8427191583746,115.42820683433452,88.63699161725064,101.2517101927442,111.17079774299202,0.4633352612981791,0.4290702104574926,0.4235364564798736,0.244524006161978,0.3853372426883892,119.2871159049912,1.861706462208605,0.04572953153155,0.1521284255429306,12.096490251969483,0.525658115459138
89.82798971979923,89.22985221068868,81.0872853399034,118.34061175901807,108.40067520218494,0.3317386264045202,0.2697916525724874,0.4972446784214719,0.216181887258048,0.2652576088751136,89.84703289571227,1.7729077047512294,0.0163810469155895,0.1624687032347066,14.53370939524013,0.43251808565603694
105.42241416040738,109.75978890779965,101.26451674781757,99.0453528436164,97.98128964494084,0.4611444149352469,0.2156033116385096,0.1610724568514151,0.223999899867794,0.4037246708407164,82.75896928409175,1.4769031662447163,0.0233611183228323,0.0410211905881237,23.867330464034346,0.4385669917932075
105.61756848414564,88.06139901569533,115.5223478005948,112.4700948487706,93.98254445808136,0.4439416038809064,0.1457779950489444,0.3486850724299306,0.3269147622378971,0.3675191142053461,113.73772607534228,0.5154379404107834,0.0419171924680407,0.0805827958632508,2.3783607796797024,0.12781471813628675
103.14437187250098,85.64109199800059,118.89384991734391,116.11570750521132,116.87590025996802,0.3684225484507184,0.4837869881066113,0.2386116833706957,0.2199067686943115,0.3324901143287301,99.63722636798217,1.210829309658103,0.0264001825084766,0.2409756574874141,15.464774373899784,0.4391398717084661
93.28652190813808,86.76538829531422,88.47088653865241,83.60005564180359,84.80442520405538,0.2717673836954647,0.2895017089250313,0.1277107974017971,0.1592968707814372,0.4741499746371448,93.85815516407288,0.84469909384454,0.0341977389909776,0.0820503394977734,3.0493146549978505,0.15245544607070485
82.85218136739381,119.59292276819494,82.96230733476294,85.30168323805654,113.09018382362946,0.1273165806680487,0.3360582370722483,0.4018300116071561,0.104745411376331,0.1890992591733539,82.20931325963605,1.8001073623707422,0.0324002209286664,0.6968731425099265,21.81986592524244,0.590104325672866
103.20960866971772,110.9766881827733,105.2364803109062,115.28700281315793,105.53870111058964,0.2508288123397547,0.3027269788274674,0.2366381179022642,0.35959970325962,0.190559006900285,82.58497915284194,1.7763998645958736,0.0489268678270638,0.2896148355322371,33.374949050658934,0.5890902090533384
100.88500371612604,108.50998775045198,97.89571007168438,93.8425529161894,98.7060980980085,0.1101931745716076,0.1006284203273016,0.2382048047798537,0.2446651196776988,0.4794416469546175,83.6286580272757,0.799565541697744,0.0156612489566727,0.2947738599130427,18.14603508630253,0.3266202391249239
86.78856420394243,111.86286919210764,90.4281512534378,86.1412618534819,89.85408967132906,0.1179122850080945,0.3120260240540724,0.3311253257055385,0.3797100047590879,0.3554938400562643,87.34570082222615,1.4254742637364908,0.0479376224835046,0.6060050985965085,16.688352797765997,0.4998569195803278
113.6828060708896,93.20805182390926,107.441994780236,114.25638522622955,83.10978667700168,0.1032557974895771,0.3527430693636046,0.2289551758798928,0.4091475845391208,0.1753461544542796,118.81603696894224,0.8419984473501234,0.0325660286275152,0.2410701003189768,2.027217898935576,0.13779608524379475
110.60097620712172,92.3066186551612,88.6648945673617,107.55605809811888,116.39186490932934,0.3864822607908718,0.3501981334756244,0.36091635413099,0.1703790748350217,0.3676696005329849,91.256165682486,1.4368333669348088,0.046166090322213,0.5721458212661535,22.902304087134688,0.6607347574357076
91.8007683484958,102.75335221537276,91.59336455397964,102.17142342905711,104.87448122617364,0.394791363456766,0.2957641044951222,0.2361462731950181,0.1666219397152703,0.2159842100442962,112.68189201809058,1.3242743276889486,0.0147176854739615,0.6579384044391885,5.761549304349241,0.30954446479807507
104.4134155516072,104.94185478570984,85.40319168870096,107.74161878346878,106.99001425520892,0.4055313449810084,0.2637602898185023,0.3810852967973031,0.3960365299993947,0.3696680896497158,80.77655121597769,1.1441589167911386,0.0356601205551955,0.2881424307454016,25.758602183530797,0.5418963553653671
107.30352488867533,82.96282210954826,97.8735536965661,96.3614052818292,83.46845934572796,0.3694153694731794,0.3443232817304206,0.3073687914854854,0.1791266747481079,0.4371213547687401,92.87260244392805,1.7872105246183476,0.0436044014537817,0.3822495489448454,15.070550270197014,0.5368707214976955
88.89471711587242,97.63850527192147,109.71625239432328,89.48248307938653,113.18999640499646,0.4857056689950382,0.2865936262400665,0.4732955023538623,0.4991978150893134,0.2944783650343282,116.24769731944178,0.6805879649439326,0.041475260056544,0.2577831629046826,3.834176772711668,0.21572393218117691
101.83193142957852,110.4168674073847,98.90223933347428,99.96776901688894,104.7887755751856,0.3897421494999872,0.3575161353002091,0.1949059264002989,0.1188357775017275,0.2813421244697827,87.4016313152595,1.6455666625231076,0.0103975329013698,0.3385313690322603,20.74302757121552,0.5196969111050567
117.11882432663296,99.6725032565164,101.14630152433163,104.07987854110118,109.50060549190904,0.4148819989585089,0.2300538650758787,0.4137754884772737,0.3619206727851822,0.3782165407270349,91.36094081653904,1.4566385152015129,0.028088218648488,0.4645977192029062,24.473108734515755,0.6933611548165941
82.87401341944937,100.62749754087888,99.26366356824174,116.8673993695028,99.74026321745364,0.214296355350956,0.2880189531372188,0.1726815200100868,0.1986322112318905,0.135940017236966,113.06059526852196,0.7422187720987171,0.014613868974742,0.2797117723073933,1.0027703798649754,0.08000042092916444
98.73282138777324,118.48799954138808,98.02305854403528,87.23537721288362,88.67664491223154,0.1507093625184832,0.1842053917183346,0.3320936845503348,0.2764844478190559,0.2067758050262248,84.8556674580829,0.9879500705690732,0.0161130043111094,0.3713063908481939,15.923601368609736,0.3229970728661162
83.80750153347897,80.02272517035777,97.27782644001928,110.76970325192886,109.33865771199343,0.4444449787590756,0.3100590765367944,0.4692437894543174,0.353985984911027,0.1063150386114866,82.12732763089537,0.3707747984153909,0.038251508399234,0.3969789581682129,16.035731638975438,0.3054472107218061
81.28596351211401,102.79931614376132,86.17132501653904,117.64305139058789,86.69459998576717,0.465390276406278,0.4429853342723305,0.3541084891123597,0.3139094222923272,0.281170429327434,118.63907019948977,1.2957591509807498,0.0482631811812516,0.0196030323392555,2.680696569548885,0.17850957063649017
105.06556870789926,93.04953448656228,105.66245303857409,96.490343858563,110.3857220922558,0.2928699383067327,0.4076882563369399,0.3052566409434743,0.1704098794809762,0.1232710268691971,96.19167034748703,1.803809155457144,0.035363897647328,0.1309191740079502,14.825219556114378,0.38088640262945317
89.22716501311432,116.2316741165704,100.00838597253409,110.24372590851412,113.98920765604908,0.150474510514605,0.2005764435349544,0.2470936485758826,0.4569664048700835,0.1956348928798672,106.3148507911246,0.4561822409465368,0.0140950824321823,0.433099487944399,5.925898414130323,0.2002550425308222
119.9531444381922,88.95782662375834,91.4756965425382,90.01732346927552,90.5148532863913,0.2278394232010139,0.1892058158107095,0.3182967274824533,0.3468346785177947,0.3128510127588643,85.08463645605406,0.4809973050104691,0.0197598636742063,0.0021205315932945,12.225143193713237,0.17979462230393944
103.2977896615751,119.74090092583371,119.61112348371016,101.07092925449231,105.56108841058696,0.480742660486776,0.4981512070616497,0.4349583959222253,0.4221184579561209,0.2464211106998434,88.80709591467453,1.080491991800913,0.0251549758969565,0.5633549136241895,27.595585106813278,0.772436149420677
114.39882174806424,117.3173383381402,88.15442509318176,101.14166915769812,113.31348218646048,0.3319134024647994,0.240588967579554,0.4137423384694957,0.1687324556367344,0.1866686857178572,98.39923032639696,0.7421526821012155,0.0150143020470497,0.7243719913855351,13.649913948915424,0.3759487473266945
92.12808306538366,97.59236169921869,119.42484406048032,119.40186786883484,116.24427243060728,0.1154776283481235,0.3435758693351969,0.3754153035155828,0.1013449144925515,0.3043143055977002,107.0061286971511,0.7346255949741485,0.0439187240950024,0.6036552984633032,10.491091337371259,0.3245800594174582
111.93793379312233,90.76522002891222,92.83400296268748,101.891313648195,102.43109498248047,0.2507498153959095,0.4169523127275071,0.1155562983994573,0.1194262755272314,0.348083639490352,91.72991644506364,1.367672734704415,0.0177802073288309,0.2513209628864531,13.739186039777136,0.3729623991032108
100.22011277428268,105.46681119665224,96.33292090531955,109.96696629262132,93.3419970591342,0.3366555418319056,0.4324360091992041,0.3369067556629445,0.4797483314366005,0.2257538568937688,115.38535004160168,0.9679486605625062,0.0151820430893498,0.3598727761373275,5.709481383204075,0.2966403754532061
93.2270798778541,85.08903847567312,87.54848840115677,114.0208351568543,97.85129354321766,0.2591685625619201,0.4910698666011667,0.1430096973487112,0.4183619412785119,0.1046274858641761,111.24576014493016,1.728133228056328,0.0390273868861325,0.5205734368563765,8.12524370433476,0.424294319742048
89.11471146211335,110.3736440008955,102.15924503267438,80.84624045693174,92.6544582934686,0.2946052997613409,0.1613609349474698,0.339544681491226,0.4192679878831312,0.1132169209402749,102.06231563434156,1.0005857113012715,0.0150732940506228,0.5443495509044844,5.84308280727017,0.2603999133495447
87.08005644485364,106.23491443931364,91.00124162521011,82.59787116839775,82.19739956790677,0.1655090906366981,0.237044152464761,0.2023195863422696,0.2532879559225021,0.4807473199269807,98.3684473375859,1.3267320928718749,0.0264127778859405,0.7819975198274921,8.308217349232502,0.36806928877536327
103.2690919183486,80.86893822816359,113.95168452544354,86.21588477029103,104.2626534078172,0.1404824509760962,0.2693128434663088,0.2828365486430331,0.2121368207316651,0.2114026230750278,104.78170170970036,0.9463099130195868,0.0306203321900468,0.3943846793999202,4.286064077742289,0.18448556729254179
97.78752112042984,97.71406084927612,82.87188569440184,112.11009000848864,115.7220993901301,0.3859008646997283,0.3471375370603931,0.4251328078932612,0.2620292889912209,0.3426844107918692,109.2665266578818,0.6980411200470195,0.0132091717477958,0.199627866509609,4.655993754062467,0.21629275056872396
80.44066669536915,87.1441670278847,116.15616755181917,101.97974451200233,86.0015831299284,0.4574352562730338,0.4405313886865541,0.4680093569999836,0.20759000901129,0.4941684738128481,85.39801181162879,1.0748311862993185,0.0322315281627411,0.2897534738615843,16.84736590472486,0.51616272577313
88.11161810436636,106.39944976948456,108.99267288987492,103.9770723431974,118.12593519650105,0.4265559661885666,0.4179231224165213,0.3670314403834637,0.4933071893488262,0.2766252912185921,114.1056545024354,1.510840745659196,0.0292065601019991,0.7379543657905474,15.833973338215001,0.7666129823065467
99.76254414647109,92.01087648570106,99.08931639903186,94.38665174666444,88.97663570698745,0.3966157219049643,0.3795245151954086,0.3928355625788262,0.4005859256677027,0.1763023564484853,99.5761113463098,1.9174159961820711,0.0367366511490782,0.5061676611851229,15.878009846050725,0.641817539939606
81.8385299736056,94.08849974260497,108.4563739083897,80.73751211500775,97.5671405282374,0.2396205878809609,0.2569015983303619,0.3991999255919848,0.3864991902877217,0.4333464820942877,117.41375959238206,0.3237919453347964,0.0187658371989466,0.691401124134278,0.7000772017503054,0.0727773991280538
105.76037605799472,104.41616436697228,111.06593743554863,112.4207886263919,108.46823283677551,0.4154076631561344,0.3384135517557643,0.155979394594977,0.3541821036929461,0.4548237134549916,118.2216958445646,1.1806971584417127,0.0242651657625325,0.5792684724518371,10.71795094627708,0.49069232184193395
84.11190784578997,99.00089776017442,104.13623829950434,89.82264155237806,81.70207270587106,0.3572697453558925,0.4582505714310967,0.4996212072547598,0.2436808932094132,0.3893158777391404,81.2286728407234,1.362940516075383,0.0363862135623991,0.7723442766653348,23.230977923796804,0.7858197435368602
88.94361283504188,98.19577606930557,96.55721276218404,87.06667925308646,112.97662170733972,0.3159834530402021,0.2819887202832662,0.1959468314769844,0.1983658383983724,0.1739889147039884,95.37923903075588,0.4000109217929926,0.0114238648896425,0.4009840455233859,4.849500170549786,0.15122783341758894
117.027466749469,88.05393276210862,117.18291662268886,80.71443836700723,116.9984989082778,0.3525934025995766,0.1568212386572412,0.2725545879268203,0.3093332957088777,0.2752937908755879,101.0489365298506,1.701049291864125,0.0146317977117471,0.7599242075080809,16.30535957828341,0.5859468068059663
118.07715160323632,80.48207452063701,110.52077187106993,118.80806290279374,116.23608875271114,0.4419718053895666,0.2772677439175441,0.133132837185721,0.496879816469059,0.437993436424085,101.58381952509484,0.7329159976515867,0.0213420732526033,0.7087121739506774,16.01360738067665,0.5096050713093155
118.82840644784852,102.01294022790556,83.12624559541553,113.99156791220145,104.55313023236046,0.3640173941624,0.402529448323443,0.1512762799019376,0.4063659176412699,0.183099576684838,112.89573467388036,1.7810959054261806,0.0142542549562875,0.6744755730684079,12.733390062240927,0.5701198189930028
104.58946976753155,96.69014439434744,102.87367906084437,86.14319116344458,109.590801062646,0.2955904518295903,0.1711931157297134,0.4015139857328768,0.1983735522049787,0.2012833673966771,85.64415949715074,1.217062183062878,0.0115804987602123,0.7512745943071715,18.685044110298662,0.497096345535143
83.0006922940617,109.19123068175168,113.95913690499415,98.89874710257952,100.39321464228198,0.1436889397361196,0.3882425827855487,0.2183378523123511,0.3073120052807869,0.2328974229468157,104.89930758779693,0.5161381234434156,0.0494952969059073,0.4204301134180105,4.844866192704426,0.19180534191738724
92.48857091688312,118.7783433490235,109.32497898238182,94.7595421320138,86.99229544932021,0.4098805035288934,0.1905934625976005,0.4763338000185567,0.2285359899558831,0.1415406485163002,117.7038795138105,1.543636557883408,0.0282303992872885,0.5942632952176661,7.959300840768491,0.4191980167812108
88.78318368808365,98.556891444402,117.70273601257352,109.36585383043672,88.60974992716599,0.1961220931259729,0.12957637162687,0.2874954923969699,0.2001004882893876,0.4544184177779505,119.86764775217144,0.5251498795850946,0.0313473602039848,0.4442686157696343,1.0456624788495226,0.08645674653488883
114.38244533675592,95.12802092038724,114.06888731010076,89.66798391924524,104.7464244774527,0.3068514480880585,0.1933473794917145,0.2805081319619765,0.1783977088561697,0.1714917503699674,80.40342163918974,1.5106622679845212,0.020196195855282,0.6210087665413533,27.490448369988137,0.5202993154574982
117.06681952325128,90.31576036591176,107.7170636234342,119.49250479828576,86.02393148972014,0.2202625880533776,0.1433205859075787,0.1754590147643562,0.4752187491981687,0.3667210538789848,118.90269131593767,1.664346883931441,0.0103074896768191,0.6110019965694983,7.205669874216421,0.40356052225841815
83.53609162802698,106.96780769779264,93.58943790996122,82.84977909466365,99.01222471534416,0.4684410653829063,0.2027387765871135,0.4428053343203695,0.2449091227415935,0.1576779924489942,84.88840111121185,1.2571760039741164,0.0400289674163273,0.6067233535677717,17.092891200608147,0.4986680835682995
110.15082718575825,91.40489601660757,93.4018751002054,113.82797602587888,100.80287649045952,0.4218828400016787,0.1238600527451,0.2619411355739865,0.4277258674046574,0.3468739701786037,101.47802150877448,0.724411780488,0.0389501192891312,0.3427593094995635,9.178717964251904,0.3263373348253983
113.70927875225888,97.85557968574838,118.11900646240414,106.03178358870947,84.63595461276998,0.3072262781598772,0.2414535686014323,0.1300223321552081,0.4963887944143595,0.1699094906900193,89.85479237133758,1.0153410863794687,0.0489016297155758,0.6370302994609243,21.261235985549465,0.5130679732652146
115.40371952907202,99.57060763323192,85.6655587189162,86.10760535365682,107.50135740439488,0.2021233899904175,0.1943663049978471,0.4631765626742813,0.4054753570894122,0.2829319197757346,104.25564149576132,1.174035796199261,0.0108440832961924,0.7011914698000751,10.01373266250052,0.4299840700123415
81.89490026917959,91.46375059655252,85.59150361879472,97.64309718469136,96.57415087977444,0.4821692135807437,0.1211133523145767,0.4574681524886609,0.1241709342752636,0.2564522783738255,81.4810636680159,1.41511692451494,0.0154808293756259,0.5090040194895907,15.010730927201976,0.46247059843204
100.87505738755424,91.1854531641012,81.28174357512708,104.57544426140744,94.94872011529404,0.1216019513505958,0.4995875967030742,0.4657558010002407,0.3339195820984925,0.1871378295992982,89.53330722691176,1.3593696919670792,0.0384856419505711,0.3637223478516779,14.605335214338048,0.4568159329981367
106.05339994960184,84.34667883217074,80.551094211762,89.9317699154117,98.26189291976208,0.2107110900789877,0.2798173464228481,0.2291120729969383,0.1085255621739763,0.3625024032468539,92.02302532795888,0.9507425763844854,0.0232029454937022,0.6825986044940133,8.423071896482966,0.2921697160375625
95.7628789667387,112.41210221093866,95.11350576771297,101.21764718412317,103.74062369768768,0.3453711616373205,0.4617242812875363,0.2907416160421802,0.2378835847193551,0.3046068731671068,116.62428728318736,1.576791143055839,0.0125509252604176,0.6227602556575896,9.331763556170026,0.49773268020301853
80.87325566583246,100.60533507384756,93.79325037595352,96.8512051073302,84.01149593981,0.1778779963583358,0.3502161407299146,0.4080131531160647,0.1613846853502768,0.2273532870541317,103.34518187393849,1.5999786386371326,0.022038325447347,0.3756800755554499,5.476273516817494,0.28294816357814534
111.3128226259458,117.6961700323409,80.890752825184,104.05491051245392,110.55376269153432,0.4471203917465595,0.3022126994535288,0.3127346586710187,0.3889632788213406,0.3311571260885306,108.32838889438897,1.4685795983952423,0.0135086770197721,0.4638952427856981,12.753231992069487,0.5364804390159454
91.39230354599556,111.50222339452868,105.29420203065206,117.1665052908428,119.24019245415091,0.1278319072295276,0.4215846847452144,0.4691344148993871,0.1213108931963248,0.1484999025830204,107.0406073326828,0.7262707323620476,0.0435042302244455,0.5486602024527549,11.127934834986762,0.3507421160356836
81.69384455994819,97.79751044108023,101.87951150312873,85.8697293283061,93.45143321709446,0.3807900808829921,0.3417895730058102,0.2530067995886983,0.3156994595761485,0.3813354272004235,95.69153346396732,1.0714435017506594,0.0450773262161839,0.5506572662392742,10.690937119227447,0.3984542245690355
119.50589791025848,80.64921825369886,98.10031726097536,113.70618486872785,92.95605050877154,0.3017905847523717,0.1560753298542597,0.135774411653316,0.2755434940753527,0.4691539031395335,80.56084274248343,1.0073247537507737,0.0354755968794829,0.2488297097201958,23.84960826198544,0.40567283889899747
99.19194011020612,119.1218298315192,98.99507345902816,85.23685248585996,82.06885966665564,0.3231116698833975,0.2432880276071396,0.4634824678084142,0.2554528624715753,0.3036585923737501,84.28083053064803,1.6793864129035143,0.0254238902414948,0.234153335039791,20.376138065646316,0.533935941484439
117.81666289759794,90.63237653100262,100.16255626258204,83.62807064359875,96.9462048220242,0.1465997322514884,0.3949603782077525,0.3801211828574863,0.4176975971437316,0.2300765253711053,98.352339376148,1.664314966635343,0.0407515698294505,0.709877516871642,16.56884295749109,0.6286033034830278
117.20422077000497,100.09651974523754,118.84540607209313,90.353425489496,100.18180958815748,0.2744212876264768,0.1673366846108793,0.4858019504385997,0.134430938963153,0.3596053214699229,117.651791154716,1.7656415830951149,0.0352636105335655,0.7496089120111953,12.981088178307322,0.6194599189092859
114.38123167237302,97.93009418214976,91.17949494280758,114.21901453671526,95.59557875490437,0.3821029578260745,0.1630945894603918,0.2461292823321959,0.1172506267049933,0.3226433030346564,89.95031229734164,0.6545576174036103,0.0416792791677674,0.3216521014946449,16.423165493811336,0.3031814410916656
101.22893164240936,119.06108265660583,87.45933179023456,92.05602546880743,81.2427840027936,0.4979752571294497,0.2719539827288635,0.4960032881491746,0.150490169523585,0.2569817373071182,107.93274878473817,1.5597954922279198,0.0304362941867942,0.7307015152322404,11.217399307558306,0.5341452671336405
95.67350839640211,88.00733722339439,107.20139741631566,87.2528583506341,106.99251009623478,0.4607859880193887,0.4506781926629889,0.2294366311479136,0.3714442335073327,0.4544640686231163,113.06383372405428,1.7731986151824817,0.0483337961796273,0.3765538068243318,12.219258035472095,0.5738016994776454
90.5390171275727,94.208713364848,93.9544260818559,108.67007000654438,98.66037052553372,0.4067509864612911,0.351390478773167,0.161030245824009,0.1292010770282254,0.3458488719266244,116.2714113673104,0.5413587968608837,0.0216013477795398,0.1337619038702308,0.48298201910605365,0.05698382961618489
94.45195595410732,114.104908761578,102.8780250256481,88.55323285111992,116.0036511257473,0.3001102662756432,0.1952146638925937,0.2171079179836098,0.256834870880564,0.2982083408490023,91.73945648030804,0.3198898560935767,0.034167397098009,0.586304357429476,13.542103891784047,0.24699780417115205
93.70601184134564,81.55917510149281,99.78400895897812,84.95752217763511,89.5386577486297,0.256103587635365,0.2549166688343867,0.1462931245245411,0.4462361673021373,0.3436616327112377,117.25132698243016,0.4346399597978646,0.0423221040124302,0.0367080712148623,0.030559774229762176,0.011274917658790979
109.88443490749644,85.23007253505274,112.27776897416145,117.47629152523814,104.2612840163178,0.1584408738408047,0.2695497611511743,0.2666863648118182,0.3402483513956491,0.3435478471397326,104.31929042152716,1.3108541592282668,0.0457549127553208,0.091133096248906,11.377923262554956,0.3184043732183803
108.41436768091316,108.5434643962967,119.7123182908178,93.66153048806493,86.5142620497081,0.358088854791905,0.3791612229375229,0.1413416184516066,0.2219688802291248,0.1069391276690689,100.33627136471095,0.9878837732972736,0.0478699315956143,0.7528044632785962,13.104104431677552,0.3961357893159362
100.76668939657286,101.32999239326833,87.11649953184578,104.52437675976556,80.56498933907295,0.2818566048321532,0.2717720311321149,0.3937307720717915,0.1668467786431444,0.3525977828502044,111.1357052744354,0.5913398868738076,0.0258004389058253,0.4140973905552363,1.6794768391851844,0.11969153939301366
117.10673609816884,90.58297111285046,81.58240833560767,84.32997765899428,89.60995793118568,0.2226776791720608,0.2527665899238797,0.3877147449485817,0.1286192194294301,0.237113155572465,89.5485045344586,1.1745312505744496,0.0379737091668306,0.2131010958627223,10.141649454476003,0.2778939559713792
90.9562467442418,81.31239997990915,91.17419248774917,87.71766945973928,95.14483709738074,0.2565292920558607,0.3862997247406675,0.1796897660282802,0.4789651974761852,0.4991047811176633,112.50320926163856,1.6246643999806225,0.0216078848792161,0.3843275837789667,5.088578000631731,0.35543295935188285
95.40670949423875,93.56030962411516,93.11695534122816,83.58925110965005,81.00819788504648,0.4275640563280222,0.2198850005854112,0.3655466616291418,0.1332592126791732,0.4485117262826043,105.99850777766946,1.747680941219714,0.0359751723045788,0.4625421063592712,8.258065855682721,0.42725077287141217
88.08457200625867,110.2659770966646,119.63239062204488,117.14104700229316,100.16877422151074,0.3063971485041095,0.1705756665279142,0.230966623824681,0.42029709779519,0.4480907069708185,111.974645153814,1.5655117198921178,0.0173690522055612,0.5111323931147601,11.772961209656614,0.49723876613472684
101.27295423111735,92.5832627614337,110.95757754550624,110.59026751730596,113.77089430329778,0.3078853547737694,0.2921246001242693,0.4002938986213037,0.430475849007422,0.4059387249583283,114.22888780197836,1.7996449409038229,0.0268580473912911,0.2785778561703484,12.177875569596022,0.5396655608782278
115.82018308787538,97.37396992901182,110.6750227242879,112.25594915183515,92.33838489991,0.2537712200936831,0.3567703046437277,0.442943963308371,0.1607042536189678,0.2552546740459852,104.69389772095128,1.3073244477571886,0.0468094830272766,0.3099223680566956,13.134718543278428,0.41303425058615223
117.169689760246,83.77366010558622,119.77076716653131,110.80362872635476,83.73083621297309,0.1226475535501058,0.2635509142749599,0.4089128335674595,0.178811377370235,0.3167548604497535,81.46940432033877,1.7148789413705374,0.0424362526859944,0.4398105883905965,27.858524183599634,0.567857797014876
106.24918592420002,81.36717643713041,110.80747797776732,111.9689168663622,104.0964101236579,0.1146342933687308,0.4590599962926632,0.4280018779601805,0.3097636767148264,0.3823147983887799,91.9099064052666,0.9800774116344484,0.0298602459545588,0.5013316392775428,17.873583976987046,0.511662829804749
114.2744156766628,83.91533120859438,91.03695368163253,96.56710086370684,81.69831811312393,0.1415664659475435,0.4380837985589482,0.3861046124287085,0.1479869586900322,0.492275714047511,115.12078979846343,1.7418375809009523,0.0158738130419521,0.7370851666515456,7.118974582264868,0.4422745759686798
97.92864350284664,90.60853824450264,95.70940048407012,97.00410527969224,115.1764693395074,0.1090121776825786,0.3514043450371095,0.1687019986963266,0.3877030596878147,0.1281625015875116,105.0782604384279,1.8176730804297807,0.0259428640145652,0.3138209140431113,7.515289384897943,0.3026021711138809
90.81363882110556,115.74972514865088,97.03883859251395,93.11230882775943,100.10048197340583,0.1324403531372464,0.2865166962252529,0.4976037861607651,0.2106064959082605,0.3450112643026091,115.60225450482308,1.4512141062572166,0.015547159143556,0.6997497774143624,7.305040034410964,0.39941929326042874
96.7097314545136,90.29489252220584,100.10717299184267,86.07206932315324,94.07719772091863,0.3074396297496942,0.436847843860175,0.2154358430820641,0.3219777522845944,0.4802494060420723,95.38114008197152,1.0043310331364002,0.0127411055260924,0.7945745127635631,12.000070992885062,0.4900916335644553
102.63160877496362,96.53632977559434,112.95649444203188,90.26887046140664,118.7908631532404,0.233034323334423,0.2757622325240724,0.4555253258014685,0.2329995428937831,0.2522695058535262,100.189098232293,0.7429293476818806,0.046260455337808,0.2712027928662686,10.693401352514634,0.30400136941326167
111.38888083405404,118.70372103989888,113.52546219321216,85.6841570340657,101.05840362540056,0.2216475235510793,0.4238125501300291,0.4721547881751119,0.3524395522667622,0.349452052503861,114.50369768683656,0.8190640776582405,0.0296572588815605,0.0218275707454512,4.77278343252202,0.21431186273967745
86.79914084783142,112.7290941050903,103.36648596733184,90.53797257427624,117.18395888028684,0.25600144788527,0.1049934998285986,0.1695750395294293,0.1589753418360938,0.1463528011252147,110.48125431033452,0.4816214286285249,0.0135755485140813,0.4834969776789462,1.1209955809680143,0.07049915183853897
84.60744213257043,102.55449613885256,108.841622186669,82.35394149329727,103.91424132824817,0.3616189264213582,0.154539580949519,0.1342535810146877,0.2530326026247432,0.1996090651871594,95.10004525149076,0.3325331592063851,0.0386667436557927,0.722918132896322,5.508041152989661,0.16368811389461738
112.63604861852376,82.70109257672213,100.48971884426508,90.3422871259496,106.51697806147683,0.1583442182543529,0.1584511502234272,0.2024822827131063,0.3147399053504165,0.4032382400365005,80.90521144165821,0.9752315806716964,0.0129672600447589,0.0427111801773109,18.989729940064066,0.2866476930452792
84.74709468315379,117.48205722682027,115.78914326858929,87.43897679502837,92.93063537460418,0.4411106573008557,0.40056713989554,0.3512853038816683,0.4630498310077933,0.3078947210937002,115.21358252630822,0.3246701997265805,0.0258466166857464,0.1577198747250014,0.9155488147262328,0.07865536951727024
103.50539898612172,108.72249346537002,97.70624060641032,86.251652878439,84.16605975211486,0.3533427363414766,0.2646482201327473,0.2309536803522984,0.2326847117845013,0.1593269126849171,111.45427385931278,1.7910290467218977,0.0192116217125014,0.5409203439341662,5.975388897544579,0.3297075413458732
119.99061347657376,98.2140848577395,114.90126996593992,99.29504018516458,116.89430554184014,0.4186390602695405,0.1221472337334175,0.369874097505808,0.4457840771348144,0.2989713387941469,97.96643322865856,1.387426657889636,0.0165852113279286,0.6477223129589824,22.434821323998378,0.7082866843911939
83.51037531086203,84.56076765338204,117.18528750896895,117.8997218017914,92.58869789861453,0.1280803127366201,0.2713669846547564,0.2372906411529399,0.4942157277197723,0.3765060806475777,101.84961948560743,1.726417680897721,0.0313419683202002,0.0693121792721815,9.705383255400076,0.3774999119406522
94.20659547975488,98.09800939339031,96.64646720269164,87.60180863838387,115.93501535757498,0.3885439219315679,0.3063307675848924,0.3837657017768386,0.3890283906888673,0.1265435522984419,88.17248068536219,1.0277291563111215,0.038787584530403,0.2909902882510621,16.18227332378787,0.40565249833644634
90.13230402822576,108.21089637910606,82.68622710939891,81.55005326113718,106.14921890307684,0.1890426097909081,0.1051870221715544,0.3039229623714288,0.4503199419344106,0.3438218138781314,96.48404359343472,0.6419176514318623,0.0294875893911115,0.1909908271164132,4.250451050912237,0.16688578521280165
93.5606343029304,106.21837570880004,83.76084808675321,117.99405519663452,109.9405786757238,0.3000830111230838,0.470386339044256,0.1688874044087015,0.1298417232630743,0.4669222945638871,86.52781708045815,0.7579879506361801,0.0428320981956966,0.7719011543754244,20.70845065600836,0.5146300412797314
115.05068932103195,85.45882216178043,92.80643875571478,94.73376656825376,101.48690593307272,0.4611127019675253,0.3731889944851798,0.1983916648384208,0.4879056098817483,0.4061385407215306,88.42278294363344,1.7457829610922493,0.0466954770215448,0.5459750627910472,24.02548434095575,0.8041350684636995
91.87473942029658,82.4252296875762,94.75513522949883,90.18197258509127,95.4368516585286,0.3695578334338677,0.1891645296061791,0.3052356686532462,0.4290304965188,0.4441040898929144,113.85477973293708,0.463313153359276,0.0422872441813353,0.3805108006214664,1.2252207622443447,0.11005949966293899
87.87838170480104,90.47585498258942,105.07809361729076,95.5261533831226,93.81533572677968,0.3245720463205072,0.3091175374877056,0.3790735313230562,0.3112995377249892,0.2670724152262643,94.49889511112676,1.4719652098287963,0.0482596662057405,0.6898818315345977,16.554924603389562,0.5627088180841249
101.35622530889492,110.87442163375704,95.15471825391828,103.5007797022336,118.64810501472704,0.1341676045697555,0.150419870286232,0.4041101872802669,0.1098656258497072,0.1209220103190434,112.58893291705444,0.6449579244978167,0.0471614388594351,0.4301298591170948,2.96699047437373,0.13121241077089943
100.87920456472204,116.39190306070178,111.74690497025708,82.34874726600599,97.16395485877028,0.461857431234567,0.3815988453818739,0.1016850887656584,0.2248173497419491,0.4053273842382179,98.95599456191113,0.8680472902881023,0.0433006735520489,0.7290672905579435,13.62511888769723,0.47605970045482526
107.93273631474352,119.468476497928,98.3350516464605,83.71141816506957,102.48036698851472,0.2670403199909023,0.2875191291432447,0.2835196244184221,0.1808537613036162,0.3885565751593044,82.83111103623088,0.255331817699003,0.0217053040241269,0.1910467070024283,19.7438680458115,0.19726307868289125
85.06255168495841,110.06078241117574,100.30707989847112,108.93725473509146,114.77447307514096,0.1412025322085478,0.3029004422186684,0.1679823309837447,0.1186131238308624,0.1572975537788673,94.46108754424804,1.0884053463276169,0.0169732825893475,0.021870718375646,11.66717714859963,0.2067456696787683
105.15792068651108,104.49757317012724,110.18281181758525,113.69820005810668,114.76215145108011,0.4477339745246967,0.1704590659121844,0.2113476836049402,0.1552379152881625,0.3942180406631035,86.3309381844406,0.4746174299955028,0.0390804547815938,0.342990783172557,24.95557291302266,0.3171368456861958
81.45720782731533,102.24761187191156,88.65077239190205,114.41383563127133,105.93590740813444,0.2781796669026006,0.4774540154580283,0.3657298328991609,0.3125556881947087,0.3626523726512671,107.7430565850537,1.7543829643218631,0.0438211613709031,0.1634217945917901,11.450751032979648,0.467702957241413
96.80889916129752,87.52416912485405,93.56094503679306,108.151107781609,88.17438180846555,0.1161701532838656,0.4802641040514762,0.4825718441668992,0.2104559474222118,0.3513181930972534,116.45576187269876,0.421023858261442,0.0429249407454198,0.6685848561175453,1.5908477550901008,0.12599142132761842
83.74331781353492,115.52115032910204,110.56841398320466,87.9917972263253,91.69246173719966,0.1807660976559498,0.3189887178401835,0.4083156956497573,0.4759286899221568,0.2356867693062687,110.52302256453376,0.6881449403723883,0.0357448976283228,0.4263388783974438,4.489137752686402,0.22834074374895064
118.88280708523544,108.32737947036468,104.420880168553,92.30513941696522,91.9650057666609,0.3774021052171046,0.3865708457388718,0.1884595204658965,0.3516128525973568,0.3621685156751106,111.13750434584183,0.2758972102983041,0.043194726590071,0.2309309013535173,2.0600681794735407,0.11103866258486776
81.58094474760922,109.13927467607726,81.72700900227538,80.19429351109116,109.17980351443916,0.4056304425384137,0.4999789029818134,0.1160929477705922,0.1809220174710232,0.1580313727678962,114.47466186775064,1.9875354118903876,0.0382866477766116,0.6188591153885998,8.76906755030742,0.5069083909157656
117.954950285965,110.26012190909242,98.86560762497515,99.44180998243492,97.44545690596422,0.161773620968281,0.281699464248786,0.4514146226451749,0.279489307627102,0.3673921591337653,111.0665860312766,1.3725160239205156,0.0366146344521166,0.4215083064265882,11.450110702724384,0.4327046389665462
92.98574668441334,100.8685685674336,97.2460382856446,103.92671520163098,115.92480322004376,0.2505996570120876,0.227865326124446,0.4336940739316169,0.3622190040473678,0.2403581152330144,102.74293009626768,1.3762594367567238,0.0118630599063024,0.4022357563065484,10.331512322498929,0.3961263587662169
119.8003766929524,83.14973159531668,95.38733890645366,87.22824783067237,94.08481895702135,0.4656641044988659,0.2994046260470578,0.1753098989197154,0.2932887449870724,0.3698797751733903,108.5710515784001,1.1580064849616405,0.0284189811176785,0.1446318251818827,4.641133333616417,0.24473904534996385
91.49892074193691,86.98148526507153,110.56304213685162,99.85154971316943,116.76982328868904,0.2468450357024649,0.4375138945101574,0.3132575922424404,0.2871059119737865,0.4434845693054875,96.63819015583972,1.769097123611735,0.0113538445435811,0.7961721876351041,19.590460806884526,0.7515343999878537
81.30369772988058,82.6791205252796,96.13094331721376,83.21109281616148,90.50918385659334,0.2851671225864612,0.2657640567403266,0.1414865581333984,0.2449967515427861,0.2588193202252327,82.83151903595174,0.5023291484776669,0.0136948019179904,0.5272144568748507,6.7051494460327845,0.18939567268207258
119.44118972306497,88.35838429938457,87.92470965648363,102.94562675182836,99.91993163172629,0.1722489276897959,0.3351292806852671,0.1575368282201391,0.1894759154415564,0.3244367942900562,108.22319181379147,1.637490748815586,0.0316401861253241,0.6838588001968708,8.625160284826036,0.36603320179529547
103.2175318881138,95.06941112834188,113.07049439579788,85.54322205769851,97.13570583365862,0.2075934258898948,0.3558673240513413,0.3762052531682818,0.2205161642426601,0.134955072598688,108.86643856360573,1.6624660829159583,0.011899161355769,0.6077858729587513,8.666504305473186,0.40798325321946294
107.59047393776348,114.72945761131598,94.78286425427032,102.70982396375013,82.76559780029046,0.2957807335315673,0.1371593680367268,0.3060942726095472,0.3904871368515841,0.3481319165883213,88.94890361716023,0.3132246264648192,0.046528815308627,0.4023470903563649,13.805078216003068,0.24967048372412604
86.81276352447316,82.76552649864458,109.11523567994088,91.52239874888562,108.94981160767352,0.279307056484807,0.478343419159019,0.1406988932328682,0.4520006027647725,0.4200515490564812,118.15766255301222,0.4821846611211517,0.0280136382866591,0.0077852695180465,0.22706568404478064,0.03428046925363767
82.65593116173098,114.50191201633302,113.42120792444366,83.5571497220113,80.95026025828746,0.2678954321458338,0.1611468687602857,0.1623467143110565,0.4687223042971189,0.193481865711304,82.10045730557972,1.2075105765270813,0.0379986659885819,0.5333361614470663,19.336266590189734,0.41627212751523146
82.25155251927964,114.14520692586936,89.38813956207584,101.93093271432755,97.04976812720228,0.4496462831951314,0.3013180879721155,0.2846938546909466,0.3478045070335283,0.1860156331572932,109.43836193111534,0.4078351607756227,0.0159118072985217,0.0805954504013109,0.8182926479351459,0.06350383619354366
111.82102104914408,99.55593205882684,100.0264336264508,119.5636775799961,86.00518226997028,0.2713482696238776,0.4753937755219719,0.1953027715914999,0.4686334235519007,0.4976838786436715,118.73913554509302,0.7441408958847675,0.0439038100041984,0.7691720280384287,7.949073754257008,0.40092996515662094
113.22815754983723,82.06998982415539,99.10595078291882,115.45339295732094,106.60855862416486,0.1207628752301987,0.3125516490365486,0.1687277198774754,0.3486857023826709,0.4958170572859502,92.36599110799922,0.9564279424825286,0.029122676653309,0.1994119709012366,15.602890956876555,0.3760824688217132
107.40858477464532,90.53269129025942,96.74299165445817,94.66324253996204,100.85772840631977,0.4587523581672823,0.4699393846425413,0.1853399253248397,0.3169278395557205,0.1939324065579802,116.49861672433522,0.5251307278480895,0.0323510367845145,0.29386636841696,1.470074534901387,0.11501314667938847
98.48911720574672,93.07593407507956,92.2192244948468,90.03411566620488,94.60188987539034,0.4597698830310605,0.1764615972296986,0.1615835649636799,0.1048650526856075,0.1727791440346486,113.05745012921876,1.4822567041718353,0.0359393671945681,0.4412475515199084,3.495837894298799,0.21568370368211298
85.99765911736243,114.88417208014296,104.08477567333708,85.35145702375422,107.75437336836006,0.1759051387418131,0.1309960750102446,0.4470964413652636,0.4119991234784496,0.2017925989389027,109.76437861084938,1.1163573291793665,0.0315959301150752,0.4020915730778563,5.99602185376675,0.27639266222546116
113.90665871991894,89.50142688209036,86.02402377349055,80.34469028535008,81.89001355425941,0.413303081324481,0.2688658187187193,0.4102081237392738,0.2292030607340694,0.3258616905951508,118.15166271231448,1.3696787714568806,0.0325274848901938,0.5241183536108563,4.4856562121308325,0.30731359862678054
110.49005393214046,119.48745328166775,81.79521289905107,109.92283836319572,82.8744866336384,0.2526442167816674,0.1750703268093876,0.3342531536008003,0.4003323199911405,0.4012428498376595,106.16228299233607,1.0800241757344813,0.0397809331582384,0.6267580953271799,9.732838691113605,0.40463941371616596
103.68531299614668,110.24301129712951,94.36817589070952,80.43738884442655,103.80757408501704,0.2425157673276974,0.3074847073623312,0.4055114394340345,0.1217990378090363,0.1287553333203441,99.79522609462931,0.9718476944545342,0.0422588548318876,0.6061151711958903,8.73551033314325,0.31353199881829147
119.64978512560111,90.30469691353984,87.57965108748863,84.9570357101406,102.21022479600224,0.2504890959888309,0.1893886404115867,0.2498584078200881,0.1375012319438494,0.336803212270115,107.0272408720826,1.1116808436042356,0.0222466425367415,0.7264684805521275,5.532257985422064,0.2717594258879748
103.85780397441091,111.6908334868161,110.12293094482038,115.70165979180348,112.23090793369204,0.3686962023977418,0.4167362031575625,0.3602091752301307,0.2585525580024304,0.4739712899271431,96.4729517030975,1.8241508440577292,0.0468819718019643,0.3759331812185949,29.747682361796155,0.8371481038798272
89.89068332317778,102.23509619503044,91.8964783637432,93.1914151820601,117.27777476919984,0.3905328064111962,0.3110724983307102,0.1827401633342369,0.3595899946944862,0.3366882100343824,92.9954869365154,0.9430679495126456,0.0241558671638301,0.4273381153862126,13.518747002414926,0.4079483739938553
107.27583620268294,118.98361653004424,96.67650146874978,101.49750293415906,99.48461679665688,0.3733319995750186,0.4124499061233205,0.4660198475912896,0.4796226365432583,0.3520742008502385,83.2898250012611,1.3739595444240236,0.0208930242479136,0.699261763866283,29.987673551308056,0.9060359022706661
84.29148230094907,89.46807978106413,101.10545442417929,82.69497220532025,117.25847717235555,0.4863824143013373,0.464568959600227,0.1010457428060884,0.3550469864984031,0.1713877639336254,95.12034313641584,1.7094344033756388,0.0224572168850543,0.2258648974087978,11.706682978793852,0.45387303962527
84.95374727773483,87.91922985667628,110.61284895754548,83.87738167157255,116.01112398461638,0.2180770617833993,0.2190000798942355,0.293251855854843,0.1043464711973465,0.1943185632098626,112.12780233942745,1.3369033879004313,0.0243406062955131,0.1967361473248398,1.8779475245499098,0.12172055155861902
109.02803882890144,82.74483428435435,107.67388245142612,105.26514168685271,110.29397730959674,0.1116483827839346,0.3602234262876952,0.4557150314771333,0.4991154639327728,0.279422756712839,117.8174315302619,0.6456126661781723,0.0226772242323839,0.0072988057856473,1.4276938852211667,0.10063874875793279
113.12791409957345,108.7340225269262,103.44705181083889,92.8985327432711,107.89094647319716,0.2040564441176611,0.4412414386922769,0.1452634070161891,0.4896955924224563,0.3859349818872809,119.00606870292172,0.4634294443880028,0.0437500070753918,0.5907844185407982,3.5067498895156057,0.19788435563483844
118.27886338523118,103.50087122115497,106.57379473737016,97.48512168799203,110.24483238972296,0.3015738661469657,0.1386602149296933,0.1072783742839085,0.3178128789927756,0.2655402029760085,88.2610348384006,1.284034976884393,0.0324461072207192,0.5500685274934561,23.806012302092743,0.46609442823086333
119.90669569354544,86.41557296270945,88.09621118015049,101.57751034657558,99.25501589046632,0.4370657977448147,0.3569221918773747,0.272758538598278,0.1904028240404775,0.2921688835248024,102.85727047903814,1.522941760257463,0.0487058152774941,0.2213762555579447,11.446142925623533,0.4105457856970811
102.86279138026876,81.96296190897093,96.17105825321796,103.31913048262244,103.40765405219852,0.1651977115144626,0.3668050649892741,0.342291628986304,0.4240285472504811,0.2798117088969105,103.0299263347004,1.5952900128424543,0.013358223015029,0.1039323771854015,7.100331812506638,0.2909903782303978
106.29335847073494,108.80864116010656,105.66188813363426,111.6097262155774,104.99042538738368,0.2114594132110116,0.4345581436943022,0.3763988325839539,0.38268366562374,0.3112338285625382,87.04190178221347,1.4641538455720953,0.0345592069619886,0.0340247395874992,25.942601978996585,0.48817962148195365
101.50030650148818,104.24785715551243,84.0477346701333,90.9262616290208,101.09599122632524,0.4503914459547492,0.1911134029886143,0.2606768101411683,0.4184930286659295,0.1531843607874724,103.26512811077755,0.2560448934999731,0.0138409718933203,0.3902903103093371,1.59518319488446,0.09489440426157317
114.91948861606828,107.16206225151971,83.6163231388759,103.69099801777617,88.86951950548396,0.4232437972064858,0.2410380882923361,0.1502014796121468,0.1316597942140916,0.4372114875014937,94.5105136127115,1.6042205159821388,0.0283540033872211,0.1547858308213076,14.1803746889684,0.43096001097731496
109.36066239154891,113.0976341003499,103.73825090359894,103.65450439006838,93.54365772843256,0.4114462182502543,0.2152165381558065,0.1465448756949913,0.1988937704150872,0.1851950542774703,117.69625743864616,1.308089706502814,0.0253094009013355,0.6347176979242648,5.548747621193573,0.2990336659822033
97.85000084645236,114.5643341526138,108.93281323868626,100.79014638783372,94.72929544993484,0.3932222606768792,0.186225233742767,0.18643940870705,0.1129072529995421,0.3387438753238072,90.20808800902866,1.9793174192551344,0.0372309966044786,0.7600269832414208,23.90332786934421,0.6634234194828951
82.01518953154218,85.7202960530554,87.72100758157482,94.935341730347,117.76574588305098,0.3755918193024429,0.3613961875792336,0.3274396624624314,0.4864299795363341,0.2890954048708353,113.39844782033396,1.588027740582309,0.0398177925312478,0.6214875458608938,9.890729146596925,0.5240432266833396
100.20613579434996,89.39360653036924,84.23000549846056,93.53222098411857,112.62922542204228,0.4440546032484939,0.3584039641509355,0.1336647762751344,0.4240353843904357,0.3337554166759273,115.87422513250884,1.0028625313487176,0.0195237460826279,0.6812763147268726,5.598150964520418,0.3308674838098628
95.33371173642033,110.90023224089654,112.10819904507515,84.43283078794816,104.34639010507136,0.3614102637301738,0.1720909742495407,0.2749960376569429,0.4522329897497137,0.1861724772345261,109.43489022131465,1.4332624285438595,0.0177485926588761,0.7926338470503193,10.326524226636593,0.4656441738373056
118.36384253484442,96.08552299614216,82.0377635601209,116.93210761031514,115.34665126289931,0.1000499626148774,0.20300348484699,0.2950169796705648,0.4285112173207686,0.3573163602293404,88.58709111557856,1.3278875361041034,0.0267804173010899,0.5926483584010258,24.763942168819753,0.6070278854082772
100.88565788836009,102.09012481376038,88.469644111045,112.77803022178549,99.94400153568506,0.4676253875828703,0.2822257726511574,0.2563260891828149,0.1925672866382853,0.1872249938156416,90.41476273465877,0.8404385868341501,0.0196794920201149,0.453858933811722,14.31722278467368,0.37031137979696216
81.35511180570226,107.32059825795992,118.01985079210824,113.16601961383,91.0879256084216,0.3944439588032241,0.1321436492181236,0.1970854339332034,0.4543581038160519,0.3307683272398611,118.84471461878968,1.1836760027619229,0.0370649602848485,0.6480089837197323,7.085902907365933,0.3789411624599139
82.13300339733362,117.61405650152722,117.48250899518806,101.29661278851478,105.6926964668614,0.1186350436273329,0.3817020193319141,0.3026729471012466,0.4418086909992063,0.3729735490165052,83.03316264484576,0.6076667140936776,0.0307079059905151,0.4510813328207181,24.274544364287443,0.4462882896897944
98.50400242843232,96.79061468395034,84.77793743714801,83.87011593444385,89.30928586704749,0.1017786351911154,0.1822956348699682,0.203185480225978,0.38089291566466,0.3037256710680377,84.68343628816504,0.403702800969923,0.0430790807172559,0.3460120698760054,8.173864779691737,0.17830492545789814
113.46562985626176,85.8332920294272,89.06794607658843,101.9445623728883,88.60524872313098,0.3989789988364652,0.305146879513385,0.2309538442786404,0.1414642586834757,0.1810488394674945,119.14278937512093,1.5327927759921445,0.0492508816911469,0.0260039842642668,1.9624343855387794,0.1428375232015769
86.52826738871148,102.53264966791848,94.7237308398646,105.04637143361876,116.48821361634704,0.2603120321382727,0.3205817232727115,0.4754549612762491,0.1958880708266004,0.3664339757786735,111.0757909676288,0.9222252149475852,0.025124314580819,0.5143843144023055,6.935776955914884,0.32833226875965754
86.03972525740271,116.53734639252256,116.09959869691674,113.16350333343613,105.2514366922434,0.1610183645973206,0.3855012487689336,0.1045363508575916,0.3623679799718463,0.1652870626858097,109.85535404240844,1.5724983140818172,0.0464798686990325,0.7180144263772315,13.70401232563111,0.5000735176876849
104.8058662986219,105.56850639746006,107.61982204871252,80.65928802384629,118.323703166426,0.1721297785523293,0.3235630533258309,0.2501646183634849,0.2885220602203345,0.2235555530225031,86.40831044582801,1.104589780101121,0.0410868894861734,0.554521185660999,21.231811710124123,0.43663343242543096
103.4241504586232,111.25863357609688,95.09127356245452,80.49588855663184,100.38938639505776,0.4813868198113301,0.2162624400327555,0.3168189698942,0.4417422222163381,0.3656723249043284,99.55755326105675,1.667131405806782,0.0159649364602156,0.3233170205602307,13.335283032694955,0.5199960494491118
100.28760477263717,97.47957153245808,93.58868216648308,89.99304351238888,101.10179497988732,0.2291107787926882,0.3209746733467278,0.1331964504930909,0.3182745610830769,0.2725556353414168,113.63050409938248,1.544315437909322,0.0434371322876802,0.4935195128163581,5.789945272275985,0.3063983154692012
95.01112558773976,118.79727532199234,86.91709231067726,92.78662270508347,91.75841883698284,0.4031734828293777,0.4391611372536469,0.1798466086589756,0.1326143621843052,0.2562227924979342,93.15482804836893,1.5872291970129813,0.0292602924921094,0.6503649387300987,16.300309578022745,0.567385631341415
101.73236704943828,99.97121027896593,105.74961861697092,118.00007082296833,91.4088434197547,0.3136601632802188,0.250720779326009,0.351424468399232,0.30226051188763,0.4746504138660359,87.71060529657642,1.0013301038910831,0.0383664348480077,0.6113921077524592,22.518152732421136,0.5704273927196037
107.71086277019988,81.00160812020735,90.495538909345,98.54878911986371,81.23979153924537,0.2637564493278372,0.1329976691794329,0.2207740084565908,0.3423575449452978,0.2024100394428344,80.43781271072532,1.9320637045566964,0.0381044641727879,0.3929427567934604,18.817474951011018,0.4489547379231514
104.70677842214556,107.13242433606833,109.86926859352188,100.66298019372049,104.15778659914508,0.2075953807222535,0.2358289936089403,0.3984567119636221,0.4760532937175846,0.240150653539112,104.90169939443044,0.959195517586576,0.0454386241595088,0.2893415559745767,11.006530976734059,0.3591561280312589
95.84261005113947,81.6501213002625,83.99807423098052,106.19983696805856,119.82221198343106,0.1781952159041967,0.2682547808668412,0.2407358771918504,0.4960099656492703,0.285547303407197,91.75241241127178,1.6380015769440122,0.0404465881379956,0.3174910198628893,16.513895278823817,0.5063039387356965
80.63212956653184,102.30333987305532,110.04035011530232,113.07099312055514,101.8081960489056,0.3717133411247456,0.4655152266579413,0.3516246309455534,0.1997513899679415,0.3429640381333121,114.54689707514164,1.106780409451975,0.0429849495247156,0.7263273166188617,9.707990809242036,0.4521756017745504
104.7966392073642,107.86899781098214,114.35864998773722,84.89158148811275,117.04728785099454,0.2607505344260464,0.2689399477755228,0.491729832548162,0.211436405437941,0.2875740585913243,91.34072347038162,0.6613999113008097,0.0228364775654882,0.1358829419045024,16.59494968206774,0.3120881557438026
81.0406961420628,113.44799003831102,83.06961706238789,87.78512846419689,80.1557658552453,0.1639468182796801,0.1714176794741955,0.3413937696343335,0.4004062832610858,0.3545839494467381,86.06303248738013,1.3505993892319117,0.0489255010384798,0.6903836737756484,15.145708003216347,0.48741004978910674
97.81026822144165,93.37436906869569,86.6397164594811,98.04360643215624,96.09483532688736,0.2317135991611883,0.1238472690260079,0.2881055448594768,0.3017078612375856,0.4082606431839274,118.41790048017272,1.07094148588619,0.0364636864810713,0.1562269723799232,1.3939048798919111,0.12105076319781594
110.70644130794966,115.72521224280128,106.10269007068328,84.97641554906096,91.81563178839404,0.3561158249167819,0.4485034510403948,0.4131931514780367,0.2463511135243787,0.3528885694098793,118.5910804901804,0.7121222590328168,0.0409476657791466,0.784711799867556,7.002523927597813,0.363040490575122
116.5327318732912,83.54937972031557,96.27423357563306,117.70018476933924,118.02659365877945,0.3989146117820507,0.482752147669098,0.2689408650488983,0.3593127969244544,0.2570655341126536,107.4009531341096,0.9194304394762252,0.0443552514205083,0.3586743484283001,11.077767255178195,0.3923663549592332
96.4481270819557,106.6958755239519,98.26982393415996,110.13842157745368,81.26325322771994,0.3951312715479148,0.4647972685242229,0.4676904062878301,0.162835006955004,0.1816386390483515,117.13542810385084,0.5298903409096438,0.0149513287764359,0.5867443646192473,2.6303968398633484,0.17225833408142685
85.76628595685433,104.56795214174396,89.30209049772255,106.64209197076596,94.04891709845194,0.4019717803159195,0.3524039543769608,0.4620429147419819,0.2255202237662141,0.4392083244585052,86.47334324995131,1.9773294758015365,0.023456434979576,0.5834995492065271,22.115438115851067,0.7746166900121153
115.46582232511284,112.77037542239948,99.71351200275129,110.9158034837943,90.84551544940362,0.373510342793544,0.1781825240626398,0.1505977475982557,0.3810894408034431,0.1633846050897072,98.41363439881178,1.375571511364763,0.0434374388594631,0.6180248424385737,17.28131603580095,0.5066253249115409
99.7703910724745,87.89928207453113,114.43544674083977,112.9227046627366,116.08598673636004,0.4177316158972592,0.3228380160509269,0.2907468249851159,0.2102116143685678,0.4935382379699439,88.16635563857112,0.5537034823886507,0.0468792796452904,0.63151668662739,22.72369645141621,0.4703346906229309
115.09907924897038,118.38385048237978,89.13344926527704,117.27297163181262,102.8485276540799,0.3888668443642106,0.4112254588659508,0.4074843710661353,0.3336062308706387,0.4758795367835512,99.15133032780116,1.5880295883041131,0.0402437368821149,0.0312597857496991,20.315381289805945,0.5311058994921322
96.89980335672608,102.41495583871492,93.70409426601113,91.54212027843808,89.65257351910115,0.3335286013530707,0.3080182340416598,0.2094841769691469,0.2126943679366694,0.3947535623928174,111.64711994987222,1.3032873705907762,0.0292923572620263,0.2186674906598351,3.267771775442224,0.18902389626134558
83.29711957828508,99.8625958858875,115.5104670285555,105.20607877097538,100.83902531023094,0.2339069686558422,0.3914842980586711,0.4810827035259301,0.2757229747115035,0.1389302571518568,113.79711388000254,1.5144646097877124,0.0200448905442468,0.1837675900875042,6.593429309163092,0.3257898582998768
97.14371673003666,98.57606505268768,88.37109390287804,112.91743508772387,87.93531853126112,0.3666185925317745,0.1038092126781942,0.4148014085089188,0.3102612468154874,0.2958928816034619,80.166575770708,1.2728511534731293,0.0310010995970724,0.5588745824932646,21.81333182412948,0.5279065234241741
108.66491026909252,110.3994004598461,102.99476168110937,114.51705499819316,91.642014098026,0.3277768642310749,0.3065634175738864,0.229510908718409,0.2126035638716967,0.266118984249558,95.5801358679945,0.3558176339262081,0.0258920089900635,0.5466539640210478,12.24085929114542,0.263890160999177
115.26468884971452,109.17641838397216,111.94999311047044,106.58318838109255,113.85372067959878,0.4579637127662267,0.1541481839151372,0.2299058386746333,0.1769201711797617,0.2708547906949528,119.76274748449902,0.6056695307676994,0.0454252318516929,0.2376267873388922,3.6877280400789694,0.17088270108069367
119.72395450870545,96.80651418098554,112.55662734838282,109.78319038072136,98.11480662848072,0.1533993676492684,0.4043182455608929,0.1413869570338299,0.3661048374469083,0.2070841299476093,103.5725984726014,1.5953025803813463,0.0326906003656508,0.6348335467267897,16.451502825409854,0.5283911016878411
117.07795998930048,95.77703718290378,102.6186366510495,84.23769427963846,89.03100776265065,0.2888759987430651,0.1799951846870165,0.3920894717902876,0.4793103957073298,0.1886981149571983,91.84783718791807,1.5701130811821573,0.0256826540742336,0.2492964598840777,14.182150867941134,0.44940675426955456
113.62784682135045,95.86210891315388,95.76336357661032,89.83924072762481,99.66441337189818,0.4812612830851314,0.2301095204045736,0.3231388668207606,0.3806359804342304,0.1797074464260774,95.55977040167052,1.569281829801436,0.0299391968202224,0.274348176394134,15.061396916337165,0.4985229494884889
112.23267845402488,115.8065647109496,82.80457728176735,102.99282924960464,98.69093471569336,0.2779055749730511,0.12713099226562,0.378821510411208,0.2666464478897914,0.4566578130558364,92.90254986535172,0.2766257554971715,0.0473427017489312,0.3190806877991163,11.509714918638569,0.21997196551202292
104.57127401886314,97.89102747633076,95.9457928341366,98.87522849717958,103.27996515025656,0.2095967554292551,0.4694405297295708,0.156415937873138,0.3427865864055533,0.2231232719488715,97.90393720121736,1.6590138848775675,0.0345303391412552,0.5956717674824462,14.271845946842305,0.5135003623469867
100.03932844127108,98.88577804082584,112.71341239832324,109.8259196495143,93.65513976724772,0.1727126443813149,0.1375748686876662,0.362257023531476,0.1932671733036982,0.329125764828419,97.77946534366542,1.0184743408692785,0.0191591760046253,0.0094223451456319,8.764941194113105,0.22787477132975173
112.02308470061284,114.14602676018,86.13968821496762,103.30729846923036,91.41247974396856,0.4917674891341111,0.2263847281118126,0.1139777110866915,0.1571290457585682,0.1477288037644683,100.27453220789856,1.4639075398508925,0.0300031031615868,0.7251722010032841,13.301338932761768,0.49009465616692044
109.56689287706892,89.55141317434733,106.85614096692127,90.20498624230537,100.44575053719772,0.2853134108820943,0.3978602278642509,0.2185777543127433,0.1583371083375373,0.3563067065315708,98.58024028769292,0.7261394369796145,0.0286263294797699,0.5536439489497607,9.18022427911501,0.31288287183305796
117.94585871664768,95.25230153825738,115.0295394385283,119.4777832481558,114.99403395220654,0.220472083539697,0.3300681397248931,0.4735146238691008,0.2165387819706105,0.3049966457945074,100.64454739825936,1.5966751144347957,0.0224161710042631,0.4692787038361743,22.30188319684769,0.6694238707614657
86.63464118893371,112.78632878140652,81.28597580402246,95.73207534797233,114.82933493271454,0.4227247654524865,0.3766872449990512,0.4005912699116744,0.40902774994244,0.3159664081336172,81.11955801300732,1.9689930954184345,0.0394519804708237,0.1898653144822365,26.805922762693175,0.6774773447068332
107.5500885103968,101.30961709351512,95.51456100330482,112.49187785881143,108.38233615792883,0.314424843160906,0.3875558321793789,0.3790593080454223,0.368023065611874,0.2528538768570654,82.17707585908973,0.6936928137238088,0.0207314779780317,0.6284106543994095,25.546123793886093,0.5212811025221835
98.73621278462691,115.6993734883864,89.1979207127453,86.815660366345,105.71215057334328,0.4314170582419507,0.1944811557483557,0.1622927865410849,0.2380648876462806,0.2015324961619824,94.84575892831911,1.622345870729539,0.0297019597984882,0.6982305174686698,14.66574794367927,0.4806189002564983
118.8797737080708,89.89026293227082,89.98681515735306,85.5799539184876,114.4225422109453,0.3652730048812626,0.1924071404599843,0.3625959353403476,0.3052891179363154,0.1609800272301038,115.39766256967872,1.3086632928006048,0.0276418681174027,0.4012373760722225,4.987699034027235,0.27251788801294435
89.05590161645337,100.12714106899551,119.6348991200882,80.48563603688174,102.25944362043175,0.2033585056484091,0.3086907137212891,0.3932421215694792,0.2593006576698704,0.193133056871216,111.63329213606336,0.727917679619931,0.0286745066898313,0.2339686594024658,2.4221379963685292,0.14125072295531682
100.49156170819784,112.2978950564062,94.21126158211108,96.41365435596164,86.71751922395455,0.2180312836375155,0.1380468757093587,0.1100598004360932,0.4892517247987417,0.1385639737463661,84.40614567646256,0.7651248267036312,0.0326710222989509,0.3044426928153388,16.456116113964136,0.28627941245195093
109.63260926543148,111.38835636752592,85.46653283115322,95.73828295953288,115.71619981450732,0.14995493804426,0.448385634031857,0.3654020942877032,0.2744290124981305,0.3596093622903398,99.79323834973393,1.5303659256896498,0.0373318906423039,0.3330008100847867,16.183481220717994,0.5229963248159945
80.10829094703149,91.95036282490528,102.20169140210191,93.36375438639811,90.88180756710678,0.4739939294121641,0.1397509245742824,0.1974844108701329,0.4441201613882963,0.4122557381204428,104.18349083912624,0.7476054625432669,0.0157199937074302,0.2447323047302959,2.9120018879114498,0.1750521505675418
98.4014993961285,87.26092432438774,101.18500963837936,108.26783685252904,103.01179810514007,0.4977026886228763,0.225563526028877,0.477954558855418,0.2374755325180017,0.3860372764741973,99.24756971340358,0.3336387425780417,0.0215330040681532,0.5697508135091083,7.577956909713696,0.26708348454618935
83.72437323434124,113.77634456662292,86.99911349949953,110.59248002444514,94.42260443103402,0.4530971790486345,0.1683128381033447,0.1822554620140801,0.3323834592129386,0.4375299080142056,107.90266547916244,1.7794305247378497,0.0409134706891825,0.2737394463358337,9.952404661713858,0.4198074399549203
111.3104539222441,88.25091613621383,87.4664841478172,99.88103384869927,81.31744058793441,0.1315798140888446,0.4403523239023614,0.2372482118180386,0.2624906455890007,0.2359444382750224,119.89052632358084,1.280661193989015,0.0463098140954647,0.6569737672863277,3.5550280973514523,0.24958498850425526
89.01189355129334,108.96049008737393,113.49533913221704,83.23141455751242,115.28310837752416,0.464591961843075,0.1523177306331356,0.3297097924705373,0.1592432322503167,0.4714378520379365,83.85896519748685,1.5773288575853457,0.0117862794415009,0.3709528319402049,22.86716772858137,0.6129610411772943
111.90068816212715,114.78737182827862,107.9371421831536,106.9661226917586,101.00372933379457,0.4191725254142477,0.1935277097044311,0.2191113072352614,0.252606131185071,0.2621670701181746,100.62136125828007,1.3056415425738064,0.0129346230040421,0.5031681442530852,15.70235589213589,0.475427950128533
106.1114889796526,116.7643865826642,84.02088005666833,92.63057911384364,82.89819894383487,0.4269371434528221,0.3258133421236762,0.2711797259566912,0.3877778627745412,0.2831459505375227,100.49485851850211,1.153800512440951,0.0473531872345313,0.758361854566081,12.534627780139274,0.5204532272595392
117.79220687776154,97.81061863997552,107.01377882704752,113.64480258017286,119.64000992305957,0.1512960067539162,0.1429956737078113,0.2303826719180687,0.3411480950460688,0.1539365310592937,102.49515190922727,1.5974691670769696,0.0159176357834574,0.3568429370572857,14.727494591685169,0.39110476620913776
86.47129831169063,111.98050422872916,115.49691592546944,81.95501507403503,110.16362240742292,0.320053668278963,0.2078438579234934,0.3781653662433167,0.1113050804705482,0.2876093725922292,86.67869823931831,0.3062735764553177,0.0491715652214843,0.1362769659127947,15.713713032443593,0.19667418710661186
94.18901284786202,105.94387165881729,100.5619278415546,90.38969008346548,85.40885448015945,0.120905659605693,0.2322031101101282,0.1062300577147516,0.2876395042311725,0.4068063473912047,105.53431163956876,0.7958013531163619,0.0431288852717573,0.4399378559173384,3.6419829093954212,0.17034799534051134
84.67788932356834,84.13291430833966,105.5116016053831,94.05643405598153,88.6653375282349,0.1400880150983778,0.3940890767976108,0.3336781068369324,0.301842109254408,0.3397933049120967,81.77363690355105,1.3480702697014189,0.0148281770579062,0.3973404210435867,16.054120109612786,0.45336685182474495
107.67540370823612,107.47398263065868,101.56673169427992,117.39831267463404,95.41656925765685,0.2343588526916782,0.3841358215073157,0.4118663367683089,0.411289546234751,0.2077839157574753,109.64493947727289,1.9019557159300815,0.0141010021289225,0.6260666405513656,15.75954063073795,0.7113984752574134
113.43451885077172,83.00557631728785,109.59324376154018,119.5378965532772,113.86392865151268,0.361562803875941,0.1592382902981105,0.2981678454385068,0.101051704023807,0.1774347036033364,106.52638102560448,0.9388887654580248,0.0490918771945949,0.6881595706364672,10.888808710452386,0.33164270396104745
103.18658877240236,105.07064257308642,94.13158197747788,107.17940873032416,110.81581532725308,0.3526936463330422,0.4497446020812518,0.1196113194344097,0.3234211168697321,0.3547100080420122,93.21694673650651,1.9567590842103395,0.0201929119872907,0.5700958157577314,24.44812328890935,0.7820326570335824
119.92913924471416,99.69851668001732,82.45216263093769,103.8343180292394,84.76096599928674,0.4729563924730985,0.3620575178579827,0.1412130809882953,0.1586976970177922,0.3543056515547991,119.55957444400198,1.5717432585636724,0.0315466880662247,0.7771637656487571,7.626762896535069,0.44511898376097064
89.7906017422444,93.15119645222948,109.24119492593644,87.35232495514002,86.6301178736941,0.186247870705293,0.4713221899509153,0.4682748803143545,0.4794623440628853,0.2171810431248773,113.15113530684712,1.0985687861829068,0.0194494281267998,0.2153557431282022,3.7047700170337,0.23721389677788138
81.7985696999531,114.92959745415524,107.74021697424244,81.59785862470505,81.13169222552459,0.3867799631841265,0.3652055627739398,0.1142415125351088,0.2062260305385118,0.1827066918717873,101.58142540176092,1.0010272103404023,0.0340269805252285,0.191356448073235,4.088419320602423,0.19617730834381103
102.34697185900224,91.30137605146844,103.86905401727716,97.38416702723862,116.93250249241018,0.248323440695336,0.48122148661809,0.4382406555833353,0.2173698365473108,0.3120126124397292,119.62041639742426,0.4765244081382427,0.0436011417564408,0.2330294483563744,1.6989714976612353,0.11793870309685096
91.51236059845472,107.16581473755572,82.16217246474397,118.23442136755702,119.23029871633408,0.1769064486346647,0.2109735969183753,0.1260012996059538,0.3570426003667346,0.3627683097985316,113.2036257491312,1.3265897460775395,0.036276367455911,0.5367258314573172,8.084595121879042,0.35118589997023697
109.5629851606565,98.60849886254292,88.79973757309045,112.5006536099186,109.45416388588087,0.4354006483213773,0.4486207253709017,0.1640237596774891,0.3972163784651948,0.1538830531309329,85.51909120546459,0.3416189181668672,0.0118646663577856,0.186032812259134,18.37832563123096,0.26501334880104127
88.87816158243797,98.04861176629063,98.5119575126714,113.05642199890836,107.35378737336306,0.2494860046983243,0.3062146286236885,0.1197879656348304,0.1627054846181817,0.2084464399960152,103.64242416757708,1.000880069482356,0.03380757374535,0.0707339392943076,4.782232338450906,0.16328541151558096
105.7267017416022,105.99309690253114,90.81880317529917,94.86845039318136,81.82649141746825,0.1510169318536757,0.4736385088825332,0.2153276752348465,0.3004686658035654,0.4986136951702745,103.23430546731798,0.6659903347701399,0.0364406653839986,0.7821777468733595,6.7745752020914605,0.3102029008528152
111.47764543248496,97.31992860679256,97.52953428350294,89.81425059734507,88.37709125837716,0.3266570707724976,0.2645983099968338,0.471916962369714,0.1889991021466434,0.1718002963354831,106.11780686878,1.9235006692356575,0.0180359200512458,0.2516886104001523,8.544431044992244,0.39438685802779805
103.51287718276116,89.30212060814704,82.56835406261858,110.70029663923592,95.05877737625464,0.3141457476163134,0.270920695132556,0.418794430926186,0.1168040165217469,0.3470903297644879,117.63026366309714,0.8857119222907381,0.0404847160296317,0.177915740780747,1.535287809431787,0.1266310505360274
95.20942335597218,97.25273126063163,112.60179293632376,92.83347583759269,110.32144845031344,0.3842716571591505,0.4887667043295868,0.1583052800959342,0.198497287483787,0.4729772926276969,99.68127653223372,1.106194023614052,0.0350757347851691,0.2869992017883809,12.352553839491806,0.4225917002915667
117.58179363118174,106.43472783699198,97.26724324708098,109.9115889258666,98.31589479005542,0.3522515381933202,0.1152196130942046,0.1309376009023116,0.4141762242510673,0.3269897993825663,83.09525854735261,0.9071129276691005,0.0103818870813621,0.1267401144459215,23.598055205276285,0.3632868444433381
96.57709084432562,101.01132654290733,92.70889339237176,84.17000865120005,96.5940802210466,0.3261661926475495,0.4519462573245142,0.1964391677484913,0.164172392728808,0.3455223790488322,99.17325442101398,0.4901171536557774,0.0480222029208001,0.0286142512631935,2.9418616990403192,0.12413181106047104
84.95427524517208,96.41765894221788,102.277348848538,117.22844724822588,81.44889324181214,0.4529692390615534,0.2061002578670472,0.3725177459165408,0.1609516127433096,0.1687634783316595,111.51177547660572,0.8670185804362228,0.0278231836143751,0.2443068540607186,2.2594350538180152,0.1447324727683368
104.85833626007776,98.3094074660031,80.81044512816557,89.98192703754881,84.73941009419207,0.4606040231450949,0.1471859979625501,0.1097382146620778,0.4099761792443137,0.2450038194100721,94.344350991742,1.613247968572228,0.0192951583206455,0.270290348613683,9.335309329351402,0.3911503760552636
88.6717658292578,90.98280973843671,96.05225341528784,101.16157573955562,80.03959975705544,0.2586634208808523,0.4199430179632782,0.1719743166309392,0.3601307766084143,0.2254113315350538,81.08419623683767,1.3370924327467777,0.0134479096766738,0.6488129903511477,16.75415069920372,0.5001270558780585
86.47477442514963,83.74265542435202,101.98693597050976,93.1629948160508,101.93590944138872,0.1417073842587376,0.3749984195880351,0.2274656538203744,0.4466416417120283,0.4676142600927603,92.12972887626572,1.0154762551185397,0.0249771575840528,0.3485094126582906,10.698140884804348,0.37180022403553226
88.8729320869871,80.9691741635034,117.65467605080988,84.33232484755976,85.07434991846867,0.4396207047683811,0.2289406989741848,0.1946330497438624,0.45712025696312,0.2811787935505845,107.28599778811848,1.6859986719930484,0.0223107644420628,0.5894018209655124,7.939942917340199,0.4553201604829209
85.86187306040561,119.2510609597309,104.70640960679984,104.41159806815402,119.4679280607412,0.3830958894232062,0.4308656805642538,0.211074661947129,0.147638971173916,0.3499310253373143,83.44037712343525,0.2572603099415588,0.0219181256597912,0.5885700875030042,23.988554171254794,0.3050006956694817
83.53755077098619,118.98003570169156,88.16052586216163,104.92286014248144,96.80334261211166,0.3360769023052901,0.2080800290634303,0.3338826885541369,0.4161429017913371,0.2400043929376509,95.03859234756996,1.6965514005482127,0.0417280456530034,0.6311936627693228,17.860438027413977,0.6018025869058937
95.35807253908712,117.2497331391785,85.96910913761026,119.88276044304972,95.16500244366192,0.1969270875702289,0.3900004854438225,0.4143488066727179,0.4817157751475681,0.1590343291669884,85.32523340003341,0.354187269583156,0.0358368462200548,0.7348071075259607,19.05085821884539,0.38442051701966823
105.9509961555422,118.7162692593344,82.30404201515898,116.91457451700762,102.71245541417372,0.4557056407552778,0.406039524475961,0.3807599631723551,0.2252214516761512,0.1088771804752616,99.03714366924756,1.772975840594308,0.0153221204372401,0.3989050675225795,18.21222236126656,0.6278903467834219
108.1758751590981,85.96736735545393,101.33549723324128,106.94054858900977,98.24989229550728,0.3030201976477769,0.2143077505942865,0.2159284075706765,0.4708554308770614,0.1611875568212837,85.66053967088351,1.9082510820073333,0.0383229641478062,0.0831626385081654,21.342166223231324,0.46609798735799746
86.19940712424227,89.76476300342307,114.17571163973994,81.37883971331051,108.3544831376325,0.4736929518362215,0.301522684004296,0.4353117104243748,0.2134350285767641,0.3535682656338941,84.36147900038841,1.683546623493722,0.0389392802165301,0.0309303542260446,19.29211010297097,0.4690176230609711
119.97560146058107,80.29931984427067,86.4418273127976,106.96577203572538,82.39963338341393,0.3226353582893667,0.4696664357671335,0.1717193707369684,0.1818279558969918,0.4795857597814178,107.91195167714012,0.2842890984850783,0.0305707452104342,0.1495276299838957,0.5567481145755746,0.04794675957412585
103.59159935423436,107.36000414244224,103.5258539245628,94.60738812084269,107.89129183946557,0.139185848314442,0.3538729876175985,0.1242256452861012,0.1307963232482413,0.3388594971606887,86.32006354548042,1.1708639378732786,0.0498306806141579,0.6633693174771073,22.686389857225187,0.4382292172531736
103.77177712055284,88.30548688375679,102.5254217434044,115.27628868555708,106.673331427618,0.3205471848616235,0.3292104795014371,0.2894608386199772,0.3969437362326419,0.4968754145459594,86.1918317833531,1.7003934948150337,0.0213391709251241,0.4594795992251859,25.882976922690933,0.7470654798236354
98.87166029575388,92.86336411477804,83.43544837750291,89.78508531036115,80.44747012347507,0.2103124985561422,0.2293758669259794,0.2292198169372858,0.405307578522341,0.2392062004494912,103.70076701864444,1.2037786336659322,0.0123382255312153,0.1120945954524748,1.6670736967860986,0.11809212840907575
119.46503670099858,88.8992900851496,112.5950377074149,86.74579527219915,91.34404598422296,0.3706948270330602,0.2783550228047715,0.343121866809205,0.4316061491219597,0.3056234750216823,81.74375246263394,0.8798892355799979,0.0111522484059702,0.1061089903556709,20.589468170260393,0.394264659786063
96.73109276913468,92.9762265656642,111.93403251039445,118.30773632061693,115.01177934603392,0.2900692803386822,0.2067898334421212,0.3063618327279135,0.2049649091638415,0.4374280822871835,81.31970515200771,1.07371699678386,0.0228219223164752,0.7132023503481213,29.16774564190978,0.6133360535212601
86.14311467791026,111.0675470539716,85.91787653218846,116.53524426248406,100.71514302674314,0.2555456107446335,0.1516430527339815,0.195987011170544,0.3138325869869025,0.466515006331901,97.25785075788426,0.3912143440474172,0.029916718883346,0.4160242877770997,7.127427872242964,0.2098133765618547
93.45524352226826,86.28101989336771,80.47236352716018,89.9178796664354,116.56080253125248,0.2202245994299118,0.2057544816397246,0.2626239339240541,0.4871017913168586,0.4380878697845416,94.60381932898235,1.1185488784802693,0.0131292423636752,0.1375181259833362,7.9045624894805036,0.2929924921126768
111.8904876908891,118.79174831002878,84.03046084485493,103.68714974022676,90.28601896123106,0.1598671804298766,0.3455013148401056,0.4167456813376139,0.407204136548095,0.2955381967018463,101.7847760866198,0.2987319488305538,0.0326319443670349,0.7173980918948221,6.560983863856883,0.22302098008438695
101.7176682308963,92.8181954225382,91.33862200973432,102.95381208098392,87.33272647478161,0.3927325542696168,0.3334346442371935,0.180577993140881,0.1224214562546034,0.2477998720201348,119.73938469160991,1.377202033703373,0.0460348226098519,0.5765817394457733,4.14289299384276,0.26555714640710093
98.76533747888467,106.0324906017614,85.12728292731217,117.22377083507617,100.228987978165,0.1247756007790159,0.2580053615683568,0.431551600628304,0.4377176593614326,0.1136295685360071,97.38825984103168,0.9332914428910772,0.0418745125895598,0.3822149682568068,11.882709358763107,0.3455722165331275
112.78111887537368,106.15621722484254,108.40003764890182,108.64523763971351,115.0039958824589,0.1278141870037976,0.3679468350364979,0.29999947797688,0.1597433570921563,0.4222118470928373,103.04233509828764,0.5848502159143878,0.0368987425570196,0.3720523493729711,11.916857147056907,0.30541203215017537
104.54421740187696,91.1286860688556,83.98038571461828,104.25002477800568,82.65411215082324,0.1865984650825687,0.1312597018782843,0.3998028552400035,0.3432503898527856,0.2577770954925295,116.76974504716104,0.2804200769202906,0.0364692677817617,0.5381214339471276,0.13476078790787208,0.024613345655397304
89.6517380675812,82.42828738407647,101.95550356026268,86.41352499771472,104.41629277733892,0.3770904815134138,0.4645522754764811,0.113672977106659,0.3510717750701342,0.1872669188062239,99.32716412085534,1.863708274901492,0.0392120226333128,0.2706473563480117,10.187836383436505,0.41016544415351164
111.63460523453072,112.87522883087448,92.38174032550508,101.95818130777984,102.52043040345436,0.2896551039765536,0.2695924515533479,0.2559918671338119,0.1761424400989848,0.4210599745779929,111.2448210228855,1.2235582973968029,0.0297682553712775,0.7999281309550649,10.432708468133079,0.4596006695656306
98.91548728616668,106.2045556569906,88.40348495294134,119.16972958347176,83.9231930836373,0.2518082339710801,0.454878504374592,0.2418673091785963,0.4358853378716614,0.3177865326098751,101.94610143770927,1.3821684248851147,0.0260719927235134,0.627643659790492,13.72177200001354,0.5353275423132117
113.16884564812476,103.76383947804752,89.79418988774864,109.827000026412,83.37923582708288,0.2542500939439168,0.3816128858391984,0.4146618498413689,0.2930763161097927,0.2701681713534147,105.48828991294616,1.6138760004097217,0.0222662201245707,0.5127678840457605,11.69065881451747,0.4614236657835041
110.97671337795131,103.59940888972054,84.43001273585607,83.18022252369481,110.0334533374585,0.3309675881489289,0.3340653514022873,0.2701916863418749,0.4030651513770551,0.2598885791015232,117.30009761108684,1.3465332388146716,0.0139847345919075,0.5499619523934877,5.340782795465133,0.3112541404137615
91.71743626015348,115.57207403068854,110.48292084120703,107.92760978870864,91.14424210533804,0.2811993371529971,0.3421272897118049,0.4947395607722659,0.2042744444056412,0.1927811199646099,80.02815073270752,0.9729320586479012,0.0324865018007163,0.7968670992552908,27.902435979638962,0.6005150093366624
108.35778076086471,117.92590738059336,83.66239337482276,93.04650568014264,89.38689061846377,0.1707549066051931,0.3757776857232534,0.2796378549673631,0.2554425360297099,0.1816361496595474,116.03759557007902,1.3482793553077004,0.0289007233671699,0.0086253155819792,2.178311681953996,0.14323627330781813
95.73000537602668,109.69330619415786,98.96970325701544,102.82922424480984,92.5661955231337,0.4564553509613354,0.2772692140889543,0.3430773245945316,0.1450118313170113,0.1431888866739604,99.90768078628156,0.6919040145012925,0.0147561158135401,0.0182597352103353,5.1227131620432935,0.17416389102753133
85.65157068348402,90.67734595750916,114.38721204967948,104.09667848613644,95.11954692788936,0.1269418166655983,0.2469384323353174,0.2891546408767647,0.1978312597796947,0.2398710023509238,104.27057476966216,1.2323653592439912,0.0207307899423478,0.6280222960696182,6.889742387521604,0.27604530780381287
111.5962392694235,82.57829729819635,90.15564351689542,89.20412616229358,119.41458248672888,0.1025040136095079,0.2404353861045579,0.147668533932339,0.1513537913495558,0.1018024390240013,98.00231887850046,0.6097777772782835,0.0414881164072186,0.1675135682095709,4.404101304192763,0.10879115264038672
108.2439432957104,104.71143745554215,80.19939861177892,87.3724000835943,105.42165171892312,0.3785522264260428,0.4725135096197536,0.3486182243408628,0.1384808207711638,0.4958597797570017,90.43674517409296,1.855489908992752,0.0202241619575893,0.548133252233361,20.792360143434564,0.7463412110416732
95.18877305926662,116.97121534716244,110.58896876567032,97.8953629121648,109.9805991015308,0.4902340683506053,0.2872938142629955,0.1431476873625183,0.3882957238588818,0.4845872817933748,82.64028760467693,1.1417434379739406,0.0270287657218393,0.4026723529349592,27.579216069123568,0.6276647561413156
119.01617295304888,98.43923298805882,105.70103551554134,116.7465846024518,89.94698648144693,0.4114798416554771,0.3496811418283924,0.3443327609484308,0.4911672456822515,0.1292477347279078,117.8050283793308,0.6592204914460905,0.0164523062343032,0.2549361004520692,4.268135466988253,0.23471326468543618
115.46231654665112,83.90178827091931,105.93792682350586,111.31352620223136,104.58424877009703,0.1598224078362504,0.4323245778958725,0.1580452321279036,0.2533185947716119,0.2125997024219001,104.95504825098944,1.3693569202688447,0.0167938644798159,0.1850720120472972,7.572936230898145,0.26443486911007147
99.82139216610172,104.69388399702744,86.06654835117779,88.62282841320874,90.79597375825368,0.1973778865761573,0.1102887804433706,0.3265005054139245,0.2604958083333843,0.3206360850548045,114.93882949847242,0.4080593061093527,0.0402538287457065,0.6213967149774619,0.5312877251142181,0.05933004671625595
103.91117362520151,97.67604294980282,89.77903369943358,115.3123732857832,94.95687361172894,0.2218032825990014,0.4765843420217051,0.336538876896611,0.4844828186129067,0.2400023817034634,91.6323313221952,1.0095332825686816,0.0126669680458083,0.136785531790316,13.596757074865023,0.38966144431049504
97.84126876919564,96.3880430619598,87.27771821107011,109.26508061720934,97.93833049075432,0.1009158149385288,0.4125062259849762,0.4309515418242569,0.1234813588801344,0.3501476913849276,91.1199579679515,1.7654380831502638,0.0214010457571675,0.1269768090084715,14.802582705556786,0.4188561054273756
80.65028439570874,118.56054809439188,112.63054446381656,108.94237416367211,114.76367482074116,0.3644071468160481,0.1582935468190261,0.3210098211410325,0.1972795522719774,0.1065806812818064,93.43137778829158,1.5937523801613434,0.0492337795996681,0.3535460879751513,22.404057271129822,0.4474933310449899
116.272290144222,93.49958825537756,104.43834713666794,104.35231236822376,90.69198675242389,0.4467644361504471,0.2966780684905856,0.4126796403642845,0.3891572128916435,0.4974821044058116,89.24152915757631,1.4810191702763558,0.0290357165555506,0.0954214371436904,20.34159394580777,0.5592816660739737
88.87809005788269,84.55629019276088,106.3725678366581,111.2367596412312,110.43811918068016,0.2751813615604773,0.271020242702871,0.2127022268204681,0.3500588853612859,0.2944450002221137,99.91882853538527,1.073555849626921,0.0342485337093922,0.5132094824731364,11.474014801852126,0.3851857040286152
92.65101508739896,88.21039401860808,98.14456713818488,101.87253840962045,116.76348511874224,0.3915044488566676,0.2426046793765709,0.1523378966437303,0.4449741808477817,0.4312187767858738,117.44966188644804,1.0320384563179783,0.0356315840306602,0.7935766236487907,7.516345285024281,0.40802677101773116
114.99292617096216,116.64233325207312,114.0104954054392,118.58324817745245,98.6199998867623,0.2404000748462977,0.3761406870047997,0.2969611625102447,0.40438883885244,0.256052947465805,115.04250686519929,0.2697918482510096,0.0178455471722336,0.5983306327439043,5.103244190192647,0.20508472151395657
81.89893989732377,83.34248128593913,95.61104567089372,90.30748365091988,86.79762365444269,0.3142556941564918,0.1231264416258989,0.1699639926352325,0.4127062431100412,0.252626192869151,99.80401815847958,1.300066406958012,0.0247736837587269,0.4825879635397265,4.686322440313685,0.24036626191685287
118.12815098034594,87.8167835364249,118.37517089260923,110.43355361284829,105.63782688500892,0.114042169691836,0.1670545142847787,0.2646392128342458,0.3871652428067088,0.2453940167228924,93.950498633041,1.2597645797599049,0.0260282655104937,0.3157107950586093,18.217100016021163,0.39885328638994094
107.04075840357513,93.25897294636496,105.85708152233128,87.46768473125061,117.50821730143916,0.3980743017515477,0.4432242349180334,0.236454645682285,0.4201502283417702,0.1507522663720758,104.46751211054232,0.2592382866724575,0.0192273280359427,0.7903917266054412,5.1004184396379575,0.19460244946800187
92.07173359842376,90.20746049174168,108.4465119277663,106.25794872264728,98.0519567337322,0.2661134100286638,0.139024958512637,0.1210111955179102,0.1258109509941787,0.1419008108326546,104.49032533916169,0.489826193481071,0.0193593524775812,0.7039546007022369,2.119701171894176,0.10608883512993793
105.29784938763146,86.37972287043425,106.9331322960782,90.82442780780777,90.91343906705828,0.4342903693665595,0.317470849453476,0.4789552751108042,0.3152001205250054,0.3514845329241547,107.3505635601606,0.2717632727869015,0.034314772260077,0.6564726359337621,2.957764890591914,0.1652227508320579
86.48719739775139,93.29508540144658,93.25004241245313,98.16716046809076,87.61678018665398,0.1737935844561972,0.3162324082534833,0.2541210195213307,0.4725741368561481,0.4735684863127168,101.4240010332582,0.6930631554279316,0.0143390236404645,0.1840053437410379,3.2599611686153476,0.1717801291805182
87.72030144635065,101.66954286652911,85.15509618681901,107.5558803195534,117.75788503450386,0.1793994450008964,0.3480523455753463,0.3552703211883912,0.3250140317832071,0.1497318831980597,81.0702104082681,0.2567429634654328,0.0151658178599698,0.0988645549237639,19.21348959981089,0.16726077246035911
97.07182486657511,116.04421252602708,83.93266364503458,81.71830509502578,108.8547551005536,0.3616061275363448,0.4196341139696801,0.238090413541252,0.3058206807776629,0.1465311785397111,83.04186069389173,0.9803962019010808,0.0329320819542063,0.1423528574058713,17.795548360987144,0.35385649561888405
110.44086291925986,113.72232963863004,82.27270713599926,111.07628219827322,95.06154931186327,0.472275484594811,0.143815141268928,0.1833508426672988,0.2193913903200139,0.4303160956728088,118.95099941619353,1.083687962332634,0.0279735226850891,0.2069512755329179,3.8342979747877695,0.23473096211655883
92.13350530728796,86.92095685373188,119.84063020410107,82.54654357275454,113.08032058431998,0.3802623682009419,0.102805775201241,0.1734246188637642,0.4000604716767607,0.2615337964003249,109.84941180532748,1.0148929061546437,0.0344773386330479,0.065359061684688,3.26539591504004,0.16123191535214193
105.57977741962112,109.40321777047468,108.46868479687186,114.3373794029273,87.35168279424433,0.110485412986904,0.4855667513280098,0.1604931651762248,0.304186656018731,0.1993264390579373,117.9298759440889,0.5989311098599711,0.011078380575124,0.7107378633343041,3.3780896394516895,0.19984005268364233
80.03298467338742,103.94113956173064,94.15434557293337,84.95149324468551,87.44555016416956,0.3949877280901438,0.4106904396189152,0.2588881614099572,0.3633798485836127,0.4636294338185942,93.58102404073212,1.166228652263559,0.0381966290910587,0.1481608652969921,8.708653139862745,0.3385864884082131
93.26997249836892,82.80933483546814,82.27652808513804,116.64105019329776,92.48410997414786,0.4259236473970426,0.2659590870579659,0.2765904215586552,0.4547513096108082,0.1137491201705371,101.39797673253176,1.674665587888382,0.0439955856734808,0.1812876705621493,8.571085561136423,0.35561280721288874
119.2892278989434,118.574680333216,85.70285129308455,108.59697211584763,104.03219556508276,0.1091246289255305,0.1823181366260088,0.4310486578741375,0.1612852750468803,0.214111713979341,92.87807676346596,0.7596266884844167,0.0309656119492565,0.7105266845975231,18.146338589925545,0.3627046515773528
107.62588292420614,83.84764000057899,87.54240314538232,83.06554645803526,104.16536820868284,0.3516274760560703,0.1736971240245523,0.2212465364974294,0.2867650908492769,0.1912437135071752,116.3574018712915,0.7970070100657612,0.0436336127837045,0.7665145607440204,1.9308890268816483,0.14903789666694375
119.46364303396363,106.87938150631766,108.4304614008772,119.38340166173124,107.12046216687185,0.4969654735911732,0.1653784069285071,0.4399748419681012,0.2880399325994877,0.1516494718880754,91.50933532664374,1.1999452244294366,0.0259865061091864,0.1774249005484453,24.453298218722747,0.5015363881490529
81.60726290513881,114.6802240342639,94.58713161515185,80.17454486058861,100.28936710243282,0.1473944628650322,0.3001184224203421,0.2414080685876841,0.1938409196451974,0.4835756548662996,107.75245215485944,0.6590701868272689,0.0131569703526427,0.2353472743925017,1.774877013289445,0.12205091689170677
117.48060003505054,90.29322748779931,99.6605269221136,86.95107551129563,82.30770686665761,0.2853518962532764,0.4715243925489311,0.1655998904259275,0.1733864268920049,0.3384110763769806,87.00222299564531,0.8411260731205662,0.0251017668207655,0.6400823177888264,14.180453428027075,0.3910126837138645
83.22179786852453,109.0804362384542,114.56297882968596,85.73195357009965,91.53274271241877,0.207950257046729,0.1739751422445041,0.1378741541653244,0.1305082681228655,0.4012673541653705,84.21005804306691,1.041765142330841,0.0278547355328644,0.7762111100513636,16.9871718613924,0.3850959132049962
87.80117870579309,81.07423107705712,102.13725479547936,107.99688680550592,105.91509923540282,0.2128652585479266,0.491367661323054,0.1732484509916499,0.2417786600095391,0.2499634477929334,86.22538257225365,0.9260292039836556,0.044621508080394,0.5197408778297244,17.373094128072974,0.40849979464020136
95.5221418920899,102.2004098375962,83.76397226544898,86.17214874890738,117.27178478211934,0.3000611170947319,0.4482543475917814,0.4339080839856749,0.1039825323455181,0.263702026783305,101.17821066464616,1.681906531617919,0.0233886605266073,0.3540677473030459,10.905055883957258,0.44205206960298776
110.46030991279588,116.9095638330067,116.66721137997467,105.97570468430962,117.1295459244866,0.4311746924162328,0.100079123130684,0.3134558288872975,0.2037902485332807,0.2651074196968402,113.78164162036786,1.7357387310240568,0.0226040330131566,0.5396636337926409,15.43384735645145,0.5606749445738372
96.66816412329852,80.14464979139764,82.50284463384638,84.37949302803261,83.81413812731441,0.2681218799515232,0.2567017762870057,0.4567800488845052,0.3145854435878138,0.4614986895311939,119.97118900691623,0.9550373310990166,0.0455206973793752,0.6242268086535867,2.369250138696654,0.20807584793571812
94.06809563401052,108.05083228437432,111.6259522640198,103.60853097378498,85.85744698227919,0.3906969629285404,0.2404480283896022,0.2974254726195819,0.2559434152821167,0.4314297112801286,104.90732175311122,1.033626462267609,0.0200386401306588,0.0901247229468182,5.960632563237361,0.24171926355724724
109.91606408592702,94.19207676550396,80.51973394687185,91.22354482130996,93.22402216563913,0.1750391247883855,0.4745649129046206,0.3321697977007665,0.3447031815872335,0.3067205601007885,101.34414127388666,1.924564720853054,0.0356978614240387,0.3482386840419271,11.267436969371154,0.5015896108557278
90.96982140872412,112.47480612750344,110.3970559037636,107.82208121650568,85.56020314049061,0.321798590817967,0.3670701665691308,0.3620141020403439,0.1856588355479857,0.3329760643492296,111.4753036186069,1.1304031458622346,0.0230653485168495,0.6858416508552976,8.905366915025887,0.40789008964362317
112.31335638825128,107.08703846653296,87.79350745925568,105.92375721126066,99.34046564014724,0.241850576275377,0.3548121223211515,0.3191338321071675,0.171871973484997,0.3938935670156144,82.54976810218236,1.987806089896878,0.0480582355873838,0.564339739292972,29.135232286741275,0.7118473937315709
97.574002474249,84.48492653889555,100.73217103380662,83.99727235889455,86.57013549017067,0.2828053789917961,0.3205766209144548,0.3690571459699252,0.3611487095668548,0.3995715280360178,112.3758894138376,1.5849048522033655,0.017584997044536,0.1230194472100359,3.021047228446424,0.2195299607198215
85.3018525709905,118.1643311628003,91.3945876177556,94.20817294384032,92.88322425184144,0.182700691457247,0.1441564934949427,0.3676718298697378,0.1943939786662728,0.1458419474199306,110.33518163967308,0.712406386513614,0.0389575313549872,0.6041705538042426,2.122297348053452,0.12697414409082314
115.93001780712576,102.51863645339554,116.76639595733246,91.99699623311582,84.59338697727796,0.1524949971237632,0.2251200495598056,0.496714819219698,0.162904130674834,0.2194146249193871,101.18166104419818,0.6509121642975825,0.0320025643706365,0.5339528912851869,8.415056468622613,0.2778332800122389
102.248738108967,93.8214796716007,112.07627333962994,115.17693635646634,98.90294043628288,0.4682936607528571,0.4853232252563211,0.1915373444606072,0.452181078820263,0.1555671778092054,80.919479029856,0.5283628540214604,0.0491483127896428,0.2117190149391605,25.25229926337888,0.3668271155268795
118.85436096342032,102.12052025377623,90.8368157354525,99.55902061377098,81.4924116961171,0.4046145645202063,0.1052032642589486,0.262647851696384,0.1989340826869552,0.3816032056636491,88.08787922098657,1.6607550208555808,0.0497622575119735,0.2752023058458941,19.792789430637196,0.48035397349553205
112.16004641052272,84.05740203417683,92.3499395401202,102.61266188019772,81.71900502587596,0.1064224525420738,0.2859606824206132,0.3786916098979741,0.1186819493000731,0.4589600728519889,94.78850397617244,0.7870085738075292,0.0417479240169571,0.2515251959392989,7.207567966994104,0.24522446541773624
83.17267596725793,107.84465430452052,82.87108372243075,99.08331464989506,93.54782533683002,0.2444789629585795,0.166106332896897,0.1901857984121843,0.2355623715121853,0.1793500407289168,117.64888903715784,1.432636892880585,0.0141382426245332,0.794598829842772,1.9990673956712726,0.15536159323672766
89.12317631825665,87.55115591454661,110.53645174930318,118.0616877260113,85.60718968813327,0.3042315015660811,0.3531726945997424,0.2733720435533299,0.2708128599580489,0.412679807747481,105.5395529676019,1.1952382616988686,0.0287602777730684,0.1469770998603713,6.005627454946822,0.2596401979988916
118.38724876696509,103.79050013900417,105.66641621453029,108.39705512570328,108.16475561418324,0.220406685183154,0.3491075335628968,0.457168634017389,0.1886057460384048,0.3479602920097829,100.40370452995307,1.6954952800867067,0.0441805189242611,0.6635322406164631,22.36231068091361,0.7092744441953869
112.79244432742752,99.3387460539079,101.33434350058803,92.95308009853665,84.21030375132469,0.4791887120219137,0.3119181019821818,0.4907590894788521,0.2240184176739185,0.3257175570664792,99.5370568162326,1.5639305088716404,0.0355393316436507,0.4245083357393143,14.337097360822348,0.5535057450744937
106.58560763704877,81.34439876745003,91.02540204333474,83.769194577844,87.62908629290872,0.2244143004803811,0.1014877700269602,0.4989232401782634,0.1960240272149106,0.4892407940946927,111.19902926476598,0.3615606176295807,0.0451587757393648,0.7044173478463704,0.8788409446027039,0.08883271639864124
105.54923651589525,105.13906520819673,96.84219651982848,83.60687905957964,97.33495665837634,0.3612131306588508,0.4615734435794291,0.4868810988214532,0.3271316825367932,0.4998765377205033,92.94520955858434,0.8422483164590219,0.0419746483998191,0.7854889081933645,17.476703325404696,0.629241026898527
94.10979487433174,108.818366114238,103.16106432796208,99.66263069347995,99.4792832921998,0.4069319637101479,0.3095258224374294,0.3619773136763543,0.1777085429306397,0.1044130485761399,83.78099215140573,1.1601727462457834,0.0225184192254111,0.7688664743477842,21.56636011008899,0.5469163098286617
118.65187549041676,110.25176886813802,99.87918241840512,99.1689045155591,81.05916405219854,0.2027157390428568,0.2739883446879628,0.1912210347447016,0.3056143591944792,0.3631776568898666,107.08173231159084,1.6563680964450722,0.0178026151748647,0.6834024402309709,10.705272136137527,0.47036941816953276
117.70037053279226,92.7669588706932,90.23756327522976,119.97635701550686,108.74758686018096,0.3623175396400151,0.4575057722132514,0.4865276385932839,0.4562780053439553,0.3480699837387704,93.16064031615645,1.4995481913050892,0.0229025559738401,0.330857770905237,23.21010247826188,0.7492105836714839
81.89455093197152,82.47541908102306,81.02006255840791,103.98475598051476,82.86258000247807,0.1823056618364516,0.4773804636679707,0.1699441579069226,0.160570953004186,0.227027731162174,93.02371347927028,1.2114569136696194,0.0378377996421431,0.2170175514890924,4.760361239347958,0.20692516737857786
117.33553427379722,117.47626160090712,101.8421626699232,104.66555725583802,91.67577606101,0.3294422245353153,0.3725890527943217,0.1053170709382544,0.4112089086879,0.1700078196348968,98.1886094437652,1.6646568459130382,0.0292425990456895,0.2555979141525108,17.979401570358704,0.5182847799918107
82.55890169633093,109.49841780767262,84.0714395499607,83.42230564073573,92.44892436816896,0.2185939406052084,0.2288346903182606,0.232978399559497,0.4041470408837885,0.1163777448808718,89.70936086941394,1.0111248331919969,0.0117539281736875,0.5225104251111209,7.8475630310343005,0.27380580840656255
80.49862639351528,97.36142463025264,108.30723640320306,112.05395725687757,104.17229215195684,0.1786071273569278,0.1089276924609792,0.4113197826847065,0.4934889353460494,0.3638188637066257,116.86810119228508,0.3474042543702679,0.0396990792754473,0.2734884449984711,0.8992862880375923,0.07324084646539554
113.8749681245565,96.2600881506844,113.95088340241908,100.25893241993518,88.92144511993182,0.3360556723675245,0.4632264853554011,0.2019815945453931,0.1265849220552021,0.3039879619888863,113.87881688689993,1.7734375250765833,0.0117878746582745,0.3479109150893054,7.846113801210233,0.40023318232953775
117.76582586641864,90.99883495348466,81.04805936751173,89.70696171820107,94.6675024502971,0.2041394812695315,0.2804326458723608,0.2825199402327237,0.2275327296272278,0.2945298326332214,119.64353323892246,1.1715383658188414,0.0263721704659157,0.0637891146155755,0.5192466956939945,0.06416765245904495
94.05398733157055,100.98670037774286,115.32507528143694,91.69352908438796,100.83082431836677,0.2520607522199607,0.1452237347127507,0.4466902829623119,0.3805094857720904,0.1165235459999362,118.58195183722653,1.6647054028869797,0.0284913749648607,0.6168092981123044,6.894992530045041,0.4046350227932974
93.60555814753916,112.870922374928,86.30406053153914,84.14041073240234,100.11981012950407,0.1463145701085225,0.1386057882848096,0.124697418803531,0.123622710336219,0.1628449331744801,92.57821380854205,0.9361430064189276,0.0301210740617923,0.0891754871429145,6.340044414456741,0.133325942957317
106.87550343061967,111.82100804363066,103.58499411621266,110.95399045276002,95.70840234243695,0.4391477634119712,0.4312933184792703,0.4132585901113541,0.3458826026154291,0.3893974212854538,95.2239183472314,1.2799664407890978,0.0155636355296164,0.2696212418722682,18.823301007391077,0.5488102818052871
81.31470681065876,84.64397231606226,81.54890404915984,93.1577460190597,99.81965365074728,0.3953924843361225,0.4557251481230669,0.3929372118543063,0.3945837232083862,0.4216324690853935,107.93031961200292,0.8294127595600406,0.0399116072523377,0.4723471777816764,4.805112407087486,0.28925981529375183
94.25269934627758,102.42397900265568,99.2243659397115,107.11771207455762,106.67848654253623,0.3225419423710527,0.1852115160170437,0.1338169910276233,0.2676174241527596,0.136674268674425,80.63383610212927,0.9667562052794276,0.0439748892128582,0.4249398808594948,24.74800576224881,0.34242732502575585
92.72256588434718,93.84857821444366,103.40591286565214,103.85729871563368,92.58799654548532,0.1677216126217324,0.109536004704974,0.2200825164146039,0.4879991289608073,0.2515725090657642,119.75555541555144,0.5079468879452624,0.0379160220715723,0.7145044499384423,1.2067723912748842,0.09921123470076781
93.212715431017,107.76180052744589,105.89643291504278,85.40203218719098,97.64167518701574,0.1963570424204325,0.2613797908552926,0.2205354080826709,0.3695507291713443,0.3537867044636322,80.43372328264466,1.5478062420931966,0.0480428261656441,0.526950509640298,25.257657055144634,0.5520622127885318
115.7082431484236,81.45222704417901,114.20655785936854,86.52712628256575,100.28994529846864,0.1109371631081984,0.304529262322714,0.1144798750701748,0.37094530656571,0.4743233322509034,101.25943700409243,0.7404975354971397,0.020300025575181,0.6312358228616763,7.79944960187766,0.30219798771904377
96.97345715692046,80.40517349365835,116.61587748358528,98.19700909337224,118.1707310704246,0.4629951514909676,0.1822848448363706,0.3970580590885574,0.417226388416226,0.4457470132437537,106.74801248521482,0.7780295027886616,0.0164292037554711,0.2427567403312053,7.455662941353567,0.3166392106954568
91.46975603916871,114.6510309366389,116.89558295982522,102.27329665483124,88.1071115147087,0.2038394683202084,0.280333938388864,0.1886017716146361,0.1097237828844765,0.3636050511459828,116.56585231820546,0.8698306844761741,0.012691810443091,0.1058058694307297,1.1881067498329816,0.09452955605662725
107.4098972842288,101.9591226611784,117.78118663410504,97.57088247241968,90.74054590559288,0.2725854471572582,0.1992467522254269,0.4388415789198447,0.2982722559916811,0.4978630708850362,105.7654528311244,1.0062207036951023,0.0388607894365622,0.5946639992811363,12.064621726944965,0.4831509549318977
85.53148005976428,107.94534274746718,118.9643847592233,81.13375082285594,109.61781419112506,0.4173431307755868,0.447684479894368,0.4093328995190687,0.1423699595802486,0.1260116002614683,103.87875198813605,1.2582868460373875,0.0164842908212137,0.1228631824154365,7.75610796435528,0.3271929669940428
117.07721450238668,82.99126136909398,84.40680180424533,107.67828393798834,105.91853503583152,0.4660315090457854,0.1552788752159208,0.2564904602697041,0.3439644046223723,0.1847593399607982,92.01437196601228,1.4449116054670663,0.0475272569896594,0.6673329629776739,18.867891158494782,0.5818496606404026
82.75309661264983,113.37691008604624,100.93695391379568,116.2878949334645,115.11963523970816,0.1901140174831107,0.2864965369165506,0.2443580365839708,0.3706302668079217,0.130030478208251,103.63685579848143,1.4324566400923548,0.0339340190610776,0.7544139545570826,14.198651459597672,0.4739840303905015
112.50031076200662,100.63595584977683,90.06842566997729,100.2390201564453,84.0324551120712,0.2955034677911279,0.1697039670862067,0.3426900036002992,0.1464853167041372,0.1790527466117654,109.98806051969098,0.9914416028745144,0.0421654266518897,0.2263422874767721,2.682492122438247,0.1387026440759448
106.35384593893704,85.35908876916031,100.44691850002891,82.1752789666727,91.98049961098585,0.4215555931373254,0.1940667960152055,0.3948261355175303,0.2092250798752764,0.1940110020935324,100.62366715820704,1.0933086682670274,0.0273879365221403,0.6088040297911459,7.9710207417888865,0.3544719775906292
89.2832184267915,104.80126170846682,111.47146848090034,82.29211818162105,114.01134740621538,0.2196619131525069,0.4523727937690994,0.2588662637346912,0.1975042119535894,0.3146557894787652,111.18541193148498,0.495560906422746,0.039393834554878,0.349870654833877,2.7718985850069737,0.1534567740600104
114.4307077981842,93.69076297152093,106.36016263881288,96.10452126813796,86.16763528758526,0.2542565647140543,0.4160790079086652,0.4961782473252111,0.3106297770663334,0.2806995590611397,82.7845218749674,1.1626356447219828,0.0277460452555804,0.2391978765924624,22.080982324579416,0.49541261094071715
101.14649674252442,83.45438698006387,115.1388862158395,116.97159037638434,112.86452548045614,0.2372141593255542,0.4893354929080551,0.2933133104018728,0.1711987439744197,0.4876863621538704,93.41509803998376,1.7848492287957305,0.0315505523125609,0.3449146667042787,23.19296490894487,0.6817434539850753
102.50112483023916,102.3039436450182,119.3842950640372,89.91606759324732,83.0379346362083,0.4843528503997428,0.2742900209340306,0.2392744052131828,0.3721749786754541,0.4315696523142439,118.39255736256158,1.055787292207461,0.0409432693207624,0.5174138269938449,6.021863043424413,0.3442916083778334
102.4776369440471,93.15142391240413,92.89355091232176,80.28341416679793,103.84957638191732,0.299412852913411,0.2323251964212133,0.2205576043452053,0.2306394908857672,0.147213176048964,92.93777652262511,1.8915237879238609,0.0195261422216992,0.7904546185722482,12.986507757243615,0.46911729398559204
90.56134809102456,87.51434192770724,81.61727725572015,94.57446305902444,115.15875489545827,0.4114481745420835,0.1419839454076545,0.2593257979735411,0.433977334856346,0.2616423582767599,104.87421207262344,0.5226211948770886,0.0453803805244676,0.2400349869405015,2.49278486904943,0.13391235169283147
93.46683230389488,107.16296840478375,110.2618785360763,93.12403236760798,112.86562940048164,0.2179047191703809,0.4793014895213069,0.1506175014132042,0.4539415611137897,0.1248307194947218,100.79539030667269,1.5395915534903204,0.0386519531587845,0.5647545558824989,15.618999796228659,0.532514098399273
107.67518638667796,102.36968914803806,80.03969856202515,81.40363063691233,119.63463376424254,0.265411765141028,0.3526884221991468,0.2480153536566723,0.3138425683845833,0.1816006666348729,117.4649605329086,1.4889805931641509,0.0398616053838384,0.26789608252858,4.197507713482726,0.2307670520396124
111.29135694014238,117.50261035091788,116.09212819672108,80.81771932571003,111.67389159164296,0.3276138069867347,0.1538234867596952,0.4184385264358305,0.3335159653768519,0.292772845927541,86.51087505624209,1.4426756687573394,0.0195265202680999,0.2011152598877049,25.812263624135877,0.536645971151282
98.04582976044618,111.58232816002624,80.2686313665354,91.52797204802258,110.05295103165209,0.1218667183332325,0.2999097343666889,0.3254277721444961,0.2062670053628658,0.3710361363632888,91.97552398039036,1.4100000988805046,0.0136050953338193,0.505473713405217,14.06176779944309,0.443682943145706
111.7208315440636,104.78858404858497,92.05024757785056,92.41450365151452,118.6705585456813,0.1307060594854082,0.1834756325793983,0.395019406929694,0.1588888875704096,0.1982195278490464,114.49509221723444,0.2890394787595171,0.0129142580502281,0.609030442141239,0.8551673559609972,0.06346462194037479
97.56848716936818,97.88502200975348,102.09331000962798,96.38009347457556,102.10686258389656,0.3603421391617537,0.391536681524445,0.1205957018493728,0.150635765300886,0.2784472023373051,106.64810179092794,1.5487139410911837,0.0358806623932668,0.5739088253755481,10.017080661474154,0.40800499516966826
97.29341691070232,113.06859678408748,116.36204079193136,117.28441039261446,102.57184823317546,0.3371179779328785,0.2815124937382443,0.3588279971247031,0.4023971626087835,0.4798175390031609,101.721974426762,1.1244474808875742,0.0160000952973078,0.7540685428746308,19.590371957927317,0.6909139564325559
97.68594229857982,108.20960235167352,113.53294365183626,102.51928968265509,107.99924087289044,0.2399522852517788,0.1652419074017864,0.2056336017152815,0.1592657780207164,0.2576982567891664,95.79601567964754,1.1673258319749826,0.0499676580157821,0.0858953366221056,16.118794586812893,0.2614812595958006
109.98917402884992,107.05575106869148,109.8453422291724,88.34581330223993,99.9349818808719,0.4490269063606262,0.2388239587777426,0.1595290808890387,0.3090531528091877,0.496777526664056,96.4526173208204,0.3390271203695955,0.0484419064416232,0.4325309312537477,10.51205178000162,0.27441219735026456
103.53074218420348,80.09911723428093,114.23850035254728,104.40098033779648,85.16545326792813,0.1752724874675038,0.4111499807026887,0.429343577429721,0.2605353374004007,0.3478205754658099,117.39690731058003,0.5796669745470898,0.0111670702780276,0.2326750346851171,1.0670313018043958,0.0947491006649262
112.65428290303308,108.6822786576218,110.33198173854548,95.68169847447425,114.16810026779967,0.2729493803004754,0.2049307746159887,0.2704475200289441,0.1381160546520286,0.3827824454643571,106.84302418135248,1.8442620882355296,0.0390023035375708,0.6535656628972872,16.390480528406496,0.5572699051490159
96.5611032852945,102.82036611782364,80.02569214799495,105.7949245871145,108.72703168511748,0.4316772126517216,0.2229599733481931,0.326590729751993,0.1928594128157745,0.1509841800691247,117.16393545660546,0.8021745893560328,0.0204308821486293,0.0496212413964396,0.6303635511606669,0.06731048732064913
102.68437461955168,99.86235268174464,112.39745894846834,107.25490868660968,91.12296158880092,0.3654474260448639,0.1536430386031649,0.4127916276824669,0.2087018195003696,0.4274053572010643,118.88744435151972,0.9392903860769992,0.0236359913964212,0.1406427615698126,3.05006867884517,0.18171505681454264
118.36293352319944,108.29068776781364,119.517557156497,118.85045265075472,116.7563889124036,0.2474018297561707,0.2475370370571939,0.4002291042689937,0.3041063098541885,0.1803909705639496,101.8803202441278,0.5811061585905166,0.0196124174816085,0.6176228493977,17.28027022448805,0.3957033486010195
110.2148616490123,104.3771747398787,86.88682654731697,101.7340566969503,110.6150608957731,0.440163419221374,0.2360612836943038,0.1411107043353606,0.266400417969151,0.3295847052678716,104.3955578092525,1.3563338687489948,0.0432218249243551,0.2837130563685914,11.495334489128254,0.3979459220979772
100.83428634822272,114.72956513622631,84.38623596766793,95.23761392194535,100.2385767437463,0.343954133575639,0.434243138121528,0.3165627295173898,0.18948419322694,0.2046665322943632,106.25459716284266,1.5462265326619478,0.0457500930301828,0.5454400902478775,11.927463256962884,0.4893674035335816
97.29301183476431,84.34346191286213,86.14113176178522,113.50469171421948,99.37537036805804,0.140336235317761,0.3943697156945047,0.1423766185999032,0.3423250529099182,0.3387789576186453,113.56676011519409,1.8622082225265253,0.0116160622702096,0.7988045421652533,7.002617549894914,0.41210161175898885
81.94889707010911,80.659650359106,98.93901607977308,86.57514903697775,108.20503783996888,0.4142014227901431,0.1298518798741684,0.1811645374044685,0.4638249508092554,0.3288947317848049,106.36286850425203,1.2336113241355426,0.020801524527082,0.3678792824541272,4.769211733037737,0.2715663437722325
111.81293850111004,89.13186833828422,103.68707779527122,86.17778573941544,92.14330606377548,0.2830760852440314,0.3990705061849127,0.4610121804356634,0.2052038547798196,0.4605902515245373,84.58589688729721,0.7323536914273776,0.0279479384927234,0.4263873922945037,16.77993337780526,0.4340299987303284
115.55181976725734,101.76392365929244,115.435547805768,89.00991216718027,93.20097372994664,0.1434778504163014,0.4910732190919512,0.165940730039844,0.2064945474409175,0.1386375760366565,117.69720438216666,0.3741858009902965,0.0308728812633603,0.7802624505690315,1.2333910036417874,0.09139568811907267
98.83808553827268,99.20320300778172,119.90591868734802,84.5778127588452,114.07860142406363,0.4214706027546402,0.4936928248166715,0.2187906034279072,0.2302447841607175,0.211591961352001,106.43737433814536,0.7156915165511071,0.0135058751257386,0.5971147910865643,8.014378450180379,0.3160933028288862
114.5472815768748,102.1279452615115,93.76148673036616,100.76904417153185,91.69870819226256,0.16193124008597,0.4149776866954771,0.1242879360036489,0.4871096521897131,0.4709262098036193,114.79669087158167,1.3321379490241296,0.0432011277190311,0.1574055979792017,6.742627471994661,0.32550177373643013
111.96429793759758,99.9311663484132,117.03368715509802,104.90765377424177,100.57277332458732,0.1473756341136985,0.3118095404841929,0.4971405434577348,0.4410476996193705,0.3860534903834237,96.98950983127872,1.954681245081044,0.0473591959822028,0.6434401726578309,26.81743589743734,0.9081138595974195
108.4427741591061,100.15731857720937,116.1802540167779,87.37783843547365,118.93394734983622,0.1089843781763607,0.1273509781472965,0.417606839377077,0.2505779416763875,0.3673727509836191,98.9886543156247,0.3885961810957778,0.0261146033186639,0.4126867293419507,10.146278429148781,0.23904116948567095
112.48762207404768,114.42933447459478,99.31631329484284,113.4880619735039,92.2709633430882,0.3956726508172632,0.2688736710100357,0.1573527002803118,0.2546778012316847,0.4484193769274418,107.55425410890136,0.9296412666518272,0.0442893631906405,0.6298955302911091,11.94050665928739,0.4224521899162786
110.477927142567,85.6180063355609,92.28207663850034,97.82930653438932,92.89278872573688,0.2324343116127915,0.1250597770378292,0.4836525668739126,0.3722707635895473,0.3163427007750263,111.05615945328194,1.4176624914750524,0.0370541956025425,0.4788420198976271,6.765282997354709,0.34268549445131374
95.48068462496737,112.80418979134792,90.26703568568672,109.81124688618289,82.94848276446608,0.4316429386724951,0.2644642712388383,0.4940463176042381,0.4430292277591295,0.2122178966623963,83.138348399282,1.2554991523587058,0.0336697444432222,0.1818651622813777,21.979281520614812,0.5215738012821737
110.62956430060242,111.68092971319092,96.06795102009929,108.89911292669882,116.60553614980395,0.2484191948710559,0.2102971856793782,0.3637363371392955,0.3557327724269619,0.3090023494050868,96.29371334104178,1.3904620555951224,0.0427620059975904,0.6515516635334535,23.175337556128987,0.6448200616555058
112.02851894218108,95.6178604158784,99.36854057120256,111.1743017914322,91.70378359396494,0.4863361498291324,0.2889101152710759,0.4134889576786261,0.3632380468706679,0.3072739760578673,110.79425521175357,1.0606148254578145,0.0289211846837011,0.0016212269840753,5.547222603286105,0.2481906763912898
112.15530961235494,93.12284570243764,112.23962329542152,83.47201773402894,81.7758918764236,0.1168380428845593,0.3629980095280526,0.3570380337104901,0.1499495978370192,0.4183659901442663,119.68943720585244,0.7173142345164714,0.0319086426392375,0.7104241762881426,2.1148608585022552,0.15744494263318767
119.90701789479289,114.77828492938757,115.31390013864817,118.0511979042647,97.5326523765795,0.2867976333780169,0.2296584057619235,0.4295837543383863,0.2373483837991294,0.3487403165135305,80.46569804785013,1.0948164623722925,0.0209866343843764,0.6548873805817339,35.56190317738436,0.6938544013397059
91.47342218720608,85.20099980071612,100.04836534153858,88.80193281906432,117.4220342695728,0.3471659205825969,0.1211223930293067,0.2691334522298864,0.1891114999727826,0.1798282647604223,90.5923290976694,0.9176882273895366,0.038487390388844,0.7761119934180003,12.349600827151622,0.33707741330521956
80.16012649771116,85.72786950972487,89.85903412333707,87.9582684637278,89.03113746318841,0.3619847554508839,0.1045639981143014,0.4876315912857986,0.2581564024019285,0.219521411377962,98.59394327615227,1.4912706799999638,0.016362488069923,0.0284301925669719,2.9994905374573553,0.18558532233116254
106.24190420244712,93.10048313252597,104.60097527613492,115.61031734585166,104.10227062102808,0.4679897599749829,0.294668856842738,0.3457301005941111,0.3783402994547846,0.4485645093937854,88.91766807073117,0.5503434391453795,0.0197264625892183,0.3501076023051692,19.28350871457613,0.4252035938778243
107.78131165145524,94.62013192885428,86.38953870490836,92.82336249799624,118.57130594816432,0.1518967959268224,0.1326612716368094,0.4974843137338957,0.1035535206504282,0.3832779014460103,81.07688794230613,1.1182588827005546,0.0291968381685385,0.1353052339127513,21.780153830429523,0.3737852943622254
104.87245537812548,91.1004447773606,98.03661068648417,113.42052149723978,106.73774282823096,0.3444261447834484,0.3210204086836667,0.4143311836720373,0.4969891790541835,0.1187543285975709,101.58172096421366,1.9283594783331628,0.0254124994335213,0.2991916286426035,16.357653126373233,0.6079835625010496
102.42611362916674,115.40651506535364,106.8975828886716,105.70918923164382,87.59072548843072,0.3458121970572721,0.3867110674156203,0.2223757224692074,0.4571445539683725,0.2827971365798847,105.97594436158658,1.1806394259863562,0.0195831334864253,0.2878331278639622,9.780004620150198,0.3926227792622687
84.2555473204963,118.60568468229596,103.95433480401412,96.62733636585716,103.56083283640872,0.1657913847807787,0.44176312640812,0.4771702481698575,0.1398059673474974,0.4006723468618213,96.64248243992452,0.6651165808739161,0.0176755418610655,0.4780488498964026,11.947359651288334,0.3858718226071559
82.47247844286862,112.88509095616428,88.66582142257344,112.18184025271788,101.37513773054442,0.1860056876660878,0.1026888870676086,0.2042455291541553,0.4419639340882988,0.1564735507134929,94.79512318753358,1.8877380176512155,0.0444358870723446,0.3499439950254914,15.364532148877311,0.41918405001212394
91.0628805462761,81.20839792968282,112.63333421306424,87.05840565877227,82.07220462559494,0.1522675531993842,0.3956190824800625,0.2625438554258552,0.1593944290138408,0.1920001505928687,119.4244224071794,0.6772754269950524,0.0336343558955733,0.7724585708435692,0.640397837466323,0.07888800083998161
110.23510923303525,94.00172889491915,95.573360223666,89.88270349122877,114.36713914787587,0.4178407699942418,0.3493075160232078,0.4043715090265994,0.1391092955952151,0.283241713139885,99.10114092880676,1.5645652414889488,0.0250957063604819,0.2222190166860194,12.35233555836342,0.42877267398551266
91.89318104426128,88.40770279004096,92.36998905344625,88.12598300669588,92.7062088322083,0.4188425003125329,0.2063171003473724,0.1676755873504114,0.2527135575268768,0.2333519895355122,111.92277812966752,0.4416797051276549,0.0438312180379839,0.3350003677840893,0.39362242782940327,0.04505096368730587
83.31744891472692,86.34120116477834,96.68211533584592,115.17867422359504,82.29162986889143,0.1741891115528814,0.4815779701425035,0.2932393618221761,0.3432305424439699,0.148442763499838,91.48696688783208,1.7411568171593337,0.0430064194684613,0.5605238402568149,15.459879620641066,0.516746605481203
88.50698827040122,116.33382702166384,115.60058696639686,107.17803333183764,89.61894216380952,0.3440140352526051,0.3221290772833854,0.4727717311092131,0.2649267204288175,0.4128248401904868,113.20753012287328,0.5660055283091788,0.014435482276153,0.2212346807294896,3.6901446583501536,0.1959331150410934
96.79242244223144,88.4488397775186,85.14354036500814,95.19993578055566,103.032864202814,0.2216723913848488,0.3315761425311522,0.4707881588976792,0.3500285243035586,0.3844634735066033,112.94798756799588,0.9398140692361208,0.0326914250565292,0.5790488754702172,5.316771357777925,0.30882096545382376
94.39730701859222,104.4329820186388,91.85018941517222,93.8340211104316,111.62694366578438,0.4503938100810362,0.4701697453235198,0.1833099500812268,0.1783352126516741,0.3201904507635143,90.70808485772092,1.9398355855588985,0.0222245166692965,0.5669699944539411,21.20055421755238,0.7167841836017509
115.13258923575432,92.88136326124209,102.86063205381105,91.12649135569072,82.1333856682971,0.4982065505225445,0.296060929324312,0.2323619852413709,0.3149045099732354,0.1257583096462807,106.23419808566824,1.2639407734856456,0.031633394987638,0.5697905779316529,8.884098081674827,0.4158670746688827
109.51428725441632,86.84013932944602,97.02850094987669,99.48181973516628,87.37886336716424,0.1708827081239656,0.1595681669386039,0.1111662180284207,0.3888849212181136,0.2301898183447294,107.28059906749402,0.7119928878689541,0.0387199526857489,0.5400611405729404,2.671374744005149,0.14640888097715882
83.78221402653585,93.92052058684284,118.09143630201274,104.60542359953686,95.2564091361161,0.1674145244968359,0.3048975082102494,0.2293777623888259,0.2572071083192316,0.2262127268247244,97.7046211577487,0.251097545683446,0.0103403035985946,0.6539682840455536,4.89646510834143,0.15477706980764108
81.5564328309686,104.01093125564329,83.69030563741491,101.70176284190106,110.07802033086972,0.1015934057435328,0.37533154576757,0.1442761914936239,0.1876569588251878,0.1761268174255326,110.95120251509756,0.2618811409151663,0.0305427004230277,0.7959453572646159,0.37853952851974293,0.041195110682807415
96.94341393179144,91.97645979266098,81.89536935270394,80.99111500646387,97.20106278582084,0.232546918199483,0.1640790717985424,0.2387808496751816,0.1973057383230936,0.1244860452689644,92.27541044787957,0.7305284400365992,0.0216692936023898,0.0442691642128685,2.399512443643537,0.09471353286762714
115.33381082811871,89.76251115172761,102.96222023127284,107.37223278719048,82.43319470005446,0.4482251908679316,0.2222324428394846,0.1381128585505522,0.3086105515808491,0.1493102073475213,99.37087356470462,1.1719958877699217,0.0313604360063258,0.3977173135005927,10.64014650594606,0.3777386090057884
86.12401503213508,93.25107173678268,106.8037269659428,97.56140448912387,109.3678027287298,0.4092372805827388,0.1246311772959358,0.2858543799776925,0.4775305320463113,0.1635876214633654,119.60606823319162,1.098559720130602,0.0143936857631335,0.6504647440156658,3.624963065722286,0.252729832873776
114.7039146229277,110.33489106394173,119.68988829252996,110.17444274926598,114.08716780029802,0.1805474707621992,0.3401859645580863,0.4919416286381358,0.2543342993142375,0.3594580371108826,87.14702686611997,1.863292854750524,0.0427026567294098,3.776786337716942e-05,33.789790664715476,0.5867241848694589
113.29465433860004,109.21063049120188,112.0720726662356,117.3873291146964,99.0082951410517,0.1609268251126535,0.3565588533057209,0.2010648259819573,0.3453150429965322,0.1354644832334438,85.91130888068997,1.5871647009720529,0.0317467380800412,0.4361225956037043,28.598737363326332,0.5327305755322556
105.53148095650174,100.59758886291092,114.04147948768292,97.2543841148603,112.78907084578933,0.3099876086821316,0.1949619978692961,0.3726834813317653,0.3990679148273262,0.439257012223759,85.68794749587587,1.8682873628846848,0.0184425380174665,0.5278385724836545,27.413493443971454,0.7676177570050887
111.97418300228556,118.47544405474362,89.95682797029676,108.3847803954365,110.27677990589945,0.4969581475676328,0.2837419118612928,0.3682377668829297,0.1073694865008486,0.4620348133224844,119.92437087338288,1.1456118295598483,0.0407873891580009,0.1533941388466166,6.562717982494684,0.3107086332856978
117.45113971218665,116.27609672222124,102.94103446833792,103.1661274345592,86.69164913616918,0.3462972582114316,0.2685379917092948,0.2737250971042603,0.4031982585441582,0.4333880014143576,86.39653106374381,1.0316662212539272,0.0115112971327796,0.3206564026541969,21.842808677028895,0.5112176338414507
118.99850809695084,90.20069850813708,108.98944873805168,111.8318001922125,97.64862018445524,0.4231614705259408,0.3042338612188094,0.2484586550272126,0.4782157445662142,0.353679809908084,87.60956947327763,1.2406545199606571,0.033712935584618,0.6315609548443271,25.73570428824619,0.7190766489495131
88.44774880116232,87.55841536878746,114.25984003606368,100.4302594699406,83.60547928153066,0.3174613635976846,0.3393275728113171,0.3519466032745131,0.3852291536427615,0.3212738780164663,107.79146341629688,0.901255653492629,0.0300704650646266,0.0533461768306348,2.65436305686494,0.14771303795791368
108.68077891051556,90.00684211220118,115.05579003003515,92.382871441199,88.01083320360573,0.4501421417829915,0.4438856857094865,0.276903097861135,0.1674144448502146,0.3306622855084403,110.37986499219564,0.6189201098400398,0.0115858006104028,0.1078933865068929,2.2001879920751297,0.12962557993770663
83.39433774219738,100.4612454655059,98.0295035127315,110.05248578412572,98.58410348772144,0.3482958088524728,0.3093518295814941,0.4562311253095865,0.1372081028097463,0.2149674019340802,101.08245221864652,1.7141559773186168,0.0199882189291454,0.6544555773146506,12.368032257226874,0.4853028483661898
93.75263875697485,90.46619662531776,91.12586981879883,117.11391607311256,86.60314408351249,0.4463159385290475,0.4757653252088822,0.2703700298810274,0.1770575927363751,0.2681317986039739,119.30676476670472,1.4409302712320695,0.0130856176352356,0.6473644034829968,5.860221284414726,0.36277191263118747
119.527056982286,93.076778207689,83.5356094166999,89.9476152315146,82.33657518218475,0.2824665781696543,0.3078277512650201,0.2097412320731804,0.2250509628467289,0.3622350525384368,81.55635521284975,0.8199016613941457,0.0392954773001706,0.472322690987168,16.61058740815854,0.3586535800822138
111.60119076655664,100.50211650164422,93.47946475467204,106.48198418526248,105.2258610380128,0.3487176603986557,0.3648410060461339,0.2509139932790324,0.2345827353999569,0.2406154691891756,104.83283476195132,1.030992168075754,0.0382308387981583,0.3329493217746586,9.5362962866834,0.32581612610278904
117.59488356910362,118.45042066993518,107.22735102661622,112.71263708976674,111.69700401340714,0.4804705941958673,0.2580980412577291,0.3424529585351702,0.3091372748666154,0.4504887263977969,104.25877277606467,0.6445337108494865,0.0135719187219316,0.0845213960618625,12.643798711841269,0.31976873907718145
99.652141307996,108.17833152133667,83.13036030734281,110.32084332601228,118.4733202876947,0.2476467203117916,0.2736577777424682,0.4371177155128841,0.1643830456119623,0.33771781915012,92.84979149145634,1.2349683491551926,0.0143682873863461,0.6491498350771887,18.457724788716874,0.5297507896899799
83.39899012502954,113.44463138367418,117.31920106597084,89.04755559208249,100.99244750436816,0.2599632830575216,0.4943166235700911,0.3885536467202479,0.1042225051224512,0.4357895601786575,115.9776188031139,0.8771267505698644,0.0452112885422901,0.1933962889122829,4.3666982229538736,0.23029488988348754
117.11432901851954,118.40904018091872,85.11529537409265,93.96016902221804,107.92578564603426,0.3812718624725246,0.3243843662330573,0.1944513903537268,0.1597266601630761,0.3513598251433673,102.11526824420348,1.782256805569388,0.0180338977201186,0.7305526860635742,18.517106492632536,0.6721954281581273
88.86233997543721,92.99082514537923,80.93164240018773,86.14086723724796,102.49317977670977,0.2759761091255056,0.4446481248924518,0.2049494281110685,0.3550079923384995,0.199537214663607,89.85361072632858,1.1746351457988111,0.0221464428487069,0.6206703885344482,11.801741935505223,0.4240373839553474
106.1236026521673,105.95647324383349,111.13441883112868,96.61125654955164,90.93962864964622,0.3545268316373153,0.1193378568862853,0.2566829707257538,0.1690742463463005,0.3423735984893898,83.5343406480297,0.9705286159804764,0.0373712065757493,0.0647486702726578,21.70509047188673,0.29609100186330106
80.623228001701,88.26519304209548,92.49551248808147,87.12827425921861,80.80577885986409,0.2266912212710927,0.4086130470706998,0.1458377441720073,0.322485226767697,0.3374711451766619,84.28475574152704,1.561834586778193,0.0124289289035654,0.5083944839736253,10.27826942920149,0.3914939937453684
86.29790434660767,106.6439821427029,105.18341665890384,117.42734557592168,111.92673165589235,0.1088416398880264,0.1143942843401994,0.2232960689312073,0.3436301757647648,0.4850519980648826,115.89316985080076,1.833927258322089,0.0479062604703313,0.7365008026120875,12.87678616526497,0.6259068764053871
102.71024467364764,85.50225389972846,102.56287275700628,82.46380243656724,97.23539589643411,0.1363134039954652,0.3812651092843223,0.3770864488491108,0.3677896974013908,0.3064589366128807,90.01235049353664,1.6804834208451247,0.0109203602838052,0.7033345614722748,15.932195019538078,0.599639358589934
95.61034515788782,97.11255237451766,91.19303673579148,107.43321790495295,113.63777869195118,0.4867303802440575,0.3007100553954726,0.4353188316796831,0.2050082411498655,0.4225233997227421,116.28021206446972,1.116104916593278,0.0439657004506307,0.4906823033726559,8.11451617893722,0.41454786407297617
110.7406797039591,105.1100838316352,101.53379197332052,81.24336720032122,108.91735994767686,0.4986182935755733,0.464034395109504,0.2216286875007781,0.4384629903393597,0.1381028492114879,84.80471635195967,0.8737758398029051,0.0244362422623181,0.137567211050078,19.37393263812197,0.4041162562179801
101.7993175831399,90.82964202655548,93.11368155413768,117.42427145878966,104.97448980468909,0.371083023845221,0.2368584931946746,0.3634680358382393,0.2648996030317861,0.1036132599301289,119.35741028039816,1.408726350496504,0.0160015968930933,0.54419345865749,5.785602844012556,0.3123495125681633
99.03649738630114,104.8368695883363,96.54969299942628,98.80729092812064,91.61237026830682,0.1925106216191804,0.1169544931433264,0.2709079691199405,0.4360285146912732,0.3951987035900314,113.33396283449238,1.6795190761095016,0.0250996431628166,0.5329136465518176,7.133108967007236,0.3933994960908542
97.59413202366578,107.42368929751642,81.59767700345877,111.8010962918462,91.31918163445252,0.4155648744976262,0.4228798595218916,0.2487759152173902,0.3024102917973594,0.3033804680341604,84.64914966388058,1.9626192603388808,0.0489136619794214,0.4709877745705064,25.699962567518494,0.7080304201563304
107.30239173729998,105.7090125872024,106.10512196565222,104.32515665023212,118.3640735227814,0.1452834067744289,0.3392568488513097,0.3880719116001342,0.3443871276453177,0.398386373883809,83.44226011265363,1.0501896629277885,0.0311591114111255,0.2125942825150012,27.375264958649247,0.48019120050552366
100.33376650781562,109.29276462061408,108.2179732493831,89.45070309113322,91.33223356747304,0.1475565072499427,0.4045635785336708,0.1832560413473906,0.4507307291358131,0.1979725249403182,112.13748729686066,1.4194202514526753,0.0123712074622186,0.7202374582478377,7.58363712031452,0.40935029220824704
96.96068392627872,91.10791721852836,94.6697239571984,95.63842455713224,104.15458243753376,0.2967969534761761,0.2949065186626537,0.2075401281568054,0.2446838337678377,0.1742386996302368,83.12265021158714,0.7629306931169586,0.0476616746228251,0.4020615220930129,16.885139218832407,0.3027470391185734
88.79560170940246,112.17167463506748,97.50145427086018,108.24976446732988,83.25769924963271,0.3280402789834198,0.465211210133392,0.2266430289446601,0.303225043908583,0.4447522447634598,90.4872394269904,0.4030607687932979,0.0157424621853004,0.2376921797007548,10.451612767380409,0.25648576089184744
98.79861576497468,81.12878128709313,107.0363996726226,93.74840307988278,117.97011256423316,0.280999618778189,0.4325041313831678,0.2785562660679479,0.2760969866843493,0.1628959848717368,112.04999237067082,0.6928510236768003,0.0121875044160082,0.2041776591553555,2.09275324432319,0.12402812171068421
92.96496858405678,102.55223592070908,90.2955030277846,104.80450515789362,98.68169400532938,0.1499915297706456,0.3445986977177951,0.4309334098714882,0.1541625947400774,0.4640375784427951,116.30320049393296,0.2753577348408863,0.011817036325903,0.2248142645243454,0.1865205123781127,0.028784886686691883
94.82513046022532,88.1475739632072,84.4608537588582,84.79516535826693,119.96160070022214,0.2435519207457346,0.2701028826083287,0.4577813608072516,0.4585185801285626,0.3099435507646287,110.70608233034748,1.1414982980517678,0.0430533959090808,0.3688753157952114,5.403616413955122,0.29234897855053094
96.4924290742894,80.07718831493358,118.11715162504058,80.79919696919251,96.74344502218136,0.2107059777813363,0.1687757889352703,0.2086320189722186,0.4122509590500499,0.2298363208854598,115.5957128301148,0.9030231970708652,0.0161207683756508,0.1846811971354712,0.6306415407532584,0.06506459298734009
108.69910343882624,116.58396977487048,108.51545165728405,98.54503019600048,118.97768155936411,0.3778245844132034,0.1780803289118388,0.2914014530755598,0.2408424864235289,0.3014449293280923,102.39553252149707,1.436980917259285,0.0171593157887471,0.4139316521131613,16.13096065338493,0.4751242211633926
81.57277532133082,119.47568810152032,113.97566206833756,117.15720068505436,90.19089696390148,0.3279781163680706,0.4963739858537781,0.4599580188756809,0.3783465910096762,0.1614973882121675,111.18444648198032,1.326799560055465,0.0477646140213351,0.1536187919221443,11.293299339224479,0.4578597954667378
85.6983228913708,106.532611174908,100.6343775194448,100.92671842977518,116.98476713932872,0.4676114225356873,0.4570344282831998,0.4546813720296955,0.2916067457412223,0.1682826844244227,93.76745313957696,0.5437662602777295,0.0344644458157711,0.2167615541833506,12.64301537447696,0.318162504914299
104.80323626613048,92.4425534041836,96.00266225671504,85.33983340367405,87.69256161102757,0.4017612859875686,0.2554060155961694,0.2378273158768939,0.2563128050237109,0.323628222986325,111.4085627598406,1.4291877903431285,0.0214167664494057,0.095732363014445,2.904240414406346,0.19161733677075524
85.73400280838155,112.41165364845418,108.19493871888476,101.21380070443408,94.97471334510284,0.2334075322976636,0.3759682443992473,0.359089518297465,0.3035450455307601,0.1215892926741981,107.18963629697949,0.5779503931446608,0.033458189790705,0.2859157278769123,3.51404571302592,0.16226814416285013
106.739771612974,112.51621390783043,115.24932862686836,101.88064912825334,112.79540487278804,0.474617072948469,0.264678513248156,0.2797812777143549,0.2824130048972663,0.2460111832953876,102.9932025463624,0.2604180024360413,0.0197237007403746,0.3247757369102715,9.108616656487902,0.21846900572875846
100.4522381365078,98.98120356751564,114.617274224884,95.45495745058656,95.83650716162808,0.3698351642472038,0.1055670783295397,0.4494033317242715,0.1409756101078241,0.4998854700419269,119.69205282729,1.947837160179064,0.0297706071161206,0.3229740773889471,7.663427893752021,0.4302968897129803
92.19645381139664,100.74806913178466,101.79400134757844,106.41844581241828,97.22009240438284,0.3512330516706884,0.1264985896418736,0.3249748237707364,0.2325231169862459,0.4812172892504934,98.79118099499364,0.2972238323321076,0.0233848981633325,0.579909999462894,6.228549327794546,0.20246526024757824
88.71349167534397,114.67368249655505,93.84003468952058,116.917736793607,88.29413332105823,0.4021884019127539,0.3028058674593745,0.2719109598029898,0.4983475463158145,0.3669536339843043,104.76988950282204,0.8480608842363492,0.0349050614836033,0.3866889393852788,8.979363083435787,0.3610759016206297
102.40229904944924,101.46460374117808,113.1459139170798,85.55405547003319,116.39748691669844,0.3055718969564963,0.2591776469681182,0.2298331429762247,0.3821677695206518,0.3351542059624109,100.39622747455388,1.3656446716635675,0.0403523468267453,0.5544042450599986,16.27130402307309,0.505974067973638
101.25712688688282,103.44437535657464,100.40665173191069,81.44099627345066,99.88362647226393,0.439273934121573,0.3214242893213497,0.3329325560527242,0.2909425979372722,0.4050483785164266,90.42045358303832,0.8981554400274282,0.0239403007460187,0.0265120803763274,11.80523349602684,0.3014018208697637
90.54198650707964,93.70752721511326,105.9640639674856,99.90788517896424,83.72872850669842,0.2659968704394073,0.4407758418919659,0.23081790446192,0.3770500185523862,0.4571883596398609,93.21461923866902,0.9171160207974745,0.0157565211055281,0.3492709186421538,10.18564854026553,0.3615066887895892
82.92165099047035,87.42630782469482,87.63540586288894,104.3320302788546,87.1125785618217,0.4076295454784484,0.2370432570063805,0.3825356011803091,0.1827939258439894,0.1232660317807237,119.15143071823763,1.5147731957967665,0.0242296242066968,0.0718382376315037,0.853929298629505,0.08779842364511047
115.26877693099082,88.39042642453653,83.64525781705531,115.02984065438588,91.81310304306932,0.4165526958579403,0.4232036460926662,0.109172375566239,0.4791180055479894,0.2783599307620676,95.68441832058828,1.3037693853094277,0.0403261953519432,0.3696816034986958,15.675238300213099,0.5440248627033065
97.01690519334944,118.36105536049767,117.77476876631096,108.59667557059672,82.75755806930219,0.4621088589741556,0.4152698102579627,0.4602614111234849,0.4333502532468275,0.4895981478347296,107.1762506974698,1.157160530983901,0.0414832688262877,0.4921596080897442,17.545297104389718,0.6829441176101861
103.7336050164559,119.5631174016903,117.87664913695922,84.24009970079771,95.83869212361476,0.3516404005103147,0.1909035388210008,0.255825252293195,0.4007516994476324,0.1627877115212246,102.68389054674856,1.8010542842966044,0.0414220382914449,0.6373915059621695,18.25261605958011,0.5937752862234509
92.62146983611358,85.18912427619622,107.79193244995044,90.95393457440947,93.79463212501192,0.4719369344716079,0.1821115654515726,0.4503898952718441,0.2934895779354352,0.4362480593485364,115.59221087238056,0.4391988805651147,0.0489828965107064,0.4401752902755856,1.753974455717446,0.13801867945764124
83.61435506805672,99.91870235114662,86.32671454608226,97.28361694317957,85.73368888413206,0.4833182789911115,0.2688589808302899,0.3786418163671614,0.1906870413637407,0.4203142866714154,110.3076031225202,1.072093198699512,0.0429913126154357,0.3036018187082059,3.6922577862519486,0.22557917295200786
118.15399559800582,85.7993013278857,100.87548615402532,87.8791930127595,83.05447213890437,0.427970259713243,0.2180982816131184,0.1096563049882759,0.2724821007119298,0.1680002136980848,83.22605623999429,0.668366799413217,0.0487429212236092,0.2115699481803084,15.08746231313117,0.2743905107626001
88.09234475368393,82.19096429561745,85.57589532483955,99.73936631052868,106.07262084230295,0.4274204321075492,0.2044389112068625,0.4774771170186108,0.4887235844307557,0.4635343696281846,94.21767485754977,0.3144137342929685,0.0350716953659731,0.7659542586006979,7.268742418410537,0.28919804382641984
83.49359260287133,97.64074495617074,103.24988091413408,89.36902704844246,94.883136460641,0.3398457910824697,0.2069712015943663,0.4229033659332143,0.3806381524832057,0.4908673388201049,108.47654171031236,1.9633089788190143,0.0191739347423792,0.1586283740698915,8.048076506422273,0.4374107894547048
82.87339478934435,88.80524320932379,98.6701170367576,119.61768715701288,119.85060251756532,0.2509008029264954,0.123507199667088,0.4993545315355785,0.4353054557755502,0.1885958753194196,86.45427232046802,1.5345469477034768,0.0343278517697882,0.0339330868695134,21.183455985824978,0.448722424576222
119.18486724497151,96.9234554520131,83.22721513658661,92.94293748997336,89.5085750148391,0.3902511463598616,0.1002760700259112,0.3231236231534322,0.2451352964006513,0.2525332164950508,100.1375672623908,0.628324652984876,0.0179133622265585,0.1007035138849801,3.4264109265418194,0.14366231631927046
80.56506299639419,83.80934441153502,98.12767740196264,93.58649855217188,87.21414886537931,0.1978079224688303,0.2099380862533376,0.2818674655424604,0.1992580141911102,0.2865759787477752,92.71076193315471,0.954259946521046,0.013413050136714,0.7980040794300316,6.457359006628002,0.26115461771433485
108.64399882634989,94.28462383586476,114.07471422986175,89.6390864105247,101.535739603465,0.3309390882281822,0.384444569141004,0.3708582602731272,0.1967957092418093,0.1156758361712452,82.59016919174012,0.6455424265694638,0.0220529802862776,0.7248960238108414,21.273717498828827,0.415777761740508
87.3655686859673,99.81202465543367,86.09866035913545,86.46314497486088,104.48893508168062,0.4330727464372522,0.4489251371858372,0.4915558078933086,0.4838846228944751,0.3535256106771937,119.88584351354496,1.4484967504716524,0.0245110222354468,0.2562062979759606,6.632711141315239,0.4165914961137438
90.55144168703067,86.8946890625699,117.19073000540293,81.72013002960205,102.60592450783548,0.4577086815766313,0.2792033677285555,0.4149342558900172,0.4821338169026871,0.4185114228830656,117.17458398036584,0.8632823750182208,0.0383555174654599,0.0030793416989721,1.834241591411811,0.13133781040829265
101.9305536733306,90.0243549761224,98.11086980451272,83.50951132330542,108.85080583695544,0.2663061463807201,0.251103698826706,0.2166171016749289,0.246825409725531,0.4282306647168812,109.90104617233304,1.859759518265612,0.0245230684504338,0.6137648214940622,10.244873453551829,0.5062334206165302
88.86788593507293,87.73541439306224,92.59513913110013,116.09479681052568,111.8586659313417,0.3806001284874307,0.1999516718166898,0.3846140514331001,0.2517581864159968,0.3231090028146581,88.04103341013383,0.6132216335141902,0.0101259360478399,0.240429005839668,13.515193884515753,0.28668439135937474
117.8756916453503,106.07849384132342,106.51686044128353,99.20123997704869,116.20745293467904,0.2481477091077384,0.308651741154336,0.3919215580370179,0.3924522602481995,0.4012730317204379,119.54104774357882,0.8621958225693453,0.0466776520267555,0.0177194666134464,4.333816790383427,0.2012667472518794
100.43508597081316,94.20240283180098,105.6150003967066,101.84557973603852,84.96079261239582,0.2564155181960784,0.3761981771653416,0.195484652578833,0.2909713681679462,0.3332427667213106,105.23169131864086,1.8806753505762264,0.0335761676359385,0.3652836721472381,9.959828743138845,0.40340472505925806
95.70901655649718,92.5330164437792,113.87335100044528,95.15370227892436,112.86220930555572,0.3745928749088102,0.4647983967017002,0.2219074546159163,0.4381143658579839,0.2244497008037322,118.64301751469176,1.79819131967864,0.0184303230160687,0.3393247646336992,8.03541116339749,0.4280023035861373
97.69558375603782,110.1400225378244,85.4112771404476,116.98600878633847,99.22239563195672,0.3207637676141308,0.4312399389699197,0.3892598421078762,0.4451478675509318,0.4259524770065493,81.70315629167477,0.7630477554703463,0.0200915050211214,0.2894068674561585,23.414000384948643,0.5075204843343444
90.39192982505226,89.65958425459227,90.60309154299888,94.6689669167187,108.70078130702468,0.2105389047738148,0.4971746686847245,0.4747993728828291,0.2720698484953159,0.1188837902755505,86.93882869340683,1.0953701859525462,0.0149656094638984,0.5226939182338078,13.591543123010403,0.42247743756991113
117.98412171603177,106.76149720494529,101.88665083776402,97.94391232068538,113.12777868150464,0.221398669275652,0.4344610122385707,0.4803481677995335,0.432668781703953,0.2586972946418384,107.08987540846316,1.796483721042886,0.0462618699288371,0.5808114794896938,20.971626705855446,0.7802749738914032
113.9862880978428,91.72150697731274,118.1368099461372,95.80461452825529,112.00312276766113,0.1226145998745324,0.3070331376038163,0.250553003545263,0.1491889548712339,0.1423413385556422,116.28718844582694,1.423610481180546,0.0192083435218148,0.4473470174014558,4.310253712022627,0.2032523276585049
118.67279512328932,108.14632403422443,86.46202905804775,103.44547820695723,84.75108492382314,0.1612147534624383,0.1823294693538558,0.4015145637461887,0.2526813882002832,0.2747752520780715,87.0312885117124,1.365239442333251,0.0476258854212956,0.0111894187810484,18.944640881652333,0.3011901673751396
111.56568159475704,91.25260695495533,107.80859292240076,116.40358696520796,87.2403940268069,0.3393525339932471,0.4840533909728065,0.4025876195601354,0.3582850455524804,0.3975328534431271,92.683929585005,1.4059774976634325,0.0205724543297007,0.0179327888496239,16.006344728414636,0.42033389033056273
95.71431354404668,105.88475152294264,96.78634371238005,86.9927576649886,81.16286456675188,0.387717008447435,0.3760997043977107,0.2985628477999427,0.3267388320559914,0.2845965865795787,103.5270932603436,1.8617169848901636,0.0419700478580474,0.7053950157335797,14.442551297704078,0.6222134821319246
96.26392574807852,105.96836106327682,102.95936832609954,86.24964959042569,98.02773775469548,0.2579833988187992,0.2083072287025011,0.2420852805049561,0.2714118469238618,0.3317517619937944,119.98644080624923,1.1550542212426635,0.0104180860966649,0.149154119610817,1.1117906072526111,0.09536536379129709
94.7788418472501,90.968096091736,109.17084975441556,92.38608120108738,101.60567809332116,0.2999500388812056,0.1431795817109036,0.2359894621829041,0.250477387440652,0.3827703860452369,111.9866034713232,0.5681147559831272,0.0293309438086885,0.3184514970418283,1.5796786446485507,0.10726977439949001
116.92894141078466,101.57103929014328,104.68091640642244,82.92983944670206,87.12536574966946,0.2331568337421818,0.1031823262338551,0.1337346493320166,0.2987993671880919,0.1753982017089482,116.94251115931564,1.0772665692870875,0.024768581320197,0.0828218312921631,0.4484478835670076,0.04836195409819431
84.03804797192454,110.5925179342336,113.4368432366737,87.45821172778311,88.77087003692364,0.297848964511693,0.329682148834449,0.4733751610277419,0.362231969739528,0.112416289053373,107.00050138390972,1.5255545281647644,0.0233834303573551,0.1834407800512076,6.800338885012267,0.3269720086559369
92.92829157971131,103.64310467815342,104.87184775200078,107.4701583416583,116.2077102485385,0.2522922073139378,0.4173827883126154,0.2042249823959712,0.4699892286000964,0.3116042834254551,115.09485082666608,1.1112350495661494,0.0496862517476111,0.3882829269971613,8.934899876411624,0.39114903270373236
91.80160561986152,106.35035956827105,102.38891383110769,92.23348961650268,116.29660746374694,0.1369790767288823,0.1966682160721121,0.462519679635465,0.4965839004699239,0.4452063570269414,100.28180129268227,0.7982097676292828,0.0388346684548242,0.1884372547223075,10.494716243016285,0.3412099411665799
83.8193364783687,108.48004107328204,109.11494852090408,116.61306110759848,100.74322369405414,0.2282706738607685,0.4075276050040394,0.1888910574385023,0.253808914979251,0.378867251440279,84.96634539768769,1.4160773459191875,0.0202311167640003,0.5272661209747085,23.687288577306006,0.6081794272385114
92.86489352876984,113.1096267944008,110.8324112732957,100.01262457677882,110.71429502535244,0.4875605356738247,0.2756793107125628,0.2983345684133346,0.1880674115804217,0.261289097099746,108.38229676925984,1.0379020674692052,0.0400976701936308,0.2938467218857356,9.727300511327073,0.344590473623448
90.71502408309044,103.58025321613871,114.60733819151504,92.71938018466052,99.34199929722972,0.1252074430782577,0.4434343582507355,0.1093338356856801,0.3734098338373407,0.2092886805816668,104.05899689599585,1.934935457314152,0.0151827508897019,0.63077341339202,11.286890205804214,0.4735964085887233
118.04179416691558,111.92847367886948,115.4815608132221,95.40988243561786,119.86021038538236,0.2904437728132647,0.212623376039903,0.2600282672107618,0.3187111545676183,0.3563573645728779,99.41400256459434,0.8662459641064054,0.0470371381656187,0.4815603619255974,19.588857981846363,0.47242960292903274
86.10262418735252,100.75082332865236,99.17093529184996,111.93728763200538,116.34471090060048,0.4761144572396466,0.2328803607102591,0.3339430051895007,0.4606888588832977,0.216092723180137,90.99963662071092,1.50560211635042,0.0270554489867637,0.2031720455499013,18.90534408674419,0.5107829497193996
109.24557507632238,105.07264944521212,97.09716763394016,100.41303668302936,100.37201252899288,0.4460199924501924,0.4830220385559397,0.4389974822507655,0.3279442005366387,0.3888462159973179,111.3681204876943,1.2213759823598052,0.0176265164783269,0.6467063728466691,12.671795998758782,0.6257908887067124
80.8147389473751,100.12183219310712,114.238832006965,108.37096044568992,111.8283448850002,0.2924263474204175,0.338902321779894,0.4897896267913089,0.200448222462218,0.4170188490162576,112.8164032566595,0.3857383534489919,0.0209128193660223,0.7456696562287148,4.784596557158511,0.23531087132050116
95.61939959074084,101.15892947651832,81.33934275988402,95.31991768677376,98.97664179570576,0.3024932599019213,0.170749301372749,0.3574141522817776,0.4169707626140306,0.3275023277293477,94.56742509740394,1.0720763555992383,0.0162059535960377,0.0960354392128777,7.645035721577312,0.2693227048462832
90.20835598396326,81.24963915962599,107.61632435115808,97.40351003395372,96.62712772448936,0.4349731203966637,0.2463474456347949,0.465507319594977,0.3593280399945309,0.4212637299726253,117.11066238378235,0.3010365487895261,0.047222319785836,0.5357307839671169,1.0069830082059692,0.09196463438417558
89.99947016114035,101.51321595992069,97.52107125082928,98.95937892116363,103.23485393745528,0.2091940499433232,0.2784513247611667,0.4638469646960581,0.1203582202007526,0.2615926854252722,94.7896677747444,1.6322054804362462,0.0222357445012555,0.5046363919317073,14.453887377796095,0.49137427661684735
80.25298588958941,116.30783614153692,82.84349587780325,98.03698989263978,88.29491500957525,0.4121274632215344,0.3975258760712008,0.4406491323077465,0.3957561338714973,0.4788368596676026,84.3024997925113,1.5354276491476968,0.0157140354869374,0.535770187720811,21.126994189621943,0.7436130618449063
100.95129477479502,91.20920435188552,114.40025992250416,95.8543933584968,105.55022223073748,0.2993038221400184,0.3497159347413164,0.4390823034240906,0.3806763799425389,0.1408226875494677,86.66113470042316,0.3383957163948382,0.0425160309944931,0.0249486003972893,15.966428743312171,0.21046901863519124
89.95518912591515,80.7762460197607,96.16618142453105,101.4594595823316,98.38188605047002,0.2467985810379166,0.3210363193327488,0.4018870175446275,0.3174270275274293,0.4110196965535168,99.78061881635668,1.124465748792744,0.0185303648670761,0.0225006891145421,4.725177106212363,0.20521916404026386
118.4805745527544,108.27356695384114,119.8267920250158,91.80240361255888,111.56213118428586,0.4350437905851632,0.2060513081180724,0.3464392692648453,0.3228441509923132,0.1909269010619471,83.19451973404547,1.9326940594751936,0.0137660140016376,0.2358492000463442,29.765062278965814,0.660546259690642
102.22233870186456,104.47041417793996,119.43412801769313,106.15948799004468,115.95267569347672,0.2959512356947326,0.319427313827487,0.4269359500823458,0.2843957498569121,0.1323663929903797,108.7365017605336,0.7481178653971133,0.036735796465975,0.0641864604843506,7.709801782804374,0.23592234854756497
109.03000938876988,85.09544486899,107.9769484128925,99.37262354741928,116.7519197192937,0.2949183832928829,0.435180377750573,0.3285021809310182,0.2275460910808872,0.4683883791937033,111.8038342119137,1.8325307703229496,0.0102962273985723,0.2928623820439719,11.907319460220831,0.5317862673186141
112.2733778876182,84.16538750428901,85.35662574614234,82.78444007194422,99.7297949897847,0.1622605538504247,0.2307510609973209,0.274853876251832,0.3951911551703505,0.4342987168503044,101.97873330781246,0.5144121545926286,0.0432968237470086,0.6979365606633513,4.038867540497351,0.20315373482152083
83.23087036829412,108.94713346298776,102.0943432580173,113.43540070212568,91.19183154685264,0.1234241904980797,0.4168143281854378,0.3882113661002653,0.4578609219247266,0.4601771963302169,115.73393811920836,0.2615542941140882,0.0325083826004583,0.2835490249703317,0.9516083886515777,0.0793979371319164
100.76563136644565,84.69918743642178,115.3844001060112,87.00019849159354,84.0944900540162,0.4110102234641793,0.1760810737054748,0.2255486026624202,0.4745278795393992,0.3392693199415431,118.17145866985008,1.1784124241455145,0.0198727368631897,0.3142769981937195,3.2440975897950803,0.22881643826409617
88.20202394092733,112.24925954891926,84.23258110738732,104.57709979352664,109.84725202460504,0.3155042937557151,0.4662837760175994,0.4496794296398658,0.3909984613265523,0.4529009216638174,97.90324350842631,0.6686757889358235,0.0289437502889737,0.2140176273796903,10.069622899418176,0.34778135256435566
110.04324641931484,87.60243546432524,82.46495993510447,97.9522553508887,88.09941380978185,0.1455339908781936,0.4030175866399632,0.4862560808787471,0.1195907169125617,0.1892182607162537,83.56508672892407,1.7886423535957054,0.0204965980042861,0.3372825682374648,15.222460431817376,0.43627118700690287
107.97083236055752,94.26771198621684,97.97415764132528,84.53939732406847,102.70201146192768,0.4175873555461675,0.3080188657722609,0.1346473418165045,0.2071832116624085,0.229623839969059,89.25056438568294,1.4293635078141271,0.0313142848589727,0.6380097050375448,17.30189771271192,0.5032885269874118
87.42096758527629,107.15942643659749,82.84675290191575,119.03578369125292,107.38107914343246,0.2284250887383795,0.4510690997875327,0.3648145829432165,0.3939669113476047,0.1054280355554206,106.30464174853964,1.4520581191647115,0.032865764848166,0.6647130675413087,13.899114883402053,0.5653671943420315
87.26918271247705,80.56378581847423,93.37851568820876,86.1125305620883,88.73645332478183,0.2710048011841727,0.2271282512262107,0.4407701608960696,0.4815478615679407,0.2693363398348021,96.23137532199208,1.4282407048800037,0.0408672863972188,0.3368471733862297,8.570223048949709,0.37484476932011324
114.9100103375156,104.12818640203398,87.05830612115598,102.26637602749796,90.23122613699974,0.4892242458285195,0.1057436816175072,0.2302877616834423,0.40997247117198,0.2440398521900132,107.40037576598576,1.4381759236119385,0.0286434968030246,0.3174884495694903,9.288752497742006,0.4058975732948777
119.04803457432357,81.31028921054781,109.2927368867126,110.9198810476571,82.68651055830802,0.4683849321511665,0.1873859569992522,0.4182666909312443,0.1806809009610097,0.178841967069135,106.66940744611156,1.557450998800533,0.0414655124776556,0.1560523768615957,9.009387757222889,0.373485494721352
86.87477456925406,95.3722663641583,114.72619306116272,101.47999753673996,106.2122740002916,0.2782997433533097,0.4779762353321329,0.3341819847609393,0.3540131579494321,0.1038930689874464,104.21472546446856,1.422303393302388,0.0127697467350901,0.7804813191556711,12.43680887046259,0.5447972363141058
111.3205134182737,113.1249115335008,99.05138172334723,100.35172555093924,108.72023428351118,0.122646081852706,0.1267736102644094,0.4278568698644929,0.1947408487033342,0.2315352738554969,86.31330267595936,1.709981732252275,0.0468537172723587,0.2487962542773228,26.684092099280832,0.43130832485893306
90.53369434942503,114.17958945462098,80.83147297903366,87.83086408838899,112.00799772146011,0.3439811114515922,0.3335817270613277,0.2642117990273761,0.1017200824139354,0.2798410300203263,91.4366118422849,1.2267137397932464,0.0174203489197076,0.2741141100727839,11.895739111746117,0.34687811572705135
93.6103284757069,85.99331330769223,87.47019022845613,101.2302560774428,113.84726117379952,0.3955530462880092,0.1940957261301821,0.3833432041095272,0.1060611279269113,0.4632031217258127,95.11446506183248,0.8637043917580968,0.043463093584257,0.3438851559064148,10.945392214127608,0.36879903095635347
82.82602863084442,81.21923636498597,98.60672543347373,118.2474966021454,91.16039213656504,0.4800156830623163,0.1009845933698237,0.283127365522605,0.2655287760954676,0.4367533423678026,112.97671959726355,1.0669825504473165,0.0297852713489951,0.0643468081548793,2.2420572620541925,0.15498205818067776
118.36682156268192,115.50724706360006,91.32540305550044,112.67792257024588,107.43469210275276,0.3162886365293075,0.3445461879744204,0.1810024012345689,0.1308258671988323,0.37693243887305,107.28891347053866,1.0204113060560782,0.0141886962477806,0.2628301014616304,9.720306400255494,0.3312484734376762
100.47289555619028,96.916645721715,112.62011023701828,111.72317730780084,110.27745343770236,0.3482703967877714,0.4329314935933112,0.4378733789768222,0.3524141095891746,0.3153445531801152,105.79737064010996,0.8318860334489161,0.0243920963035557,0.7444677634952472,14.031786310023767,0.54404128655178
119.93023804861184,99.14049843765537,112.27691911279663,114.49913467933914,88.46410325814736,0.4656033076047404,0.4205056543409269,0.4529699979870313,0.4983363593095972,0.261402315106605,106.88549378843892,0.97706921437882,0.046733224580376,0.0595454213176371,11.615245638375974,0.3967364934263149
81.68265768212244,96.1899360875432,114.26946737747105,91.5641312477804,108.00040616269696,0.3867738649163003,0.3752271260926313,0.16965708533312,0.3546194398772173,0.2712357103515615,100.12808325805584,0.923726815613898,0.0433885582159906,0.1923882049430894,7.766285356767075,0.2772622598939069
80.29392556257051,94.21457729280952,104.62066779032604,85.19028760289348,115.86427648589736,0.2802542360454845,0.1720551959416227,0.3978957384543875,0.3791763958713023,0.3129160556008654,81.58526861872254,0.4444954912593913,0.0388926312341209,0.1742008007084473,16.031023440677295,0.25921179243015585
86.25095908468317,116.3917418001598,88.65557234731898,119.77114695663364,104.18994853182365,0.1626876764903286,0.3227459141428507,0.1400533688588081,0.2357488104569026,0.2489431371170851,88.04482749995847,1.7034665268540377,0.0251938352394706,0.1880556223249145,19.94232617057675,0.3985676986979193
83.37379577753245,82.61108937914639,82.99686785037875,103.59570989163808,112.3831680930954,0.4533701570162578,0.2662248301777541,0.3393879474503188,0.4499115951615936,0.2703037755022518,85.61208623201605,1.5738150296556288,0.0335516325402422,0.7636926156404165,20.2528482312915,0.7081904656226656
96.11850967082025,97.79343037127448,103.57150814658512,101.32162419145423,107.5224693240508,0.4534814080282928,0.1545845250106559,0.2459372628639839,0.1378908996265858,0.3243718517125139,82.55986657574843,0.8406927812295539,0.0192848788374779,0.5668443887751229,21.4888736147965,0.4278531536815517
98.87142880652108,108.55442740256272,119.89242970186535,94.0119136899506,80.48861851661403,0.482912824163121,0.3627807341285061,0.3504302469394994,0.2112634528972553,0.4724427034492487,92.77906591933194,1.9039810683599665,0.0359137405318914,0.7358333946712958,23.20320909714828,0.8594642370906594
85.02500182206619,102.14056739947816,93.77031148578608,117.5993037481997,105.09784360429532,0.2886139139102778,0.2068008212183276,0.4950799921732031,0.2692495735178956,0.2485995929638176,111.50920766785391,1.9113844461610676,0.0204376130237293,0.6860884682994586,11.363082791017883,0.5461776072220176
100.81420743861872,111.92158005088076,90.3435948419638,112.7895416112944,80.12244419456371,0.1139845069195337,0.171317989257873,0.4236765420289121,0.2930780418408601,0.4819498907700774,84.60527214575218,1.7492595179086317,0.0431602727810744,0.4997968743259181,23.690908953423467,0.5892965239991711
104.78709448542872,117.39028604183116,111.5143980813548,114.14536768589436,95.87818780686,0.1335543212894325,0.3463773769593727,0.3879936590173262,0.3484732505858414,0.3119510240503422,84.45690068327687,0.3014024680057905,0.0381799289919122,0.4478469205681408,25.326274021200845,0.30629688476432343
112.96955784400504,102.03326660121068,104.74160946012796,82.35661357343214,88.06206788697568,0.3313193281354843,0.375819836550568,0.4453054174550116,0.2345378577138743,0.283861632176667,84.9705607676607,0.8996314898009854,0.0254435847004121,0.4072799224643374,17.9918293737002,0.4641283344679673
102.0385766205421,82.3520423129399,109.65787226350852,113.60228034087606,116.8144944517922,0.3543638346468684,0.225686380930579,0.1715131463786781,0.4864675027112533,0.1778915555184949,90.79286765025763,1.050338991850832,0.0363792772707689,0.5516265023902377,20.562925588664758,0.5288783497434273
84.07073836719223,117.588809920912,82.7048003051718,98.9622486371126,113.61004082511246,0.1930932381609003,0.3474744401930369,0.1309473239686011,0.1136190615260826,0.1256054415221394,88.08828552190495,1.5077534943266435,0.0230054461474669,0.5614598395041449,15.93746746824465,0.38218583740143103
82.81244554257822,80.72924291955934,80.99790874826603,100.45080957744132,112.46386978386651,0.1493054583143073,0.2716787448536749,0.4317042573857965,0.2367887572382109,0.2710125658589679,80.55844465894376,1.3609215852633356,0.0162261179743714,0.4795660021809722,15.687959786768596,0.4306561633239709
85.09706684290398,84.98441016318162,102.74187420199166,89.37182403247695,109.20854940579495,0.3401004371343468,0.2208577702495044,0.2730151515071922,0.2545246747457443,0.2367534166600079,91.06009254337418,1.437162573781408,0.019407357942119,0.3591531313096225,11.08641516617958,0.34096159950319943
117.98541552707,110.64133626401652,115.08701465515664,100.78344230286682,113.29277216870132,0.255357267792815,0.1044470841648253,0.4545042672486339,0.4909387189794764,0.4449984765664553,119.85177858624468,1.592623474152765,0.0208675213606491,0.5402908333068663,13.526128648677128,0.6079541374631442
87.31612735946729,82.7339156158251,106.23812440498745,82.07810015032224,115.69925676558722,0.1022969096216966,0.4003542186778488,0.3292400690346854,0.1376699644031001,0.4731436539518391,93.45945771423716,1.909762000870944,0.0190646646217798,0.1253473351429218,11.161844283158745,0.4022598896283235
107.66216588429674,118.08802901635649,92.55546625252944,99.44633236806484,109.66761460180476,0.4104868516890547,0.1581185145792374,0.4856165718773985,0.150479501124256,0.2818719514037134,88.45036127895291,1.2151396426875911,0.0371342400038106,0.441226948760486,22.897774491597964,0.5363229422509768
89.71115941843283,101.67395280446668,106.37869100021912,119.15234617788164,109.78813176969538,0.1635902930636691,0.1600763180231618,0.4871222953498441,0.328849112556936,0.203669967077201,99.82855717968688,1.832074312857711,0.0395864543485993,0.4154398865104403,17.690310168654978,0.55177070548652
84.72523401116295,99.0133380553324,103.55083131958288,85.86492571457411,97.27864227924314,0.4105597483466133,0.4500977597210029,0.4670415747151115,0.4731939883867488,0.4622327319021181,89.17473856997907,1.6759330488788766,0.0282855681470346,0.4277398865814866,19.57548367406699,0.7105043370281127
91.36023265343292,84.75310169048103,100.48167733853818,86.62532324049381,103.62149634342892,0.3555729583706283,0.2369866599228228,0.4702270709755528,0.1489986112001544,0.167519926020327,102.38580805282852,0.8413674345468274,0.0495117554098885,0.4086549817665681,5.281889899652127,0.25000208442471766
86.78787728967461,108.94379694411283,87.80966492118682,115.85140403104596,81.04837426195235,0.2735310161982776,0.2134659768852726,0.3462931256895485,0.4621207691858493,0.2964125305489791,96.0262338560332,1.6739233175815131,0.0456408242111416,0.6002106852842496,17.938432837169046,0.652534949246118
100.87989548182944,92.80419063546188,89.00306103098363,98.86411116660592,113.68078145297042,0.3215482373674129,0.269253491592437,0.3830276639903754,0.1402755119384855,0.1194359543706246,115.87365273117796,0.4553542259528454,0.0134820074005021,0.6059943133246264,1.1351422603895343,0.090370303580986
116.61108822106596,92.12994472591384,86.16974488380285,108.80561790265229,103.27994901823952,0.3565353897732651,0.3139514180616607,0.2629432116077511,0.2335970567516688,0.1207229776172502,117.11677048853002,0.5278293418410506,0.0284180262523256,0.2636662035256343,0.8589534700971384,0.07023962559566296
88.04064594710239,110.41183152349744,100.75721740968564,106.1358079802963,94.37356135853555,0.3722224649655992,0.2685870143282869,0.2781072158078467,0.4573779405647568,0.3950191530093915,108.52245032106586,1.9866623496128344,0.046339068341206,0.2806022574814392,13.925590760371897,0.5705111597815685
97.56390245209504,87.21368393499769,110.26063470581364,86.28045296607168,111.13210379004244,0.1877772594773166,0.362866598608713,0.152902127401463,0.1776255471408572,0.3856596962929738,88.62776990960946,1.0002050521458536,0.0188105683353897,0.013188831965116,12.366388931722025,0.2533493509155582
111.92031419538344,109.86403856220488,80.77691152234962,90.92532850426694,98.73350971167255,0.150356167299959,0.2120775805483911,0.4592241071934158,0.3953261913126183,0.471783807056408,98.95594191493794,1.0560815420049323,0.0251358410212947,0.0906368799810883,8.113711045034707,0.28643691777609726
103.82177514867185,116.768883974762,95.0242388851481,115.00093275095816,86.53717152547347,0.4527333367844813,0.225031768790125,0.3529509737924147,0.2514782712487093,0.3788417326504438,92.2169266816299,1.9143040183527145,0.0478778982453786,0.2098600611879503,22.501803811653605,0.5760192527587203
94.85121950034508,82.09128043285293,109.6995716422249,86.02611029731652,90.28080062593833,0.2393828086603652,0.1005269487520236,0.1375752860687142,0.4084049304891096,0.1336020979089044,111.93109876439492,0.8832196257859364,0.0410424949875611,0.6125682708495205,1.6272767189500095,0.1229093452673961
111.0093300877286,101.3886686969084,80.5589087767385,80.08940818989589,100.42642526959588,0.3397690732960969,0.4431114049436769,0.396440494736845,0.2653755179278163,0.1834416861172612,81.16696436614814,0.6646915454451043,0.0432930000341884,0.6383114773189634,18.37965547832306,0.42595820456675404
92.1982205499678,87.21245783980709,104.54375750864445,89.13745886869708,103.68828598739792,0.469014995096731,0.326559872714024,0.2621680237068223,0.4768230796093113,0.1860070975487643,106.49966777379312,0.3861880405153597,0.0451793510959317,0.1984121059655888,1.7484231756180626,0.10373602208638442
95.17063802345092,87.4698487067916,85.52418951474995,89.47442412509153,81.19328432051941,0.2769127489814486,0.1434582836654025,0.1499521043598153,0.259438502398734,0.3798641423940396,92.92907304576512,1.1645846538574949,0.0168470268965158,0.695804208445476,6.862405345391008,0.29010048819893436
92.32507848145072,116.07818760727176,113.25448503532112,94.88015026878637,103.03334474327217,0.2355575776616733,0.3758391890412008,0.422076187700957,0.4510311658613345,0.1178878016214947,99.24018329793526,0.599456000319425,0.0379709606926411,0.3005583752514383,10.36438583893891,0.3011611889238065
102.69442236056234,113.1495015677485,89.45160406067862,91.8554995517205,92.07141734982446,0.4094926619892366,0.1588568488896072,0.3793049173197337,0.2486649862400007,0.3831173190779448,92.91979885156265,0.3634105607560054,0.0421120516046332,0.638441561075197,9.556862155860877,0.27285407391373645
81.63479959086698,92.58751453156768,115.11655106352028,116.47950590285924,84.38541383074201,0.1855296978031987,0.3579962875603981,0.1502056348247762,0.1678982190627228,0.3457847700658238,94.59160109033456,1.6728715540404802,0.0190591799344773,0.3734830139479159,11.785067667972914,0.3688635949960543
98.32234166473724,95.25395606350556,99.57436786493552,102.1887809623471,80.81035040070984,0.2347085966601443,0.3815112292455234,0.3740637741610749,0.3486535961020314,0.3922162164937272,106.97450555171388,0.8250446035977956,0.0117343942986407,0.5700804466833119,6.041005936147869,0.30441844555737063
113.68968991684643,118.94656292693354,106.1361924801457,106.41808953973477,101.11919431322832,0.4175740962654656,0.4645693129887296,0.132206331792704,0.3286196059113799,0.3995107334481603,103.81977333719,1.2639328185497003,0.0171342325711993,0.2850504555258745,16.230543083295302,0.5283681476078049
93.37093646857528,85.95911296718084,103.36253370784203,81.79765614036828,112.98010270767496,0.1867765826679509,0.2054484571907784,0.2067857377341683,0.3289331885898073,0.2464682273862639,89.76356982779346,0.4331298696169207,0.0396561148483306,0.0564852471177247,7.915124398198941,0.1489764180322212
96.8364679788246,96.59016896647898,93.08683433903624,118.77415554794344,86.99667811082875,0.3664378960486396,0.3440958727871746,0.3628447332412194,0.2009270467236905,0.4069485503291987,81.7455051259051,1.1347696078388956,0.0377716254922812,0.203241228809228,21.824805221069866,0.44391037978641673
86.05231285900845,86.62126006180121,106.34109931403056,119.67581274918392,89.41900681607018,0.3656142203074776,0.1522598450525804,0.1800691409636265,0.220386058522586,0.4744166031354925,114.24087239412282,1.3557201969260664,0.045669045914667,0.5576712650229835,6.224481959350654,0.32359241777135483
116.2246958826995,91.14466236832688,105.915996805012,81.61995807733472,99.82615898304756,0.2305399454416933,0.1079516330661277,0.1566502950635399,0.1128687294603251,0.2611356976572866,99.6922672649412,1.0372613191523403,0.0226781208531727,0.7343655962100013,6.947881163623682,0.24342860813936618
106.18279865115927,101.45279108890514,89.51341539527165,113.13987793071662,118.80546044952962,0.4188613603878816,0.2801743122356013,0.4355976539172587,0.1190117285442949,0.2878891456579056,104.74920896996731,0.8405931787284342,0.0348697624493967,0.5026332510870135,11.091925762370888,0.37544530688685285
98.3678438276826,105.43677060757014,111.6165307338229,89.65956242487175,114.57801527715142,0.4148301488517684,0.3698888870615803,0.4411302148561867,0.20953388956383,0.3003403185152195,99.53997089855832,0.7941713101988301,0.0110717362127245,0.6151627977058876,14.107426263445577,0.4435680455837152
91.2080362123999,111.03323214060956,84.48396929705689,91.5354681365668,101.3447973575947,0.3707514313368912,0.167395982463515,0.4263226858708148,0.2245880203163891,0.1373229215662779,104.7576082773224,0.4414215675828098,0.0474033722093254,0.0112987273165479,0.9127176940346827,0.06401412597373705
100.9968838281726,114.01724737945466,119.84509030554428,84.28843383440562,90.85552531300148,0.4062805162727843,0.3820071918927921,0.4534719013137757,0.4568298981748496,0.211410313832631,105.07889887194293,0.4524596170249181,0.0321797042478503,0.6080504312843115,8.113192996326994,0.3270659942957037
94.30392840892304,99.1567363124002,99.75638972617595,114.24780252593666,110.822372111404,0.3565451100871279,0.4996491984687968,0.1975226193844288,0.2891506674234472,0.4640665458562034,80.60162147017617,1.117468285075196,0.0399354139079336,0.6684300011639337,29.72977284980316,0.7103819813794106
80.75406316151813,98.20087042332752,104.72295352976354,98.41582348372094,85.22581024102809,0.1412318566106385,0.471299959022478,0.2952622378247105,0.4572163154288007,0.348548564330752,101.33036466398434,0.4929511942983402,0.0213526381134478,0.3301210022364629,3.5703719520237813,0.1780476841398148
95.89896334762592,96.46622780518943,87.50863689799036,110.25228457883811,92.85602720569906,0.3685742188092313,0.4091943005711973,0.1268544367936672,0.3511073356158558,0.4695748979087435,100.08431875616266,0.6410389734478683,0.0132781749247304,0.3951130752079034,6.690189385062873,0.27525782439463253
103.55949162274464,100.6292072383507,115.09708316865556,84.88059727451353,84.57052033013841,0.4824494895839828,0.4873285776013411,0.3583331517071748,0.353314739249946,0.3209860267109174,83.83270065156226,0.5384309267436811,0.012512882349909,0.0418984673907022,15.165674360856219,0.29358530753543804
92.01278676492063,97.2485987250334,91.9416899500856,110.52748329580976,89.81063372437198,0.3430213436606757,0.3448471721532642,0.1169633074086754,0.1355485143733683,0.3477666287056997,109.83527443985224,1.6543476323348218,0.0425864157133128,0.1397085250529178,5.175910460243027,0.24882232936541598
83.39098971088978,96.5519923953659,110.93517152553936,114.02247774346964,109.33379393453404,0.2256865720153941,0.2205701940039603,0.1773762557259879,0.4204279877736355,0.485731401488252,89.43437478175098,1.0370048684258286,0.0160778380562771,0.045181729853864,16.15630443569305,0.36401722518060514
102.31546713998976,108.96766806996706,107.25558141215446,89.37466529980243,102.03035568812774,0.3511032012786543,0.4781679582425688,0.4535536626041551,0.1871707913732125,0.1614103604707485,82.18101391015938,1.2170316799487295,0.0429600740574522,0.5850946676495014,26.83151683020452,0.6603555859841077
110.82437330553728,92.68482647500554,106.15892586867726,99.25921710075194,100.1263540378008,0.1846347142114453,0.1384837535462299,0.3331516667947835,0.2130600171350251,0.465166677900572,112.12635896333636,1.270176759117784,0.0206106265734992,0.6398912352949774,7.8876470230542415,0.37058675550854275
83.6022015112864,106.6486866122152,114.6274814141808,85.65725152103451,94.64422648865798,0.3453631092908943,0.2438442223074925,0.4938562527857526,0.4812777983567481,0.4114460941236801,114.60527005249102,0.9436735274293389,0.0316508819498712,0.0869334819066074,3.2049884594213505,0.20829410532829543
81.9466981936334,81.18527543905564,119.58633986686976,99.73886033225538,94.22076074540983,0.416673470175854,0.490908052609796,0.3401824890559841,0.4520079397327418,0.1259310889199962,89.62779025260106,0.7722543386258229,0.0204766637134993,0.7372768184136725,14.7512107675205,0.5057831491843672
90.99508306500076,119.20050579779836,90.09003142086736,109.02833582950971,91.35032383223736,0.3216250077817289,0.3010065357873298,0.1150895448883396,0.1347807941296532,0.1087355696067492,107.50182067801433,0.9192796423910732,0.0120033525446335,0.6716213290952222,4.07354207186523,0.19314100063496517
82.81958021427677,107.33106458071764,80.06523390519459,107.0299404624228,90.01506395959292,0.2176060017945785,0.1214044918065105,0.2692638739043206,0.425098564549167,0.3455319233745931,80.19802696249987,1.1859405954846949,0.0316911562892859,0.4610279781379527,17.526230838426308,0.4313503075993716
109.84416928286004,110.79000669402598,108.96428955270152,80.97933765870441,108.14946478575074,0.3695159649186539,0.1126026748438543,0.4358105441023469,0.1584761517531963,0.2210603504129948,108.8459983352922,0.8775102060032223,0.0246848164254118,0.7826304840809999,8.032060316241312,0.3437147716168343
119.60582456223052,89.70501474102491,90.96954288901354,112.54106198322158,86.41587220224322,0.3067175579733546,0.4719973724052634,0.4992596673493851,0.413064273448564,0.3917256894909877,98.59281773762577,0.4890778676645291,0.0274043993127526,0.7059741133221008,10.66021187704261,0.39012423258148765
106.42334702018206,110.20105510002314,81.48642647277428,102.15048377060904,103.0350903414353,0.3110729322848127,0.3662509351996648,0.1577696701713415,0.2076784482299397,0.4938571453988338,111.69932425873198,1.848952148751348,0.0340623561590236,0.1781134266792158,9.005313399967417,0.42914792219500314
92.13771589567176,115.05378677590068,86.50998877199426,94.56778838023442,113.94674748589318,0.4918460092582154,0.2291889578651252,0.1964194290286237,0.1918072299269674,0.2939457534016798,95.72135890663708,1.5317109233141677,0.0225464282947006,0.7632285495530335,16.102212667019693,0.5953049294846738
87.6257102642397,112.854965453107,83.16276709471823,99.5691626875996,83.01322649782814,0.1895066319164422,0.3593986530202777,0.1299279245415741,0.1414708889676907,0.2107737099743202,94.04302910083126,0.3659722558141682,0.0325522173090915,0.3543675231971915,3.704308335684302,0.12517515861901785
107.11614340246058,111.624059562224,113.99434192987212,119.25049002975956,106.88062889198348,0.4109772933513713,0.2293158156168048,0.2883267129135406,0.3626488184036726,0.4154159687891895,113.63139500549885,1.8349749127440147,0.0363109274572043,0.1238927295477776,13.9865170802912,0.5079357545238773
110.7624765536008,100.23033113285317,116.50947604724504,105.7503352879785,115.34205625005372,0.222843608489861,0.3923877644656889,0.214426961740533,0.3577864833466423,0.2803520563178766,81.54586791660664,0.5483140825322688,0.0135817973574946,0.160071805162511,28.840169516660186,0.30660404156590804
89.41808068055524,99.86951122872256,109.19275684255216,88.10887018250733,88.45359173047913,0.470651127740241,0.4928373544884509,0.4096492430761168,0.4661857342573727,0.1546016968096764,87.48659947505668,0.4210278211111825,0.024003862678114,0.5473556223702294,12.432122538939064,0.34395780454750513
119.1217096162255,97.38441442948825,87.27261811695087,93.25855527926024,95.89504593063702,0.3617855830191658,0.1793471766289633,0.2107874019889793,0.3091292964862513,0.3967949076175996,96.48515475550344,0.5531295710372705,0.0135978919269247,0.7900467305219994,9.626953799124582,0.33074461431430763
104.92341029880885,116.9205863619101,119.46360303688364,106.0679503564445,107.996894431909,0.3885976296781911,0.4477837367828173,0.3237099408506348,0.4705370613558296,0.4551554382747973,103.85352645565762,1.8828093349041195,0.0102773435058985,0.3562173555406999,21.968277086705946,0.8019711221541757
92.87316678786355,114.28634381794996,88.7119334088126,84.25522597243871,118.93023960390605,0.4396229957921962,0.1918080431217397,0.3125791972748786,0.3944946388174308,0.490441003137836,80.2045005246816,0.6372649854561585,0.0120492061082027,0.4585077854853541,21.51059253670248,0.451164313964415
114.56554707282127,92.14580538152534,107.00682865524196,98.680734296528,92.92512824581884,0.1046589094948441,0.2308458135780395,0.2369401010343394,0.2154138279127427,0.426969719905178,103.005907786695,1.627235869978508,0.0336885915680277,0.2401916711015891,9.654908673418356,0.33101796460745
91.4709684304118,85.44109780883626,101.97272329103356,97.86386760470032,100.48745681199776,0.1180285746573616,0.2437739000033853,0.3846738433104141,0.2626958876427934,0.1576254334768997,95.139701585352,1.375316894115293,0.0133722108226549,0.6763660143479875,9.590511157908757,0.3666532810292266
88.61428669917618,117.54442683092992,105.54364785322166,115.98402629533348,84.37084664131022,0.344340989103635,0.3090440945574475,0.4927355344463475,0.3994104876484837,0.4944703951382736,105.20008174799854,1.1568903871404206,0.0447400636605914,0.0921247650726647,10.86396975470645,0.3907590226226971
104.914038634247,113.97847274576644,93.23683119257866,87.80572676543946,90.60085223222478,0.1745410564464006,0.404638003711161,0.3206552878799666,0.385003799680487,0.2870205850031557,116.27895358356918,0.8897888650359801,0.0403777632153782,0.4657978824994612,3.90899753719571,0.22164379829717692
90.91734906999196,97.8879585969414,93.03854411117328,90.85096290831964,105.94049193620552,0.1849563278851668,0.1182946653860498,0.435315302930678,0.4259233394346637,0.1650158935145345,97.634880465064,0.4126346853157399,0.0103527308366254,0.4689763874628118,4.288659130853655,0.16961766072139636
82.12129486687537,93.6145511255892,107.590078637619,87.03398997124023,88.83711448851649,0.3580723598175362,0.3950934802128646,0.3230499981524762,0.2268915612384421,0.4523783608743176,102.18314573198286,1.493645861152714,0.0329298078501395,0.0009117904720513,5.567868268547716,0.2599815557408116
88.0266650165167,80.0370442692562,98.95071007326293,81.55835157664492,90.917592470996,0.3569762550165722,0.3880870048055401,0.3608458118009328,0.3885154686340352,0.1580268579737776,98.51159673971428,0.9408675809363244,0.0104100765018852,0.7524499094784507,6.853180293209642,0.3542315907214559
119.79213698367886,116.735848455612,88.60303232625337,92.4000972765573,98.54818329074206,0.4690377593245254,0.2143243191834006,0.4346204892119831,0.4573536816387656,0.3604894426640165,84.74088012846427,1.1862257452962426,0.0143677925431362,0.7794739083015885,25.071122820704755,0.762688483570824
113.77654186636974,112.10583765572363,85.04965746265128,84.97795393393409,96.6692901557618,0.3393203048354981,0.1436192844686324,0.2744884904318513,0.3446577538592567,0.1327477089931091,111.7245195098848,0.3405831779330479,0.0495299710612389,0.3739787519502343,0.891823367205517,0.06867974775239748
114.80381558455088,115.2833999638201,84.29463398746121,102.97189151862206,86.22700788500451,0.1445848045910176,0.4973925020428835,0.2328936603850378,0.2398929949164655,0.2006116602399568,115.40782882295164,1.6078912022347436,0.02828092777185,0.580513266114514,7.449488927341875,0.3793419544625909
107.44517240011132,116.65732991715626,98.19077169902374,83.32331098768206,103.17016783578184,0.3584079077977108,0.2892303547227187,0.4161723829494017,0.3049979327423147,0.1061663921134862,112.45866325133916,1.4614751475623322,0.0110884480679827,0.6789695533438491,8.96953951287717,0.446615975383449
96.34066680543418,112.4359500933584,93.61377855705553,114.99588801890356,90.9480163053914,0.2930749561307182,0.1220749162379098,0.4307145521925709,0.1454632339938802,0.1867816059863263,117.903862974083,1.1762756473482805,0.0440125807436798,0.0933639841395964,2.3459022908756135,0.14721253894734246
86.30070543554744,92.2592150927432,81.39663167290986,91.24983867496964,106.40470535528124,0.2839860971179315,0.1780736221601658,0.3156879840788126,0.2842793697786821,0.4810090443669156,98.72114071187538,1.1185379988380884,0.0466937932149626,0.0676951185742889,5.604009647070186,0.23440438776305234
85.6913191422637,84.45459891146352,85.29541165017402,83.10206697045865,114.98541647371758,0.1353494253298454,0.3306928193074201,0.3881598438575935,0.1510508036223425,0.3545848511029607,106.09287022010956,0.8398038327639634,0.031935337592265,0.5514478559287638,3.4467030302100876,0.18966685470548697
117.76460461986112,81.86244606915145,110.4028712617416,109.4860698686879,119.87637698440162,0.4456956216679305,0.4150222573712624,0.4740682761716231,0.3882342786963779,0.257594731868927,86.73366419952431,0.8492068169513894,0.0382376840892048,0.4475938498051445,26.790010793528424,0.6143343218306639
93.91482646884272,91.42035966761664,98.1232848323931,114.26300708596762,109.14374570151595,0.4681805538363244,0.1901427070459203,0.3334809114100057,0.4062631780378677,0.4489124667981916,119.07232484721044,0.3698153576307711,0.0412048454747035,0.5435149401595292,2.350303668925665,0.15559767758529772
98.86495255870012,89.78251373143493,109.08062965073483,114.18107472168784,95.99804924269964,0.4666168524375641,0.1339902597929452,0.390423667781678,0.1816417173764062,0.4116477765947401,103.22216199495878,1.451748789072879,0.0393868707030245,0.4575972061774129,13.868663887777585,0.5262450723224283
106.74341783283936,96.00848084706392,99.1397375256594,100.99641519819654,111.02903256089112,0.3802758927734435,0.1725409434401241,0.4331320689678114,0.2847155216074246,0.3175424607604175,90.46652432403518,0.3287026583419368,0.0297808848577413,0.5811134181526989,14.40878320460699,0.29843986149730706
119.10023936515724,97.77464650552928,93.69260024990425,94.94364025889566,85.35556277500727,0.4885615014173867,0.3626502350077195,0.3354252580099109,0.106705108945507,0.1796859340375758,112.2149711347553,0.2524828638394792,0.0433073775709083,0.1239274066598903,0.3995380212339631,0.04043804644163815
91.87754951270892,83.45789653075225,97.11577052716989,86.69429077244196,93.85626983897636,0.1106261684199751,0.2333249702864598,0.2378033412109295,0.3121320281567376,0.375907378797007,103.4596446883426,0.3042170750194694,0.0310931408325386,0.1724945112747398,0.2697355170293316,0.030840149028543488
111.74310997566424,89.83710602356544,104.47578485368275,116.04725676994452,102.67716748118188,0.1717380687585252,0.3406617683238969,0.4667905098115628,0.1740031424636831,0.3636352121061456,117.98699927875296,0.6060330755923684,0.0203801306874544,0.1896185328244581,2.3078624570460606,0.1439988039741088
87.7517045108965,93.79064775863816,103.61476828736264,100.26444559039412,85.94479345107615,0.1182356565007629,0.3124590537164496,0.3966157028423118,0.1136167124760572,0.2334661564570137,110.7990951619458,1.2478425009170129,0.0101626845939433,0.3332160789575029,2.528097607529001,0.16930658065971307
97.87185378762275,101.72266779640994,90.69330857830288,104.49782061359409,82.8064039794084,0.4511827941567957,0.1901919183200154,0.3891498217582786,0.3448953095709979,0.1654750663837979,115.09059292844788,1.4420286016302355,0.024343596979159,0.6076482710522254,6.324366161510674,0.39228122205916327
93.46428134262068,112.171073311103,90.3713920363262,104.20707400012311,96.40118854841248,0.3966830055927325,0.3128323972128791,0.1448103202905133,0.479748561306108,0.2967848116574136,101.8660003550134,0.9862921695781972,0.0133034268575947,0.6651174490760621,10.630253154159696,0.42385252361928877
92.65840569660988,116.64526751640108,93.73046872321534,89.46703605948073,116.37205262561082,0.3980323339212013,0.1870801062102942,0.1548732837617408,0.3965227104519675,0.3695296714233528,100.69233701381788,0.965117723346674,0.0125310567454091,0.3210372838776434,9.479310991299899,0.32926479558484745
109.8377742374326,107.27198854792788,81.98139768267504,85.24819842863103,105.53359855238652,0.209643075081557,0.3985133742062862,0.301996904407401,0.2394389026589625,0.4147567269918641,110.29305884842684,1.259375304638402,0.0287689692601506,0.481639823753602,7.787682019768581,0.3789119720597424
88.3773134610504,89.02551942521436,111.16554061374444,91.4369979534777,82.86349208607663,0.3467130990168832,0.3029073463887986,0.4092428387003852,0.3179313439224037,0.4754137731734354,84.20055901981421,1.2944482439402318,0.0477469766738435,0.2361427203714171,17.780167333806922,0.48617650116581457
81.45727789239444,97.72711948981151,104.68514310738584,114.75540933567213,84.43217580130558,0.4272222771149909,0.2432750290960788,0.2859677002185034,0.4829332274781553,0.4580817579175666,82.16126365934251,1.7287457714104677,0.0142205771221687,0.380621524347327,21.494999899222712,0.6947863880854487
87.86691305153185,101.19202443629884,94.564334489679,99.30149804981978,116.96498595936862,0.1764742150537246,0.2097215331293395,0.2457682077447888,0.4519396144575616,0.4709669247581057,119.34808984285428,1.6834042889824112,0.0209499999998714,0.7527284230048407,9.508548695575536,0.5360195916269553
101.79566615458748,96.60482442448304,119.5775962679898,82.60862679598145,117.28453793484688,0.4209360963210397,0.2102833784241048,0.4548259226540926,0.1131524503762794,0.2691213923562072,116.65182114827104,1.691170858006754,0.0432031264026622,0.2154287252225948,7.6068374565292824,0.35920272660852726
100.06647368261932,100.15025351068552,116.87857336812836,100.2929591837228,97.53628362120595,0.251051452932695,0.3140958423618295,0.3242562228939315,0.1901617947373836,0.1818222811143025,118.22643764979628,1.727302396045406,0.0260731858540111,0.6303549353238855,8.0315053536048,0.41377740004079444
90.89954368468796,106.35267067269685,102.78580363919046,88.57381747791132,108.376516602453,0.4214266367168621,0.1304787191359374,0.2973144175448182,0.1766585626390716,0.227826890048391,82.49456253985583,1.7897033522877974,0.0403521492494881,0.0337553718103514,22.75842245275987,0.37935569622005966
105.76347429346562,95.89335536826164,80.17603687614202,97.86324600704752,80.24232468521006,0.2109177676688032,0.3834088903788816,0.2824082413178198,0.2197767337784415,0.4325407991920821,90.77205647640196,1.221804378894952,0.0316933732301051,0.2761943667668506,10.632318117309822,0.3447138218325497
82.99993957196159,97.22439609923336,83.27679536741311,91.02661735148664,106.21965474235871,0.1343180565163208,0.4065442581894561,0.1993251031601191,0.4672076890507131,0.1022236341478195,116.06169516776072,1.2915425368758862,0.0341572525139035,0.5270250181054964,3.303744427778977,0.23629065941975308
92.34461370437675,119.9059437648604,116.65208135659924,103.41239618342097,118.67788554539722,0.3226653349437357,0.3489059936110375,0.3309201330587601,0.426006116879605,0.1448656032335245,83.57918307504531,1.522645495114943,0.0164457345497319,0.6208007668676229,31.292680123217156,0.7657699752538172
114.72069177730089,92.75594075361948,109.98384983941236,85.4732713601579,107.38205697514964,0.2662224017170337,0.4454947092079895,0.4554941154115964,0.2993377612955062,0.3231867575480319,98.05738048433592,0.5982632223313088,0.0240912882358848,0.4737481697042038,11.650828726338647,0.37833137034602987
99.6432730597832,80.673037570113,90.96919289561482,118.21528869616996,92.63325940353924,0.4055633761959603,0.4118441577194566,0.4552325198023443,0.4375429596732172,0.2657693251457177,93.651654124471,0.8808068026230511,0.0348702176094195,0.6953777079406818,15.496190289069414,0.5563891056143888
87.25817821205763,87.50125786288834,99.16853058567796,113.7059696268214,110.32007060533384,0.3599013305886627,0.2932941031446936,0.1471845865680527,0.4286723680020251,0.3407054118802027,115.19401914002412,1.847142716083729,0.0110707278627506,0.6566286607067541,9.954480374818312,0.5107174424613813
97.47408030151098,88.34907533747842,81.84259600408764,98.50521277930925,112.59101394072766,0.123202081522365,0.370747311603589,0.2132404143588407,0.1277060834866723,0.3426355658734579,100.7230452934859,1.1648342535846643,0.0175330605896553,0.4940040268649017,6.25160744451826,0.2648000276537708
109.18727974377256,96.34403070509,103.788106876704,97.4498608378487,103.16064439160712,0.3928834616516974,0.3069137177285968,0.1022593094280369,0.3307530947770414,0.1026436301271839,91.61496728827616,0.3406283313630153,0.0254597843491079,0.2784983986061391,11.562567886262396,0.21053552331227213
100.70020977574195,107.23866400500636,100.30835374132496,117.62443992670234,97.12112726326744,0.4705633205188472,0.2069220630900208,0.4484026413988097,0.1048437154467482,0.1388866041968681,100.97204703152036,0.959729623027661,0.0369837835511542,0.2909684144391593,10.778895749455558,0.331116334450594
80.63665212158844,89.45494141635939,100.02427432426624,101.62287407554648,102.09539157248214,0.2805633218410628,0.4034429516210677,0.4770246802002547,0.3084379260673719,0.2421842854666384,84.49784822448673,0.5313811056655344,0.0303835514416944,0.4920775328962906,13.59581683393787,0.3372531485141986
108.5820839308033,90.98592570470112,106.59614716165908,108.16129092476852,96.45123010483306,0.1178218159668724,0.3334837886954847,0.2520175057994135,0.4636533938700163,0.2920236891360003,109.24810930225856,0.873502008273332,0.0387492853096397,0.5252413557140668,6.946676614596312,0.295643355719158
96.08676396585288,87.15699142625799,96.55949505021496,111.47265166828048,116.35892022199536,0.4061787932519104,0.4392842112859583,0.1393110446711017,0.2763385231024979,0.4574869724049248,104.7335021783964,1.2037079305163243,0.0390744818148505,0.3156694099402322,11.921587366829245,0.43776460139995943
103.74452765271862,91.97481373417196,107.29158874638928,109.60584834784017,93.28851115122649,0.2697821193278766,0.3260617107869542,0.4492415789195391,0.193037434675917,0.4578326651293853,104.0283512424374,1.1339887030743574,0.0112421895357695,0.3180139147331934,9.29764249159869,0.3869099205627362
113.06191445958189,82.9478332855336,80.43014870400103,84.9188309052821,86.24033391310039,0.2588113684758462,0.3372133314636261,0.2312157928263413,0.310847621503836,0.119714321209001,97.51377412033636,1.108320802805724,0.0460684965305679,0.1414237781208502,4.138157443681319,0.1764207306369544
115.15716131790884,96.99926808885124,90.99726767881526,97.16300463947276,95.79363570802528,0.1261039900955053,0.2658891047750342,0.2339807693734314,0.3463167241100433,0.1151640668175225,91.76976612375964,0.2820931580332477,0.0429686060857138,0.0002300182292007,8.384858857961015,0.11636807797433668
92.05846671952068,85.51598329647861,106.23661847895522,85.46417611118622,111.01697810690698,0.1670674678947565,0.1838367576503168,0.2761967074119201,0.1987339049515811,0.1550650743230922,82.61522610938086,1.0289335370801227,0.0208427327736208,0.3691932183868407,15.811490852489944,0.28709240784156326
88.06752053121815,109.25485228533248,112.22344422781867,85.01304039097803,83.46983073152016,0.3390294695129752,0.3975487911212888,0.3741072267188887,0.2104720380910084,0.4417779345467856,117.88130016512216,0.300686592762893,0.0293809968079461,0.6646730010776651,0.9431467349361646,0.09372475175384187
117.9829108261464,98.52187227010324,105.20941979891953,80.93041760487071,91.1484072222536,0.3447288717709609,0.3458666804029695,0.1851393806865829,0.1968851549344614,0.2899000869752419,96.66215686235606,0.9585063575728188,0.0223259980615675,0.6132330010922385,10.719614817935437,0.36944450290388536
100.21590618237543,115.44873253557616,90.85757670257505,111.0076527943488,106.48851713034809,0.1951284124162338,0.3752310945941506,0.2234218049023033,0.1607664615845396,0.160645541509389,99.83686815795544,1.382249844077545,0.0462656863655989,0.795152270472396,16.252018829033712,0.4858977740656109
84.6108307122298,91.73500691167986,89.51456145754479,97.70110350293142,105.41336972190336,0.1508911114844642,0.2759000315865497,0.101216014539049,0.3169489153210123,0.2193211691678201,95.03067019172406,0.470332801861705,0.0253127596615846,0.5355246234847736,4.587363176215108,0.1591341222322418
97.33679022034026,89.78146303007225,107.83515072913102,103.3788437884596,100.77255629662768,0.3209915323840858,0.4741701653766333,0.4476190440733935,0.3305719359753822,0.26722812505549,119.51509402694712,1.8543522962673729,0.0258421253114392,0.1871303888310813,7.857488877200046,0.4199511403638717
102.17678389783912,88.87602585175294,107.21724244369824,95.50002142155073,94.5387127892008,0.3793450684330026,0.4692557330498085,0.2958188271758198,0.1397230896341274,0.406435280169596,111.84688042474798,1.353395107428944,0.0464764814992135,0.5418790414603916,9.184134381843927,0.44565979685342916
85.98936833067083,103.87349338201786,104.10657642186028,93.61202574666112,114.39400227462136,0.1041916615577536,0.4058553918562695,0.133966641554628,0.1426466297465147,0.4126827480046104,83.83040899125477,0.63079761228406,0.0340277557861588,0.6627830340775619,19.017744913842577,0.3704582128246291
113.81831594861714,84.36217225929725,107.80153551239673,95.75339024740089,119.98859404251571,0.3758086819581622,0.3247612517346552,0.4282340770840774,0.4405474042975054,0.2830049022625147,104.32700258829053,0.9396534186156053,0.0155147846496376,0.5127976082784012,11.748306960334663,0.4296730413624077
89.0009451873861,91.22096821657958,97.6842517822291,90.74860594722652,107.67973465546056,0.498519474821815,0.2430319758556429,0.1686031066483193,0.4383905772479567,0.266228111823732,99.3853829460975,0.4195877107924521,0.0350406736437862,0.3853793764863021,4.532460058100938,0.17735264342700474
99.23632448725922,88.83515339398161,100.2549627794625,115.55151065460154,111.69582587400213,0.4497998604914457,0.1244665377961616,0.1444208446026566,0.1161090644895849,0.340804384120964,111.73408140878564,0.2886107534146759,0.0417779097536491,0.4948099822560052,1.6953891671859642,0.09993112357323378
99.95315697707284,91.5397041256779,87.1954585881011,115.13531508747582,108.40667761994786,0.4327456724465999,0.2610643134434687,0.1362781798684095,0.2493875309723814,0.2392184529358919,119.89264048627412,1.852757590425468,0.0235136466777545,0.0206420883657335,2.680563225583686,0.1929241177256031
102.88653212589834,115.17738583814672,84.86761149496358,107.29957144008272,88.66849249652928,0.3573887699056459,0.3608606515185335,0.1412094869005412,0.2680707110102109,0.3570058107275061,109.77226962409648,1.4315720887659746,0.0310802219324808,0.2120900057315131,7.415587127064859,0.32780604578997186
84.82309764063947,98.62434040027732,95.49571719057414,117.6469443730074,92.95918187007264,0.2035444836760139,0.262832114611391,0.3454779726580075,0.2611482804979608,0.1123443886262271,114.59715283219973,1.6143806775916167,0.035073662165467,0.1261898360356847,3.1364784703200397,0.17995242485975213
112.5960903620801,109.9530800187338,106.71695480234143,116.8160189184024,96.31698377525368,0.1890463981718023,0.4104323657862095,0.1994016315000122,0.4270845784258457,0.2867631302807295,100.1054200942326,1.3388024837198422,0.0304166686023982,0.3307323483733924,17.40522404061596,0.49366619882731844
95.58684743931462,86.43789694326037,91.03048301980276,115.19105824243482,98.97528531645472,0.2891684548789112,0.4082064861325511,0.253317405206358,0.1953922368609484,0.1420129506869732,94.94391961443854,1.836839673314748,0.0499649803787731,0.7144292308582357,16.674457048725642,0.5343231365294496
93.65413288762842,88.64448220328684,99.3984100097446,108.66661481858117,91.46768101828302,0.3687639504675072,0.2879770159171533,0.4237627522800508,0.2830698834297225,0.2659242700459363,105.73118726021455,1.8178579367249168,0.0302717138829112,0.1503595805121979,8.649712525516199,0.3669199387516091
110.30866083250616,105.19151098899674,111.50250250158815,90.0363851549965,105.2411257893218,0.2195408336298949,0.1797711491761431,0.4321747778593858,0.1380845483787065,0.4608510893406583,109.9767365494439,0.3517774668910407,0.0357349196894403,0.0567876881697754,2.388249695591304,0.10786746915699302
86.14941117955368,94.55187928658547,108.97440379371204,105.26673542319745,87.51442901350087,0.1107636604949402,0.3089009340928834,0.1233314248604337,0.4118428485238532,0.1845986096236453,89.10135732816121,0.5815724712618585,0.0417435774624718,0.6215375517832862,11.682018716128923,0.2835194660098297
114.33370688370115,82.13403929380728,103.80862754066598,119.35282000926424,101.26018927370994,0.3263690304946142,0.4665784410363778,0.3597035742449704,0.1713279859895661,0.4186711075019603,100.13549919439129,0.9426323148708152,0.0154633273786701,0.6943224156933995,14.43139539053597,0.5003453484796367
112.02687279837684,103.80723892756409,111.3235325969197,106.22376541421148,107.64528058150114,0.2765918427233397,0.1052706953371026,0.294705988043134,0.4249938709053361,0.2719830523334452,84.5516394716346,0.8469067205764678,0.0117564127992116,0.4251158552257953,24.732902005836415,0.44461509785913583
89.11244604345536,109.67283654291673,89.51639546657323,119.22561100570351,89.11148763844818,0.403371220191997,0.3822103538137621,0.2827649269353139,0.2293130340101789,0.3906160006248625,88.65411253116937,1.1697519303406412,0.0489195943502907,0.3012532574553067,18.822679579708513,0.4670883597458357
89.46736014390625,114.34692481935456,89.71943447851277,94.43611173965132,108.58560644716108,0.2475673670953461,0.1680348426914606,0.2283452246111917,0.4507356771712193,0.2133556448549542,115.2743556057292,0.7164306530090963,0.0392903659900588,0.344427977678669,1.9359538470791662,0.13200459367286183
86.34994320779053,86.3628701931001,99.45433693066477,89.74787016930907,89.42631822276134,0.1939842139378944,0.1533680282922248,0.1220711378270896,0.4906769416798526,0.3147107309042442,85.78927930522906,1.6455534564241436,0.0257312790209656,0.5271933710049929,13.668543214454125,0.45376493183419625
80.3695568567405,94.81798364791791,92.73002218473611,81.24623243306682,104.84932712854656,0.391857784248279,0.409189378747482,0.240926797888189,0.4195623640644884,0.4845936977680195,112.45393007208848,0.2631142342417184,0.0107067518297795,0.6650011860264131,1.081756141063979,0.09872067244489717
105.06620728013417,82.83201887094636,92.68166251637813,114.91222127981592,103.28668272978314,0.3967047400962137,0.3846932506651116,0.272893514632808,0.4365280503235179,0.1355349500493398,94.9038297301216,1.6351478943397224,0.0166559880383093,0.1515523435605245,13.619836311158389,0.4379998689166594
96.47898896047953,98.60407713856384,88.3311997774322,112.47526002831712,116.5601882180387,0.3998734848967794,0.2447974168571428,0.3263895663191165,0.4571855079588108,0.3420078239817901,106.54085502175197,0.9383979840172874,0.0103899117073185,0.7218066688216914,11.549314021387604,0.5004004212601104
116.42656169000176,88.95737566769199,92.42961071105827,86.42491099238147,92.28804534529252,0.1102326121449864,0.3890419382092385,0.4716098024814558,0.3568047781242237,0.4445680309838294,116.4130548656962,0.2589862653121074,0.025858290650256,0.5259120608471418,0.5941225772304753,0.06790549431876454
93.312214884904,105.32422948258542,87.58585526192499,116.77587697470976,84.1239788034124,0.4301183021367737,0.444516913193585,0.2376401610769099,0.2896654108434724,0.4392134020118926,111.23594720331032,1.73236247064634,0.0321942134037328,0.5906324376719931,13.497404757642665,0.6540255960244711
80.27512044137332,114.19780514522132,108.150792310642,94.21439481423994,103.81998823640473,0.4641594299725821,0.1587365997038985,0.1726129518365936,0.2387318400219737,0.4081191312717432,113.03764479193828,1.031820369982381,0.0164233280437968,0.0695298144418141,2.3893045249102807,0.14702634412879276
88.94176403356934,86.73558594581505,98.84596540554892,94.12751318883844,104.60920202141168,0.449992462903158,0.3320960565613381,0.1453072701572924,0.2214992919868664,0.4428092025910527,90.44596280413371,1.5182716251958015,0.0355942923883911,0.7346757546425939,18.00917626248303,0.6597662291231853
88.72596738244125,106.51710802242476,110.67446081211251,86.66544572113898,81.75433133671663,0.2390219913080059,0.1411228972357583,0.2208273864452313,0.4226825409199234,0.2973918132076569,94.466984145082,1.7872852678761375,0.0481696501010445,0.4225556696848157,13.292183845092334,0.4307922825413163
97.58349501205356,110.96096343969748,106.03119342296571,108.07526881658364,96.11357359973474,0.1686291102199765,0.2250529490319752,0.4814325118694426,0.2727829952394506,0.2766397019224372,109.31168082158636,0.3100473004653831,0.0496180184793064,0.2896856893604497,2.566337014178716,0.11778531722885507
89.39782181012279,101.27115373138436,88.17462774996787,109.04914787940262,87.87865823837907,0.1612278408176853,0.2218217218457139,0.4258744531760186,0.4144795897613053,0.2741995195772193,111.08938346485144,0.7087835904677294,0.0433266572599778,0.3191498771765854,2.7982290561603813,0.16977146859431264
91.65053066857364,100.26179113292022,99.4683973657398,104.03397505628118,97.49778401999669,0.4574609048628498,0.2521035668251289,0.4457318319287736,0.112626220233881,0.2388921160918843,111.60209070403512,0.45806028298407,0.0277553563316434,0.2344272248583594,1.4466557610192419,0.09900825641942439
116.77893234040366,113.59736376788751,115.16453804946552,105.1806628561375,105.40031663443226,0.4420273912079341,0.4605238245897313,0.402569616488153,0.3679463267582803,0.4262019637849197,109.60431925617152,0.4215177806923007,0.0318963751229161,0.1303779412048993,8.050841723646828,0.2577149207990927
104.36794734863795,97.39536617685825,92.88424004269052,103.68011549795482,81.02127348553802,0.3830232752888517,0.2016883817860713,0.2864947602779456,0.3642819991544638,0.3351211028473218,89.26490444970179,1.904871910651596,0.0301322790535477,0.0277271059774269,14.775781750198403,0.402147848416425
80.29825725695213,114.06567305186994,81.8569617911049,100.99180601333671,104.5995105179858,0.4540390428492241,0.2895378561551314,0.1711949512092825,0.1858328149651526,0.4384226235437163,91.56346560623712,1.6597464137147826,0.0162266690175979,0.2115265320490712,13.288793690236973,0.4424240621413263
87.92684918489742,115.82923353060592,87.603830869935,115.380599494667,110.5196107733214,0.1034883816892448,0.4476521447987335,0.1222352342415939,0.2566633872357622,0.4200704909782516,117.68164030256224,0.8882690300082208,0.0441765668410145,0.397289367150957,5.132965628922408,0.2806892165253263
89.62971814096775,86.02976665104374,92.6493084074494,95.91802265081098,89.83138705995694,0.2630461507289596,0.4289392748216211,0.1401195338103132,0.3046168905740746,0.3329896071996037,102.15441526981309,1.452762824906566,0.0370316374770818,0.533408494996955,7.635247625290411,0.3709559410124297
119.95566195017692,89.18609344958324,113.22539307931429,86.36470988361891,119.2097850110379,0.4563474388948965,0.1374485625356773,0.235440274113199,0.3637392379587354,0.4919720327440311,110.17801605109491,1.8590292291236912,0.035517424647558,0.5866772034313652,16.455199597888203,0.7131973763468293
89.02093833132339,96.86754219134367,102.34256267071626,84.81142860624374,112.67280269916404,0.4393097295831427,0.4385980246783558,0.3068730117699152,0.3257196488345993,0.4434320376322608,103.96782718237688,0.6364236142791322,0.0188132467334591,0.4764832645591131,7.187128538514912,0.31837861104658055
90.9874213072332,101.97079606406656,101.98535242772988,104.1056260930314,82.21943946097258,0.4478502345027039,0.4209098261888447,0.4274285100738303,0.4518519436003528,0.1455127724367719,116.98007460987272,0.2747637907559628,0.0161263719507217,0.0928497253309695,0.18858027257336998,0.029835355913236942
86.74475047326271,86.44768971693456,92.08205037663409,85.7965662743336,116.8768528309716,0.2170557507619883,0.490445413581443,0.3179104639855981,0.1705855440166768,0.3012222532798109,114.75127272385268,1.692189597112148,0.0449210590813819,0.3452388576320573,6.617737753927258,0.3444068809630647
100.51817802045204,104.94300590810738,94.29952701592484,91.04984564135646,100.12708680928851,0.3583136701214365,0.431288793575063,0.4248706904093872,0.1196965973329666,0.2814099947889633,90.45499165422495,1.5147220759740965,0.0171765579448885,0.5339244810135206,17.52492247025211,0.5922025870733377
91.77291899339336,93.74583702919055,98.11003497083428,100.2293474873742,119.37256047127354,0.1082276224748032,0.4552624494665003,0.16956243020745,0.3499498780670554,0.3282473485121601,115.38837887823556,0.5304502319884811,0.0129487387142901,0.5945405576726345,2.36682537440284,0.15722706822231017
88.93290352647762,99.5190465953059,85.98046957957355,93.99996930831892,108.69242874825616,0.3502117738571463,0.3253666491325632,0.386235470946643,0.3504439864092666,0.1361200987083257,92.00157435121253,1.106880229598929,0.0350242080451875,0.2596054626612611,12.059757047802185,0.36420888712826255
86.97848575042298,103.25405230200172,96.6680409427203,82.06318177617892,117.32300965913778,0.2467071804029761,0.3186373743738607,0.2300789703592708,0.4041323539227536,0.2271590860219967,97.63921805722646,0.5307592988286364,0.0381737302923809,0.742753078775245,8.223896525647058,0.2777332252449656
96.54412561171546,111.35706143004666,96.652539549272,117.49441286315138,91.6188133771559,0.4314736697212158,0.1586934883925935,0.4077570259943499,0.1733861763140755,0.3112061121648649,114.04934312475612,1.304574258201012,0.0147848964124536,0.6363052266498194,8.13472490214535,0.3835575953083293
96.48922598750788,110.35456961037146,93.74669261123428,94.57428285340715,119.79292693656892,0.228209749185569,0.3549337743908158,0.1850961639366389,0.4181638933407571,0.3294335465465761,92.96076301356028,1.3832474043132796,0.0182743762127593,0.6813847446688226,19.084902469091624,0.609226551370796
102.22458102761408,107.57521814680592,105.7384893661444,113.11696588626288,114.47300397766972,0.4829092616370697,0.384708131566318,0.3429582158013003,0.4316634761785365,0.1878730271047106,91.63087672749998,0.7341947381495076,0.0415505518024615,0.5332359929361589,23.09098510092921,0.545965542615423
102.5302452988124,91.78224299865596,80.91200990299878,104.5761300425728,113.01875333062478,0.3530969843457829,0.2561615398379406,0.3975163916585753,0.1097877637965063,0.2710848386107656,106.7462739758368,1.6164649721049746,0.0471834079893808,0.3310083809481124,8.757178749955978,0.33489584364184277
98.02159222046636,86.58824561963458,91.52328291742565,100.3995571804746,113.46724875910668,0.3606807607331677,0.2842557345768641,0.1951886382855003,0.2857397006717743,0.4398978101958105,119.98705449655904,1.078793610617249,0.0290595486815928,0.7473348089753662,5.47814088608512,0.3310152397744621
86.87012584273683,104.48599502838056,110.13474455802182,117.44190081339292,84.66814766715437,0.1827356069192528,0.2468688654518573,0.4961342086000511,0.4651268675561797,0.1135873368506622,85.24227924365792,1.4861263447671416,0.041680198914096,0.7211561633322421,23.3250671801184,0.6557106988526145
117.0556653665823,104.05870140697918,110.66806349729144,82.15098838274221,100.2459262256238,0.3121327870408057,0.1261652107391534,0.4695619694630843,0.2766179650740124,0.2673748015712006,108.04242586078811,1.3696695674907482,0.0227760047151632,0.6627803143799409,11.806649426826967,0.49618854845833327
104.90518696323176,92.2733535949136,97.2660083240501,102.17192541118392,102.1019175909192,0.2091784127357242,0.3275275921568615,0.1579994891973571,0.4195820002142189,0.2964841379386335,101.07821551620872,1.0388281311935752,0.0381293576293604,0.7129017029158469,11.06143812058728,0.4070778512900887
81.67446101627353,97.5792706631557,88.55272619168923,116.667803123414,119.06319960493336,0.3265851565256642,0.4363218990618082,0.1740595095539795,0.1700732293368462,0.2683206691479385,96.42469961234814,0.7622552086357914,0.0322888183768587,0.7332886409848997,11.817458084498012,0.3808788090198015
91.98587585408276,87.00741589004235,88.78016603793372,99.11009021411816,114.98022396452714,0.4144512964778403,0.1234182214080584,0.4180680815594982,0.3003026374367239,0.3247053799792898,109.99434998831263,0.6075327067472602,0.0437284365431397,0.5970858125812859,3.7496531569205946,0.19757952072809457
100.0014485975056,82.2156824686119,81.59542410852576,89.09563782491395,113.71085110437716,0.3257543753116693,0.1224669555830881,0.1999083190872579,0.4021189806058791,0.2649072477957135,102.19345317638437,1.555402056747579,0.0410360438340494,0.1602689526222868,6.367731482488526,0.26776059741032043
104.85922230140577,102.51831415145166,92.75878370330568,117.1770162018475,93.2471297984853,0.3242067929007417,0.4779474488106189,0.1185087073269445,0.2798721462695279,0.2445096531391592,111.91244592165584,1.3734010849094502,0.0213654352714301,0.4308378177228108,7.87050955765813,0.3743532156610655
113.39777650611788,115.83614071903536,99.33340052864548,115.7715707792297,91.07213149564188,0.1425797704778965,0.4803177395039192,0.4845838358994173,0.2245952616757627,0.4786866442756315,109.75415778996332,0.7416483746180792,0.0159782088379655,0.4927951750320872,9.32978775371096,0.386230458708549
106.33733704733103,83.51854994097545,98.95736856369577,88.69327208633392,82.51053111722412,0.1140694426897142,0.4923583961344808,0.4343728065634658,0.1857320883244855,0.3398188615738354,119.40475935738512,1.942423552406104,0.0423062709029754,0.6186987623212543,7.3925352278285645,0.4856717634040534
80.14902032310484,92.99008465763234,103.58122378147053,98.2092139060463,92.07077194077984,0.4193197449477212,0.2277195856031116,0.2415007168371318,0.3515891102371706,0.1588376203733751,112.43463394120184,1.668093128755326,0.0113117028398085,0.3961177837212758,4.811515877344995,0.3005945959629708
119.64800123105005,117.58100159918712,85.02613227349987,96.6042970667398,105.95387735974444,0.1472842438889634,0.1999221112477697,0.3965038981388126,0.2466396905646226,0.3029432886607177,82.67199189714387,0.4719039566051954,0.0371615524962699,0.4102969127051996,23.70756387306357,0.2957966992259128
109.33963190119746,94.6548861963796,109.8512725094139,84.96600051642713,93.2725050103082,0.178180222723013,0.1776422669398287,0.3601805036939239,0.1433501007473815,0.3671362908865625,111.183171821765,0.5344859733834122,0.0290365697654854,0.7964520112678296,2.9560086768923965,0.17129268597419867
108.6573270302362,105.027311610415,113.4884085944662,81.87428090668621,86.97566871292194,0.2602807409395625,0.3685083654470502,0.2526917908061954,0.4384208734597993,0.1222224676862616,105.98812880831804,1.2020836690281056,0.0130119722250728,0.3617641939573676,6.8746061887178715,0.2992358319672148
81.93978329087867,87.68456896996845,80.1713124253174,100.16841206715463,101.13257582273022,0.4573189247248708,0.2074644708952381,0.1170168839861926,0.324961768752873,0.1897416921524385,83.5916140090778,0.4291642133450424,0.0375424488869318,0.1040078719167956,8.494677068454157,0.1743746058281654
106.3156712562398,95.39649788804174,80.12830762740737,106.95564617630548,82.1716435099165,0.2836812492736479,0.4209256824248414,0.4166187042992607,0.3401542465133659,0.4911487634630589,104.21956914072376,1.9375915091001463,0.0293149634719476,0.5677470434568662,14.644792371596061,0.7340581328818157
114.64681723270976,80.9061595083175,101.2190049302653,115.79671529542082,102.8995830315512,0.2855004380983987,0.1157553561419253,0.4277700599241895,0.1885175480227443,0.1704955235988098,110.03214402270156,1.3665409589519972,0.0444040532097738,0.2900333280303738,7.933800570209891,0.3114425983938782
104.3366698617572,107.26443393349624,84.89635390921867,106.99708403242238,115.2141952805126,0.1280039687865966,0.2311599774554555,0.2304635868216751,0.2211086127865809,0.3372771759074709,87.88778052977555,0.3658045642783307,0.0183452771644281,0.1988311575711185,16.10897469813616,0.19005966988423947
118.96883331341266,97.72207997433388,93.78019406710187,110.13238462385269,101.71497152381258,0.4006168677312424,0.4751066874589357,0.137620031472059,0.1601527329952587,0.3359370042098269,97.39646591894306,1.0261000281343555,0.0100919828733933,0.5027695737600602,13.743114341361057,0.4685054606396887
90.29218617820122,86.88631539878811,86.80921202370975,98.36708146424608,86.804976224626,0.1392542375509041,0.2483057138477051,0.3498208922184148,0.4122180128155447,0.1870397149832126,101.69945152975632,0.638444837698082,0.0152194727144759,0.763494137723956,3.327194645388259,0.19772888023565427
80.78875776045943,82.0835509987876,117.19538175811864,82.91845364640542,82.92722762323838,0.3671942256388047,0.3583478663388854,0.4438464505033258,0.2254989983055961,0.4000367459552706,96.5261087438336,1.1082887880061367,0.0207844013128754,0.2502470840927681,7.292926011023319,0.3253560309407676
98.0475378213413,89.8040112934013,118.50775408689992,116.43943357991216,96.18972994685068,0.4007999457765978,0.1956778167965029,0.348463135103371,0.3700648350673857,0.2097713650489095,115.04019211805095,0.682294624565562,0.0360897747366158,0.2978169976643018,4.056431967141062,0.20120170929081774
97.94926077665036,95.0045461230228,81.51464466572513,91.71387357018835,84.90693878447937,0.2807199981458557,0.2743110909025972,0.4094038273484145,0.1002765023654974,0.3004106445826773,86.75612821694251,1.7056432700380568,0.0245057291006318,0.3723920300315069,12.33293765838987,0.3868024571754742
84.0948132006049,102.4344629174555,83.95059430854249,84.11725295181054,99.22054859277397,0.1737363254255245,0.3587367872221736,0.3721475451883799,0.3004506034774333,0.3168118167137641,110.8622221022742,1.5119236168730337,0.0147298765322117,0.5503955649280606,5.793261554234452,0.3339241167357569
97.69129460490556,85.50539140529477,80.17796099235451,87.71897767071376,89.43569016728163,0.2260232756220674,0.2253290717201485,0.3980468239401442,0.1526925469705279,0.4086013258773172,111.12364770152264,1.836511765616737,0.0492629385267865,0.3167590820709122,4.762973628659356,0.25922834166124814
112.0099377443547,116.6175340210886,96.2377758995188,96.20106906003912,108.49925135039469,0.3620052726407702,0.4537898738621992,0.204057876879919,0.3024716207264816,0.1155958046116927,97.92119843570636,0.5964258257945051,0.0143290978084599,0.3400718152377497,11.38027941394348,0.3111277441478211
105.07688062818757,87.36560746773637,84.30756489183446,97.50447562620204,102.59313452651053,0.4650026300219141,0.3701565842716633,0.3491500996285767,0.3930756803946412,0.2137315427037458,101.57911967603918,0.9244364153616532,0.0242048137213329,0.5607243182629583,8.640740996020643,0.3973684204297877
85.54830412635238,91.73093973633776,92.237719857223,90.45192804096656,98.43045065167163,0.3415441075008937,0.4203687641620981,0.1361177778816257,0.4835267557161197,0.4567547210005271,86.1424979725181,1.6595664572802504,0.045064170259669,0.7881080696597109,20.98664589388669,0.7563411774388954
106.12254337278956,100.37559534463968,88.05826248989376,84.117561881896,112.87481851594802,0.4852075335624857,0.4233394036126418,0.2177244369757281,0.3326221870538617,0.1480649688953594,87.80630288482615,0.9042315511470324,0.0361046149434058,0.2532032556242045,15.897273914859243,0.39788381491563524
99.17218730871144,82.48556736535508,90.32485998598231,112.1613511353662,110.069052990942,0.4016666926664224,0.1614558663971255,0.4467295739696928,0.1962227810051245,0.164164762913171,101.26659248408473,0.9134046704625648,0.0227919164736861,0.4682619806531314,7.75332805119887,0.30322155009700746
115.03266531589512,104.08351304006769,96.9162373743222,97.06539990217804,87.76000177971775,0.128361745476389,0.3845460512203246,0.1744815107620093,0.1790671248246879,0.1678786415451113,88.98723131733966,1.9755672759323064,0.0488138711857483,0.6355233508323376,21.954536850853756,0.5138301563377449
106.03195846071527,103.40275024371417,86.19457645715343,115.42651680181498,94.73872813242389,0.2223180489873977,0.4764845736513575,0.2946486711697288,0.2043511757223067,0.1681563038817835,112.25861538514356,1.599010577092697,0.0300439421723093,0.1697023518911706,5.8163261403085755,0.2859701427068175
81.98955062084273,93.11523683119135,114.79426858846304,116.67826343447138,99.61593669038534,0.1075605678821752,0.245997058827339,0.1440245896904328,0.110804798267665,0.1411918823743332,104.64872333528098,1.7564306455290108,0.0103243958347809,0.6546553154313473,6.220571112648609,0.2412881418696422
118.25359760293672,115.00967236847904,113.009228683969,114.38840258728824,95.27501648675296,0.2274086065569625,0.4003454805753154,0.1267945004674105,0.3714695695026329,0.3482170115204985,82.26314713617613,0.962202463195934,0.0102465334460534,0.2839445054359849,30.18027912801974,0.4767223397526006
110.25875763022174,103.09356012304598,108.78736006961226,87.11144430323098,109.25575647099768,0.4527960821867152,0.1735948033888236,0.4177070822715897,0.4459460868192301,0.4905936526606947,94.31506673353232,1.275357415197436,0.0476403731834696,0.0888183439239176,18.717337921717935,0.49943151166363237
118.30369736776689,92.10653289525716,119.44645295822508,95.13504059221484,87.98893988084131,0.4234197432076633,0.1495072803276734,0.4788516040653723,0.4259968211215136,0.1849300737818708,114.33703725472978,1.0384687484655255,0.0212472252190315,0.0199221923098756,4.49836810741131,0.23266234208444517
84.49144919200954,111.39847653152712,102.19301601506274,92.28525174648117,104.33801479175033,0.1660789602185181,0.4745656601601525,0.1622794504423514,0.4108413541636347,0.2621037017052633,91.09776192134484,1.038013764841749,0.0424825986414427,0.0264694759107857,13.22418200112092,0.3194240064316046
93.2840475136402,97.93431029313837,114.50656503012364,106.7266590743666,110.49607358818866,0.3895221061971035,0.1367405520666595,0.3900233150953877,0.3047645509276322,0.4601513541355391,108.78871554996692,0.4734734874518497,0.0117424008753826,0.6381139051958256,6.964349977278806,0.28415197764542566
103.33974205878306,119.65592195542484,89.6564026516357,90.4916464287526,83.70235754953332,0.1753593668975825,0.1437424311900006,0.1784881193939463,0.131430146899752,0.4920602163446975,83.75200551984146,1.723732489954038,0.0158766843712502,0.5399509002394755,18.127775596003136,0.47943722300133185
102.16078008282842,104.53436945633472,109.0384629159528,93.41783703797044,80.4902720746011,0.1491426503645116,0.1803403782378775,0.4238742989105557,0.1987017582807146,0.1889173360762151,117.221346157975,0.933449258926157,0.0442711803935949,0.6347921020041827,2.880901645080843,0.19758993837365965
105.2891814835328,119.9478197008153,91.7819741515997,87.35737809876079,91.27067831305412,0.3689239121630737,0.2595060921759315,0.434191661520125,0.3553077382650385,0.2152858868337907,97.97382725335174,1.2681926894380195,0.0497636526736212,0.6023582537521979,14.50356141155641,0.4787664839635585
97.01661899108188,90.03651715810258,93.8784010147012,105.5282695431745,93.8011194737046,0.3391693102478785,0.446584648619157,0.2457931842209847,0.3945882886096934,0.2663331921508615,99.66262542366998,1.7498757307180908,0.0120769172596108,0.3047802695915398,11.465764406153033,0.4732561478634609
95.8423577913462,81.60125051197056,116.7177000649148,96.27543839659415,93.12574064139176,0.3172293591113999,0.3934800111192947,0.1242109485239375,0.2819798089366765,0.1380854063970478,102.7932052491668,1.6035851927793994,0.0167054789347574,0.746414836725587,9.765301902081672,0.4142123856041629
83.45936784981538,105.36732861580734,114.5529980105502,81.646128002096,85.81089869464142,0.3900022177888372,0.3431225060740556,0.2307718641557113,0.1305126053571342,0.4703209848119671,94.537293584005,0.5969164598192173,0.0389164756320757,0.7023564613761172,8.301459417218817,0.3081221040485691
85.85559315544829,104.09099421391171,116.84922010873476,97.51073468262038,93.75225792775404,0.2260014882190648,0.2101507109586961,0.1404019883670334,0.3309412836386322,0.2062613821558454,109.01141204807048,1.3323948898119824,0.0311801182513399,0.2786813041900076,4.717915249671103,0.21456445028328086
110.63362742386764,109.70276247022603,89.87024557108839,86.43305449231545,94.31240129661424,0.4371412328847112,0.3731067134507262,0.1015659623237626,0.3262698446664114,0.1927338707278916,80.58334262825244,1.1175294062252088,0.0262386418445816,0.6183528082676334,22.32114347027265,0.5624957992020448
111.02413568906525,107.80253559659911,106.6341482542482,113.17714240652816,91.08521249365576,0.1061468480111199,0.3477468651949783,0.1819657440821707,0.4598543239812916,0.3293522963813347,86.4881707057951,0.705266265292116,0.0177787015180859,0.6557265473239436,22.279436593715342,0.4753984760722044
93.5873490187804,81.69357802436704,114.74983103214134,103.29718939688712,91.92489167534774,0.1836740438880145,0.4916509758748966,0.3185766266444462,0.1661888688505501,0.3068968680676296,87.55283670440508,0.3215013311426687,0.0478174143448443,0.3907715155354092,11.575189249589345,0.22417013735447358
82.77666125797462,108.9363801264984,109.94950078196244,106.6471460846009,88.15123883786919,0.4837396232892397,0.2696840923368875,0.2701382047578952,0.2844506888899194,0.2120414204617955,105.41360735731186,1.352134789039656,0.0168907420986707,0.0963351332569778,6.028735264735142,0.25621852487114555
116.5286423403442,110.12632076083506,106.31025294335882,106.0377569368715,116.17430800366564,0.1647134452174606,0.3315710813473705,0.4576800786870206,0.3942918967605678,0.1384749630550205,115.62403258301848,1.6147461010250912,0.0206099826322099,0.2672454558313197,10.603496750790603,0.4393317003947353
117.13228532388496,103.8254967204096,96.66677643850193,94.54935918237663,112.76315364322888,0.2603395904221712,0.1021183519622008,0.2231761543548305,0.3677506370456344,0.2160937133964041,82.54558965925332,1.8980072204806355,0.0229719249683894,0.7910490234401675,28.12423461631362,0.651667682401387
105.78421359337334,83.09064121014615,85.68744052060109,116.00743580419385,115.37992592418004,0.4362233276380666,0.2909536854162846,0.367667265135977,0.4535460893125934,0.3731241234597691,114.09834399889807,0.8712215778115544,0.0155433278567591,0.572748300223385,7.834405746413012,0.39957117541131715
118.07329794789877,97.11403869313295,111.36243630562828,113.12900109257286,92.62787623352772,0.4589304817141891,0.4232261423701215,0.3268256981577562,0.2188932400069897,0.2192569618605424,112.7805438301012,0.9486300151871172,0.0314493222493674,0.6197687031631837,10.468767436617313,0.43845737993349515
85.81350844908569,119.88105446556692,81.208768150054,103.89343674845772,106.00849096726836,0.4501324359433424,0.1215536918954007,0.4765747392387296,0.230823920076871,0.3955484239253621,83.0650264864792,0.5352598532435653,0.0236530030290743,0.7295394492384505,18.665125243206614,0.4068488234358744
107.27157367878593,90.2251097587636,108.86316977195403,88.65598253125063,113.1615302300673,0.2320119010549793,0.4813205556932642,0.1145896120626903,0.2413275506561266,0.4469844188108977,85.72913695115676,1.9730780408325643,0.0343139000214248,0.1622103005498451,23.931081631868395,0.5923751032210158
88.76466696338538,107.8682411630431,111.33653943335904,87.55783001848755,89.51945950530411,0.2096226156547894,0.2102477906373103,0.4595007264274465,0.4322329012690342,0.1423084781185557,94.00181296921944,1.7367772435366242,0.0247143235074032,0.7747232245807796,16.3576832372321,0.6205880026330368
111.16414954937468,83.43995886539811,87.63043809866656,98.2212362475966,117.20727714979084,0.3320719639477386,0.1893580753359702,0.1860553087059432,0.346161594761425,0.149546465666005,84.5867845742038,1.925806525702649,0.0146569411611248,0.4145136062066459,19.97289390980826,0.49694255529364545
102.47511339572044,95.50711392832902,119.13480888889907,98.54845224885152,97.34939894749928,0.2879116004011904,0.202328693705152,0.441568989030943,0.3217976929472528,0.1860435325046461,110.33144540401936,1.1168574917195309,0.0449038950852324,0.5957428234411056,9.472681077944484,0.4007959005831651
96.46577267550894,92.48720290427184,93.02779238950338,107.51348239717991,81.63342389367524,0.4705862610887221,0.4291586121627007,0.2061168921463654,0.4844203631216447,0.2070955668568184,100.16277255057952,0.6171174223279947,0.0303860829252912,0.254568262390469,5.809673948352248,0.24495235326456172
107.27266902585276,88.04817992503492,95.36832012817972,85.86155890241328,102.1100417628988,0.2170572488187905,0.2543853417219111,0.165922088181827,0.3748064554851071,0.3229349303311175,96.4305843314608,1.2530729690279436,0.0228740195993468,0.2635255394914055,8.894857065267042,0.30395069191585683
109.1740177980856,94.18622304225458,86.53666310161051,89.06022327724702,112.72451674102292,0.4577849926207693,0.1963500902586132,0.1680923546396797,0.2434493570718119,0.1584434734032355,108.99790501039166,0.9011608526655336,0.0106545900909831,0.2876797828293643,2.9519574381339093,0.17039838467969246
90.7059494023941,110.98810372044908,93.24797627224844,87.5493021737185,109.09234238509724,0.478460411266644,0.3869786787477633,0.4184766618596653,0.3992174493488353,0.1971276699090747,91.71581492257066,0.858762753918206,0.0339138588353306,0.2784471038062858,13.601599024427315,0.4027490442121735
98.74180117900826,81.25109005099226,118.39769677377596,85.9101378028843,94.13627905812363,0.1562626552080946,0.2717734332037795,0.4316076487097925,0.2322061314403074,0.1038251768913257,114.86125660458644,0.3941374970404196,0.0413001731991678,0.0500025573634414,0.15426278750686861,0.02538464782333678
95.3917853998283,99.57719597033652,111.41776089336682,80.24361118700507,117.29888205344298,0.3640242808485882,0.1800252283412656,0.3171340649566559,0.1059520200102475,0.3035399422486309,106.15866954723234,0.3780111257285211,0.0360024500086851,0.2476594523233575,2.6891948210008993,0.12312647501908634
105.83957840812045,118.02595516595744,112.69558149665944,117.11352872332868,104.04002203742712,0.2574433943068839,0.4521647947930801,0.388725519777612,0.1144112619611582,0.4158089586555308,93.860212481809,0.9128974677246428,0.0415087725933023,0.5179045769568372,23.22622601207676,0.5628453099880288
94.292359315087,97.71656252454414,106.32129241536452,97.07727439065346,109.26691133871157,0.4164909817502643,0.3653638193332459,0.4717186943614647,0.4213014110664544,0.1875594658407817,101.5949076128612,1.870847451967293,0.0161994335167767,0.7215783552689734,19.02529546942484,0.8483410926656587
83.67392064320119,113.19946595939555,88.16754558568016,117.7579043809889,86.22183199749071,0.252618354009729,0.2399692889745492,0.3019631265757614,0.4814854480790541,0.3462393473791247,90.37793904377568,1.5152914933386403,0.0488681191446305,0.0333322705321537,16.61324559003552,0.416026407799445
85.16656784409591,112.47504442349572,112.74807310812056,109.55037679524987,118.4212185561882,0.2251756237680515,0.4766070953541754,0.3801085891318788,0.2064322093928013,0.4626051075208918,119.39922963046672,1.580977515307922,0.0184533315225034,0.0133026843290104,6.671311004154933,0.34335950868245435
90.82158514741664,113.06594955961152,94.08162120173684,101.49594502277364,97.82400118805316,0.2376851591211062,0.3064845102337937,0.2916891382759002,0.4694523493196748,0.2062653437603937,97.42417306569514,0.6600086837967363,0.0206711839829374,0.4739192918713347,9.531691926967252,0.31232876330081216
80.23400090694429,102.97848774156633,109.90023551055812,86.98209534301085,117.26623447572148,0.2333226987465251,0.3640640733349239,0.4546462811654749,0.1459536362675414,0.1839534075621818,115.87096610741504,1.5354268193947425,0.03049318250995,0.5597394355235924,6.44242882816153,0.345690471316363
101.21598157674016,87.12984012604375,105.8379028366754,87.67690834061376,82.54133393181345,0.4792137929936918,0.4109188417617723,0.2384279069951532,0.2430539232318513,0.2878135482665341,119.12081829098692,0.961058471184158,0.0102078210789473,0.4865908301986811,2.343522563125348,0.19127319029832174
107.41260969676968,84.42779533221977,84.24869793505741,109.59774252727252,82.20808932832284,0.3695197999010776,0.3244164418605464,0.4104479809993818,0.1216667167120566,0.4276162970060679,101.431698398956,0.3539335683281057,0.0276979395247407,0.7784346747258507,3.6434912961885852,0.17920070320107312
112.39076716191818,111.84595034591312,85.65573712311064,100.73522589107876,83.8650196387577,0.1232205407009862,0.4523895700087078,0.1173017741389995,0.151132972551521,0.1720737487268192,109.1998228038806,0.9409237431570344,0.0178290110085127,0.1830946148656951,2.3577488683378744,0.14463355943205908
105.30284879143947,82.51720051882187,117.77923425290987,88.30922941478326,107.3157862379458,0.1892203128558595,0.2607048290361014,0.3621928027509112,0.4570413527631112,0.30980112405459,102.88987147764834,0.4796941280066456,0.0399607247368102,0.3849958258972437,5.806726462877704,0.22944251408883637
85.1316569750844,88.38385793307106,98.03798595533482,102.92384565366063,119.95452961566733,0.3129958963388832,0.2277220391798737,0.4202721697223396,0.1441944912472789,0.2204412722632748,83.66270531122888,1.7439740601300349,0.0403101353672685,0.732721599568383,23.34780630664206,0.6231201727629642
81.03704912363777,80.01257678576349,94.01468378859792,94.6462547120968,115.35348944394526,0.1387925654956572,0.1856723275304855,0.3346391646223136,0.1503841551923649,0.1402471181054086,118.09672210469417,1.7205146128310884,0.0346293937856179,0.493997820801249,2.2248638716308715,0.160847520215562
116.50330190789208,115.22099905437275,85.72715001944191,96.48419340724294,109.83540649180092,0.4303643245758387,0.1473196512376549,0.3432213399648612,0.2408044731576681,0.4585468487104985,98.26545804061058,0.7530706245248695,0.0268674070128094,0.4616975720362719,13.405638963337198,0.41174160889354094
92.50444271136963,106.52952114042203,89.48571452764368,92.93677031843232,114.41718597393935,0.3830200147232874,0.1237720926052241,0.4581872442037258,0.2655595578144143,0.2192909795936393,115.76252494246118,1.320864029857274,0.0224093606771564,0.7462733239574552,6.394797594986759,0.3689707039238981
90.0203614435598,118.57296347539452,92.25038243747387,80.9411243929311,90.19603615210282,0.3691128086251463,0.3871895684930913,0.2213003107483442,0.2406626183988182,0.1625322038026762,106.22421383754246,0.8865795071252061,0.0430984789939605,0.2711222485738242,4.085660343708661,0.21002060795419583
86.84819768973703,100.27307864870198,84.5086426531144,105.04195508981638,114.99596282225978,0.3373774259236697,0.4827636213326487,0.2666497849373573,0.4984824726377738,0.1705658417983357,84.20763564136476,0.5198958051013262,0.0302837447685492,0.1257406658837133,15.662477791155617,0.29670068881450523
94.50075527214943,86.73970877221618,96.00099983137652,111.43867285802509,103.65950696318382,0.4184397836167139,0.4712433014457027,0.3752217410653004,0.1437305157243463,0.230616541535382,96.68211883865251,1.3864627949650845,0.0298586714378337,0.1033847118391734,10.843986466501073,0.3619727706478256
84.04572853310412,101.48748617308134,98.72341525822372,93.08449024084646,84.40642384213294,0.1342663252709166,0.3406992483663202,0.4992595236635725,0.2499018452941036,0.1651780170105045,87.83392618783279,1.5801866257941142,0.0145373155553061,0.657497835920206,14.213523457216034,0.5047909173070733
119.244477424811,87.04173279573023,87.70971563162982,85.82330768408943,102.80772154795751,0.20745607786681,0.3283207876840756,0.3275847147337078,0.1919283331745224,0.40028189621513,86.7943945795024,1.605764796865068,0.0187353219142366,0.6855587116325436,17.87018530522188,0.5661180638116166
97.74678297930802,89.98228728106224,97.17693532086112,106.94087404246872,91.2680212599452,0.1352049165973441,0.3492161131056089,0.2702795795801527,0.1508700079372987,0.3537539008382616,108.60354974733576,0.5111360253130401,0.024419571676733,0.1871026740665529,1.074538600964149,0.07501966587725478
116.60983104121522,92.25384948710824,87.92716123291413,118.18271387491258,112.42242440472717,0.3692197672779719,0.2760081182524765,0.419197127786166,0.3037266337641942,0.2143017808394169,81.20079949285847,1.1470124073664918,0.0379541137113536,0.3656570759064304,28.64383828447562,0.5531675592329836
93.72550499373862,113.65727404575505,100.752569966152,93.8700999304425,113.58446358156856,0.4814405111752629,0.4776176150999484,0.138248557887338,0.4784325130193534,0.4101929522953266,118.64562275575918,0.2918238750990381,0.0438108396478563,0.4678813884211259,2.553541574064761,0.15971613846470653
110.08660267457762,91.91499370572424,104.26714061031896,94.77560894079188,80.04207890241553,0.1426576650228938,0.3077301087408858,0.1139805240310396,0.3355428282243507,0.4732750567472747,97.99693503784336,0.4077966208498709,0.0497144110731983,0.1112272794282778,3.642024905757739,0.1332065751905754
118.47262965601118,101.98516304291348,103.93730406663131,103.9956570270918,102.02565843277613,0.2472838949941832,0.3034500696204632,0.1910241303610704,0.316378495971557,0.4210298674973456,99.59030724234928,0.3918395178994286,0.027097284058104,0.6790484954649023,11.246731475321257,0.2923152298089974
91.60191379094374,118.86304499632226,104.8667365006114,106.83685442215848,98.191710292682,0.1861033095748919,0.3213947047858069,0.2418573108471657,0.3991488312295032,0.3808154647828812,91.9771558388462,0.350083888713377,0.0281281738892709,0.3351026044988465,14.150504191314214,0.27042813847457814
91.5144560196313,82.57395928699718,94.00920786271544,87.04389717073569,106.48353073028048,0.379515862445634,0.251121253489758,0.3397117211881912,0.360434073474589,0.3723255889478917,83.42464291249712,0.8340963608512106,0.0406424216448809,0.6907790031420341,14.783587023469234,0.45513174914006216
115.16015539210878,92.11019432982609,93.31530501656188,106.81458015316046,85.97085736964945,0.3301025416150289,0.44672189872929,0.199519431708001,0.1223227157445506,0.48500138154952,103.5297071344602,0.875939301493049,0.0228490790570006,0.6080613241625975,7.349251543968989,0.31344898536566773
117.17749706710796,94.55387124101932,84.04797783707099,86.98736019682566,117.30984304029832,0.1242934906495474,0.4611822623167819,0.3449139747816894,0.4674961541258398,0.3259815722250556,93.79017994021712,1.4712730986228997,0.0316207190405648,0.2359634200195258,15.8131686857731,0.48689010998223925
89.8847715347608,106.49075215325146,86.24660894153061,87.7640676939511,115.1695287559991,0.4284034901971228,0.3885161052938134,0.3100448534642682,0.2453294359814477,0.1011436082753369,104.96290464177667,0.8272895123865668,0.0370806929254417,0.5732593730624028,6.153199757654542,0.28847666203514183
85.92132880410247,80.75002346945116,100.04932758105105,114.5090725305174,93.039641816625,0.2003621098277508,0.4807067233895773,0.2101847391459965,0.4007409770648801,0.3033990458125344,102.23079231229414,0.4956926573110594,0.0194499884281853,0.592564027510805,4.4141828508327965,0.21371475854526795
85.12649082582843,119.28923318262552,107.06954517957654,114.02762527792626,110.08553089315694,0.2234057538619197,0.4964373795849522,0.1187897510099176,0.3328308425896095,0.2846072864038845,88.67643387237578,1.9070323542327965,0.021183597975414,0.2490104610840138,25.30473248517346,0.6110127211208455
107.9296909595676,95.3825626852368,92.97359972814556,108.67834383577896,108.6685203270892,0.1306105638808246,0.185638482326142,0.3776967894711566,0.1433314519173734,0.4204100442198849,98.46615689630514,1.782083706974973,0.0242476254875626,0.2029884720573586,12.855551653585408,0.38764729770735873
118.02353536196372,102.74639271393288,91.78484423150694,99.5811519732191,104.54855266903677,0.3500243975808453,0.1403430379534427,0.2147258515052989,0.1548711449387458,0.4190405182231068,92.3225203755834,0.4673950719566085,0.0331073934011777,0.6587422300435981,14.43645251312335,0.32131747614596284
97.06919198307652,111.64532493438192,103.3845284886335,80.37742910510602,102.79359552928034,0.3131838500502668,0.1011319746866346,0.317161458891261,0.2931214737059804,0.357230561197002,89.58896324904659,0.8848627249460101,0.0208166181398489,0.5423464325587466,14.6018271243976,0.3696572376478601
105.34415143767444,116.61045006176283,96.54886694656754,102.97870637085433,98.99989802857496,0.1139376221947984,0.1141703167732189,0.2397472420381427,0.3754152384645949,0.3666232370354783,110.7881743718761,0.5441481392237003,0.0183267113003197,0.591658585869879,3.685559932596001,0.1693998716827208
101.2662571387554,82.69216282675985,115.89134670132408,116.41649359326502,101.9223843937053,0.2113054316841018,0.1864270178251583,0.3732502389524251,0.110845094453521,0.3227133326777819,80.47626367996833,1.9284449980076936,0.0159803286309125,0.250444202743574,27.06506821337493,0.5081353368084963
102.26222062883782,82.30224143775818,103.91802052479028,97.1660715951665,108.36174520937747,0.2696394568176508,0.195634727174084,0.3081192357329859,0.1868670626491212,0.3257286422196969,90.755314345005,0.8729607861829822,0.0423723959141375,0.5777552189542515,14.149519014790071,0.36602443696518144
81.88499666382289,108.4355073091796,91.47575295329256,106.06821321812431,105.08503901248493,0.1595895344905373,0.2622771648365425,0.3041705341219221,0.1126804112175309,0.3442868961878457,101.24342734687951,0.4217054971063851,0.0454388598905523,0.5714452557031676,4.478003866992955,0.16753877081506163
89.0736593852893,97.61809380865068,113.42533036213298,104.22366574379096,82.74953207913646,0.4001261173990014,0.4824294251244158,0.1812505409857638,0.1834781468998315,0.2219323296915349,99.04583953721831,1.5219769795772906,0.0461888778292005,0.2666199450326347,11.637226846633352,0.42182332748300305
97.7163532528332,92.47085835111668,105.66582715646533,104.58255765181045,80.41592406040562,0.4563056149827622,0.2627428654771489,0.2207175252303819,0.3964723127517504,0.1151960710310569,117.60661307678248,1.4955056533244426,0.04286534682445,0.2163680414554212,4.307575145244532,0.27099720246635584
104.30782037673852,109.39398615939749,110.74920129606302,82.35903081559844,92.14633668439475,0.3195258045233226,0.2800759964305043,0.3499432842970623,0.392439869396165,0.2299953542181085,113.74629925028977,0.6718102975164604,0.0154915689270451,0.3451158825616263,2.969001658272051,0.18319738172238043
96.85094242206095,87.19086831179648,96.8293548466004,82.8451814330237,84.52869132028206,0.354566874409297,0.3097314811843978,0.1535871241561106,0.4526904832038643,0.4018360671323421,110.06410508753032,0.8125582391102166,0.0139100776521897,0.59127376139848,2.839344635915427,0.18879236830861532
106.74779051373676,90.5028984464062,108.4562338991829,81.92434112066672,102.50812212174012,0.4686616536916115,0.3881618365855998,0.1979226241884305,0.2722104900543958,0.2547473701779476,100.56312533081436,0.976283070610521,0.0299665731689499,0.1548699814652112,6.945753803321956,0.26144963133897425
95.6579465434736,111.8788556766186,111.35806320822248,95.02238569830033,104.90856056350856,0.1143287730528624,0.2642192611915547,0.2382277815991132,0.1015695144803519,0.4388493036365168,97.15626929536528,0.7184750031003834,0.0308570781223332,0.6994099214684284,12.466421686483892,0.33518200779773877
89.10195475277952,103.2162734472168,83.2505877579009,97.3841713647444,87.30910726152436,0.1575497700031413,0.3003808669541056,0.4138711292536181,0.3417925476399236,0.1677404901530603,81.46278274315182,0.7555534893084377,0.0393129276984027,0.2042208176653693,13.857101772334772,0.27837525222296716
115.3352472836609,97.79603271867327,103.63094994550138,94.41527441320042,91.54964140959213,0.3472844502660446,0.4030387577794945,0.4419058064576718,0.2274615038950125,0.1135685602144077,112.86672998555277,1.6527831860326496,0.0189152301462483,0.671706960509601,10.373683865962153,0.5170864928651954
88.11679132246134,116.4748633066808,111.97863129707812,85.33044577724124,109.86899505167192,0.3431792825771628,0.1903074040575626,0.4123580295778366,0.3719526837464497,0.4092747418703711,97.22851616648448,1.565738559146574,0.0472379867943156,0.124647647436825,16.921632244859357,0.47564235637869784
96.74123108146613,80.6158661984228,101.13469281504888,85.20185760339464,88.39737252374378,0.4870124801285607,0.3338189580594165,0.4617254201640439,0.3567573529896177,0.1726977384794736,92.83869566890624,1.4621011209483512,0.0223971917198086,0.5915525564375448,13.603594329658602,0.5655775537983818
107.84163845696372,90.28568148564784,115.67552807367268,106.2867903369668,113.29133939643236,0.4197232718035836,0.3774794496854861,0.4911759110699664,0.1973727955762976,0.233250206513573,104.26537519777126,1.4518537244784853,0.0331123580365391,0.4491159380308033,15.849137778965531,0.5877241778428879
104.60758153320737,114.75398364088063,94.467387000886,101.9656230754232,100.63561601777334,0.4285964106409488,0.1251558392134321,0.3532799058459763,0.3141904210931501,0.1675287489070227,110.16551275598972,1.163293378661779,0.0445685442968715,0.5291671899215212,9.330728793409657,0.36295397642167204
116.1516283231188,86.59661634434454,103.1224305274677,110.17724776907922,94.80199042134642,0.1660486837040972,0.4240790485015918,0.1061780621750699,0.3987365761239768,0.3930668908017948,100.92205282130944,0.8641122364318532,0.0309379243394898,0.7793092769599788,12.231180617717829,0.4240696108555036
114.70326098463906,94.92059068310937,86.93235039583665,103.36193421620126,96.8227204014925,0.3598719905474618,0.2638070652325064,0.1113282734096828,0.4207106673172068,0.1502828815225765,85.98332701901566,1.5109536545854565,0.0401422977933334,0.0420463029360751,19.006263495635423,0.3858467882892437
80.60760418728019,82.79354369974013,87.8110872082636,110.77319838072609,115.68158064134994,0.2123149936638823,0.4787131707164813,0.2207444106064685,0.2020556601579686,0.4893482221513617,116.8658588281618,0.4536435406861957,0.039961048016292,0.1193015784306776,0.5260179384999701,0.06020711234061757
101.82563496056888,84.22261850056493,101.37675808967384,114.2242184238778,109.9791051649036,0.1343728808382675,0.164276155166939,0.2753270059527141,0.4150692511366203,0.4537435755773106,84.51397959705518,0.4968733841117111,0.0416008498603974,0.0632678418417925,19.54716757787555,0.2638636595574411
91.643926547895,84.95562437153431,116.02726799048972,114.16354986528845,82.14861460580903,0.4022542890731063,0.4904700126411415,0.1067384570427834,0.3478026219965758,0.1465384807539735,118.78286525986977,0.4709641139050792,0.0424419306018775,0.4157095674781506,1.1779084032903904,0.10097341090952107
112.94697959298256,83.88850551139758,82.53134533608149,110.34403588585036,101.45242487699832,0.4641450962419481,0.4741228829437569,0.221211287081519,0.4310834140731994,0.3521102301549192,97.69908407722656,1.5322565905630663,0.0256985178927462,0.6422457950002749,17.15222165524591,0.6849703453983729
96.58192096361276,116.15448783904088,113.57214288271015,82.30493886188226,104.6434896776469,0.1401955137940232,0.3411072637313777,0.4904228157430674,0.2232376196022892,0.1004563104584009,117.86492776905098,1.2851965476364955,0.0245422497050487,0.0438598327742396,3.0856329114318153,0.198422738800416
110.89069612829832,102.01962319099808,119.32021996304752,107.44190018590191,84.16572050788102,0.4907166708812717,0.2655933669802013,0.2723731071373532,0.3850448468374954,0.3417541548577697,116.58599038951704,1.0377806638954832,0.0421399240066054,0.6235253460219103,9.805232997698052,0.4449858987203785
87.93192047999814,113.04982484797848,119.870266925772,83.93357067489559,84.01317271380194,0.2207946449247956,0.1399911514623869,0.4309450079788783,0.293350870538561,0.3689897174586884,96.25069061961054,1.083404847500403,0.0331884157133019,0.3464446587355871,10.473220250734185,0.35724306780431114
110.53548216573134,82.57417126866159,82.7424046425939,115.55265932038652,112.01799249273805,0.4442018800476582,0.1070889517140889,0.4437541107770766,0.4007181039027072,0.4787286999945855,112.00101162101602,1.6982288225495077,0.034308531353379,0.7531429223825091,15.841428007217495,0.7994190205973274
115.2625279945753,106.02053608531014,92.90145687755434,116.25252761331164,91.94894099897726,0.1934363221075135,0.228968934879167,0.3645914970450078,0.4703171954644933,0.4970677445797563,83.59090127307063,0.4629396131910973,0.0264766900317628,0.3061568959220069,22.567463311468668,0.36911763935726966
91.02043357819396,115.45601676771084,107.23290369972833,115.82688338836972,86.23605157015889,0.2666950602342724,0.3156918702882976,0.1682204030454926,0.3775901468954393,0.4349481691571658,83.30937077087201,0.920677490604766,0.0180645863469402,0.7876783585947411,23.45726683381524,0.5640592813051231
118.09187191062526,104.50968626801308,106.7214017637371,116.56242321305804,95.23011898778516,0.419459724977768,0.2383372179024413,0.4853056062855758,0.1481386348152125,0.2975880060384639,94.23826414885424,1.580290859626177,0.0282772227702535,0.4452172365712339,23.13758436105504,0.6661850630747996
108.78299978783448,105.61362484497936,111.5101087546384,115.8777116733323,107.2024342172038,0.3218388520772421,0.3146055428214618,0.4031563118715776,0.3438428929909006,0.1308517733176698,104.39140400572674,1.4012188984993732,0.0487858586307627,0.7919945417911262,20.91936968717399,0.6852934442644237
82.70558218012258,87.32561383399121,118.15912729068336,118.74601893508904,118.6965325479345,0.1719406613746985,0.3128956082620414,0.3778190404253675,0.3056698128842313,0.2422031133761859,80.3728427927794,1.0115067625862912,0.021634675169919,0.5055087614715728,27.204051266667665,0.5097662055553189
81.47197601600472,95.29792671797674,110.38690815951983,110.11543214631324,83.43635619799834,0.1204538246983458,0.4143523597340445,0.2988776959592354,0.315515652218837,0.2875832561071665,100.60700500039005,0.6425971168542721,0.0208803296549655,0.2770686272728864,4.607725472484986,0.19614795802254634
104.37955548358076,85.7147847416343,99.72837331471172,89.58742803364485,82.12644686938911,0.2061381662982986,0.2105493858976192,0.1254003148999962,0.3830396064807732,0.2087491492534088,119.0258761499416,1.9062721232836777,0.0152313670275626,0.6427269480500462,3.280604616967296,0.2375628064120895
83.20077702106438,116.43571798919632,109.78583856806137,117.27295927091802,98.7995972933421,0.2194245392697111,0.497400048401136,0.2543250223296796,0.3042788831016035,0.2545892403044726,114.33781714400784,0.9638588849988908,0.029247217640393,0.3895681021272854,7.187232049353562,0.3383605167219609
96.53169995811216,94.33629170008382,104.6522838420836,94.06237547885334,109.85092935928024,0.2160764452977501,0.1023402952987061,0.4419545391101019,0.2892614701760246,0.3879561214837668,89.29882479008997,1.7862112568312705,0.0215412158357662,0.2470463981238329,18.231205446895597,0.5212993472887018
112.0526930486345,115.03378373717524,89.71203720981109,101.08088197169502,88.93778466919355,0.4834626766518282,0.1011325359814949,0.3700158427377028,0.1474562816135755,0.2831860230730086,101.122750477203,1.6112033400582324,0.0374849492398579,0.3826683231882646,13.061669238980885,0.45785812805418796
81.50223293681364,108.3130121667935,101.959250957405,108.95709118212336,83.50491645626148,0.4387128323565796,0.1285983395937873,0.4958453939514538,0.3323343312473452,0.2579973835668621,86.85635076466713,1.7576775577680244,0.01540498326675,0.6975300751037483,22.1514714714015,0.7832793121248759
119.82104716247768,119.77394267788128,98.59999302014052,114.64234860735344,89.74274223222227,0.1078041061341617,0.334729231264554,0.2979561856030022,0.1861268008689955,0.2961790134350003,90.53040589451996,0.2796134899176857,0.0198924993078226,0.5858459084890867,18.50341856348727,0.2438694391592982
109.50264644893188,115.16903427254265,112.58665064323114,112.4709631296463,98.5210652835546,0.1051157056091945,0.4997910456115175,0.2328457764662514,0.2920888592244759,0.4139112672201627,116.92003353909098,1.0854349989649883,0.0124740419791835,0.1390150533556685,5.953108542137201,0.28197743153361676
112.79959791115093,107.62819252085202,85.29805592576818,84.5673761625808,110.8768854373856,0.385111337437367,0.4554236162808404,0.4765302947466204,0.1756711323865465,0.2561599384903098,119.91112539044056,0.7040091969308682,0.0116588361863909,0.6708782697440857,4.347238855963132,0.263606638378662
105.01856355091697,100.7750446876551,116.29047163395312,106.38361427484874,95.845869803532,0.3747267967849566,0.1180097101721658,0.3867779624717191,0.1019533760004991,0.4656353905070135,89.70243952471387,0.7295373716441594,0.0425657389000943,0.3451348592603407,19.238042014096433,0.3973046003985146
96.55727232704734,104.2097744327034,110.41101138745394,102.57413227796496,100.3504352887672,0.3872677798966412,0.326199668985993,0.27156038892049,0.4952099074185646,0.3946046933437889,88.4827149203147,0.7222205640677011,0.046235124185021,0.0662947957711342,18.225782207471582,0.3628288996533078
109.07602810616729,108.21058199628146,113.21387362454244,82.50207145109178,110.19808528327916,0.4229171830055568,0.430153996093919,0.1087499733151206,0.1218737540249039,0.1793459942880466,95.35437297366296,0.93129892573044,0.0405555534147515,0.1177376844296399,13.78619112717288,0.3246627931470174
100.5504180380676,82.98772480132608,107.16040112678078,108.66160776007771,100.94508678178738,0.362087038434826,0.3495796784797655,0.2300654219214307,0.4891995052697839,0.1372426568512499,97.8342568940818,0.9687330782680446,0.0446065388090318,0.0529309815850326,9.930075111122528,0.29385908287495727
111.75195910599052,92.00992434517208,88.07628874125744,94.02935806973112,96.4020205318391,0.4106880491086305,0.2923508478740974,0.2675336799890112,0.1102259972779594,0.3911198566480883,83.56994670523552,1.3595704342594324,0.0134638459014809,0.5412702428260169,18.26384641375083,0.5333666536161358
107.83734409608677,113.8207975151291,108.83672760314708,86.95950236278406,94.6486833920103,0.4086302043067897,0.2275829987154716,0.3067851482383382,0.3425768492939449,0.2470580971454479,85.90834655749576,0.7756379666091329,0.045925371247182,0.2060517876846426,19.922259759538115,0.3620231826386916
86.33654853791111,107.46896798232206,89.92687512867576,101.01547731407388,111.67319372778738,0.3462328024637446,0.2736508237666991,0.4512279421981607,0.3874052906762457,0.1441999932574272,96.99309069694444,0.7273600057202209,0.0286415934588312,0.0770792021771877,7.503681267345168,0.2271415040013272
106.8375709968646,91.9349596266053,93.31467002465364,106.13457146412128,101.97870997359776,0.4198412734634984,0.2350022525580035,0.4742273688128035,0.3413485119112214,0.1110311842563185,89.41682272265933,0.8810643546418737,0.0407457529172339,0.2925357245671462,16.058910393826697,0.40432173640454205
83.85573949880178,114.95966357094184,100.50452992214514,98.93444052789862,87.9375734652905,0.3937450820404239,0.1522937475884185,0.4509069931829115,0.4793321230229609,0.3781023412117368,113.7973907791359,1.451400362637124,0.0346302915367024,0.6935729046066142,11.75397482811363,0.6215260768822731
95.07975275882148,93.31299449260396,90.82942731317708,102.69626298587092,98.49101441121128,0.3131491106863776,0.340825203133192,0.2715420684783729,0.133433112805836,0.4715373995337266,110.0618624857125,0.2502995573428658,0.0239947926431255,0.502982445075823,0.8275329872951526,0.07187899038284257
115.56790741258668,117.65375908188643,88.77893716912364,84.00421715068842,111.41350205950998,0.2316746139017769,0.2251391094801612,0.1765299103331294,0.4969632995337849,0.4770257749121166,101.45353723522908,1.5571239251467788,0.0205919613087802,0.3889819514516199,14.843835213595115,0.5530319838861796
119.79445614554436,114.54400279416618,80.94789608474939,90.05054202825863,81.73369108165056,0.2397729479415031,0.2040021523779637,0.422147811872944,0.2690440200784558,0.4871152200352571,97.30517276273603,0.8431953159867697,0.0147252064917348,0.5865557285400514,9.59438514419619,0.3589995658572102
112.83117508164666,103.25627905169264,100.54874164668216,102.17799527986112,90.09805034786363,0.4604866918437341,0.403780536904077,0.1359697160457467,0.3808510946222001,0.4949017547443503,113.23951212855964,1.2584196031889805,0.0265060440592415,0.0607160315030969,5.454629397141762,0.27068735017020285
104.06553476555452,81.2266791385612,105.84046895883358,109.37735320715323,106.92105054847308,0.2493170131935067,0.4526276012197257,0.2632567357384773,0.4885296002837527,0.3614365486350227,86.63981374295825,1.5826640114174797,0.0297641086451817,0.7062173670770227,24.884671290288306,0.821917708406977
93.28470073248882,113.0505166051017,108.62175988469927,85.13189291697111,87.8057688215326,0.1386001931655171,0.2916182955178493,0.1198915013590871,0.2580302894744433,0.4661524856564325,115.49551435469728,1.1439615433582389,0.0493246037697574,0.142188953053928,2.2576913013989004,0.15584360139100994
105.48433652712954,91.57664534224104,84.77731765784948,86.19875972599569,86.62468722161603,0.192880877792545,0.4802271112326894,0.1399692178540562,0.3659246188296685,0.4862742224602004,81.96309533474259,1.3825146849292045,0.0114916190531491,0.0171053011886352,12.930179131681234,0.35467484020292794
99.1116362727353,104.2954181371799,87.0560909941766,108.49986441452884,91.24050430006112,0.3616614294933004,0.4596015815021133,0.4964121898583191,0.3567373744169856,0.4129055389162428,116.93577847155316,1.8598962777329036,0.0336059664887629,0.2898883226391473,10.553267564482702,0.5101280357480799
92.46232553575844,88.93994484296431,111.40824543772764,118.39255331747508,99.69999394712372,0.1127940775118948,0.2709241514076176,0.2153061414019648,0.4296741335988626,0.3710312050325223,85.55240209457952,0.3022659766908479,0.0309997928771348,0.0467578699152226,17.512342202035683,0.19017375576557427
81.68122565727968,90.42277265701904,86.32201164475384,113.71049139408072,83.3941594973282,0.3457656889520756,0.4726234751275671,0.1355471220325769,0.4815365088858291,0.1403058828676884,112.48396176148675,0.8616754633044831,0.0109158476124182,0.1336630454616061,1.4390737857011329,0.14513165523024915
118.65904962753535,103.54055106498504,100.70959148296652,113.89402489676746,81.10190485165825,0.238807018753007,0.3521094659188729,0.2365904815469904,0.3730145113177462,0.4101674476782265,80.72180313577121,1.871994778773857,0.0231896932401007,0.5911988978716429,29.46681551232959,0.7538154524349446
111.08610997628038,84.66416182274067,113.63112395761728,101.16704876951448,82.44517609440368,0.4314023319765357,0.1717374803615999,0.1728306784755386,0.1209256111715638,0.2963407355627305,112.60312681633692,1.7155022019824049,0.0269170969201662,0.3237864651002538,5.353882294377455,0.29687081336657156
113.32980155205296,81.09256468285007,85.53482771574414,111.91298095306516,98.59484495431565,0.1550134475383936,0.2274387965548445,0.4361737277133188,0.4794635770870734,0.4288303789388046,103.3628309255954,1.3294489673652572,0.0297707904695683,0.0055190702348729,7.844498452886997,0.31557077268688644
115.25554817419336,105.41717091164334,104.94115017481631,91.6894042452806,85.34722094206934,0.1002593532649822,0.3272096965355088,0.1666640518267751,0.2502987644827031,0.2711675776580702,80.76137003701984,0.6512801649465582,0.0193382434396183,0.5150057925098799,20.427449758267947,0.3046857406384072
118.4468956358673,84.1919075657358,101.1604240029427,90.9027436333912,90.5656265432582,0.477176303124815,0.3534954927562497,0.2070620207920703,0.3571179362533758,0.4807461910215691,110.96839038096986,0.8284328163739103,0.0113640087958971,0.5656888841771851,5.575949999656548,0.3066853244223438
103.78344877211252,111.91736468715476,111.08717931325114,114.75206756774212,91.71610951649468,0.1236636496368346,0.4263950671370496,0.1867590222856556,0.1612431808255828,0.45954676746938,84.06229204189941,1.751423658466595,0.0217537245143921,0.7215707861756213,29.17208153191188,0.7599220597373662
98.63005526860294,80.37338292880099,109.87430492545462,92.09372448569133,102.45974133080746,0.1007397827991589,0.3964342961491569,0.1348913639557552,0.3471981180162465,0.3483587605562273,101.59621703611592,1.471975050243446,0.0434544736973435,0.1236820882420055,7.683292901503262,0.2827051404863563
86.77201128077803,112.77598028537314,112.69088877113111,115.09811659011822,81.83747988426892,0.4451104197965846,0.4290425988918195,0.3740657372344151,0.2522190361683728,0.166562298819028,93.28015761748638,0.7498879019067546,0.0423143150513753,0.6857325901529405,16.35330402840715,0.4564245266624119
119.69834839100056,89.91117657758778,92.37734744189396,89.97342916761784,90.70130793466129,0.3542731704397138,0.2987879194831651,0.131176904912555,0.4822247561875411,0.2257678079647249,110.36673045191957,0.481429628159175,0.0172300309800666,0.5669663593215686,2.327187742526359,0.15569619941335358
102.10645424414588,89.59242177215118,95.7508524560162,106.2242632977286,113.44104814310909,0.1008563059969221,0.4606761215349767,0.3308203519482665,0.393224269420127,0.1610664961181539,114.12886286690602,1.6163480846824003,0.0358520066263063,0.4508982323058992,8.20197344434547,0.3961291701050673
107.70966001067518,103.77291379149293,85.90914250164275,112.64462406165131,81.49099551972155,0.2618422696104168,0.3580244919254985,0.2003858832652708,0.3805995780736632,0.1934459690695503,98.57106804011552,1.2583931895109646,0.0469458949909468,0.2094159867299882,10.860330323576994,0.34434909951076875
90.56766652941208,82.28235667727844,106.6971590233785,94.73484330374058,106.08193932819466,0.1836511308559491,0.1046498601041531,0.2127626981413227,0.1986947168119273,0.4057426226721393,110.31760854227834,1.936016832339042,0.0168843076379406,0.3662741863736801,5.17873453617968,0.2839991787499422
93.8812383721436,98.22962923197976,98.31844040664724,81.82322614670178,97.20906105384014,0.3278839624671683,0.1711297934928226,0.3272509883795349,0.1901774362299083,0.2702009120216782,116.664997297482,0.9613595599781902,0.0151470536083138,0.158616430554262,0.6359730716872908,0.06920131687705493
105.64257452460812,101.84208984301736,83.0113506511315,106.72223942746996,92.35451019661043,0.4552832246878185,0.3877024878065974,0.3604400066804892,0.2125933797288555,0.1498326659586313,107.5680214989726,0.8607971865733466,0.0108858506702681,0.5741555221104772,5.870021537019374,0.2951202172652506
80.57739211116089,86.22382228336981,99.90238629266238,92.41606636120277,107.77532055014204,0.4011795937199738,0.3271561538191159,0.3491040679296949,0.4900453277516604,0.2393283680668818,92.87961944376607,0.7588232501797889,0.0168964585878492,0.5628718394392414,9.899757202673065,0.3640871476283225
89.62613902263058,110.91184673900676,91.4590872557592,104.83454830337664,111.9686552100472,0.4202990116816615,0.3235827363488919,0.1941039783707769,0.1211553327946367,0.3464043567955842,98.53248318222803,1.093290240087176,0.0425581031130235,0.1532239284842588,10.858949350741332,0.30497511516311476
95.42224514574995,81.87219767261882,101.41782084235524,119.81636246178002,118.75967465507654,0.2190464545510293,0.3781913385923499,0.3802908646953608,0.2821841871277311,0.3145588467358391,89.19990960535867,0.8147768743253316,0.0425595896064841,0.2020933577134803,18.076976927110355,0.3679231799106509
88.84088775776672,110.2278603769701,93.79807327280264,86.41089920732367,106.63658802409972,0.3506187430671631,0.2874419775200298,0.4509482423796288,0.1303738300999045,0.4919272637723062,98.33633358436836,0.3780835496273225,0.0316180830811603,0.7208894637689036,7.532332482849644,0.2798114118887476
100.03474918107077,101.56922230622708,113.09570648942034,93.46174703549693,106.68379038222652,0.1133803645633125,0.1832385423585537,0.3833231418617443,0.1339841037366443,0.2048691012601096,89.83561916229992,0.7962258513124267,0.0233425790773571,0.3773478880056986,15.52424276954359,0.295887071515541
94.647658678505,81.70895586321717,95.12060429345397,118.0013785281654,99.33049928353668,0.1615906716195509,0.3894286255264851,0.331573356524058,0.1257914447168251,0.2840536941606428,112.28998899429835,0.6330503832803593,0.0422712167600793,0.4408937541598163,2.0626523198304096,0.13412110928364443
84.32921747347473,107.51307317504904,118.53517398874084,116.31780986177029,102.87843351232554,0.1834011712064182,0.4870794391929607,0.1431671789236207,0.3392220701456141,0.2927388943387272,104.39669709055234,1.6769237434874775,0.0178006097382229,0.7669002414624986,17.043472791125147,0.6801491247746213
95.05122977394124,103.22710674036962,112.63724248796998,114.44949368073816,112.75375539769765,0.3312337987993523,0.4825971402824588,0.2365127511265944,0.3995065492844315,0.2789865908702054,105.32983942877866,0.6622869329692189,0.0155941596039216,0.1656190489111641,8.368650245969901,0.27926013432305097
98.2190551376695,84.7543195828092,102.76693706955106,86.25715312133461,82.43833335591424,0.3643046458902143,0.246263018521831,0.1908488821009262,0.1334465437510069,0.1407005005283511,84.4105315388339,1.0530252492831391,0.0135684087173104,0.5017041746785803,11.366661716992173,0.29788256887436293
99.94671333715443,106.21493800186512,114.16589225625572,111.31342215817214,114.28962051026193,0.4837721275054066,0.4153826478699179,0.1979836999884029,0.3116588947349852,0.3856930897400269,80.05841230194608,1.4272919241343387,0.0440530378608964,0.6192119640316803,35.364618846241044,0.8348697502732166
110.40275083283562,108.12957587624558,80.40550276562799,105.04409247236842,84.81927216556471,0.241015160800997,0.2759952232639138,0.3873527678290825,0.1909817259012535,0.3105377433866632,111.5674653959021,0.5111470272817806,0.0385937192087715,0.2555517375742424,1.379578057552124,0.09443478845454974
82.34668529330165,86.25648608422621,112.93168645767,109.75397572400084,117.95089620820848,0.1840352686744929,0.1012310404062104,0.3761054942260016,0.3829059438484969,0.4982890794387681,101.69225662913102,1.1797443477629248,0.0349834513531768,0.2470534416140659,11.233705514391547,0.39903204932263786
119.1590503460164,115.73135945495928,85.31704203907996,115.1353096369992,113.5454853915458,0.1724061777579198,0.395832130026296,0.4791869697450551,0.3578321347244423,0.4852562241880341,117.2621349936594,1.732577165367548,0.0390986984884349,0.717455447085257,17.882017231015276,0.8062015462118133
114.84343439438788,86.06742468465966,84.6716731109327,116.95235518336328,86.95306596538018,0.4977763941111137,0.4206497607086157,0.4997143634823506,0.3503297837231046,0.2988222770454709,101.48956955958434,1.2721413155906596,0.0157391476880899,0.0795247576192196,8.975322235683919,0.36352051803117724
94.74486924170404,98.2393939797624,84.97770111318258,80.82537152130189,119.76361879068465,0.4670545017480876,0.432382336573594,0.1440448293374942,0.221089058719506,0.2042580481719942,88.58714097258553,1.0941762681960974,0.0253915634996478,0.1258845178400931,12.346962032413419,0.33293889387557585
115.06628979339844,116.4935171740255,91.38252277088476,88.80406290981756,97.03466232701706,0.4421046637510835,0.1932981417227215,0.221617908989638,0.3075154617182953,0.1304477946855042,107.93906341025348,1.7180380657346463,0.0425646091765655,0.3287641531044879,10.543123198999954,0.40085921938566116
98.13277475912028,80.22397755456963,111.17012450239332,119.86668152568068,101.14763480408357,0.484491857055167,0.2964251106143623,0.1761734896116965,0.2083282951294966,0.4192334988348647,108.03931921251024,1.9076908729130269,0.0466706203792439,0.6387127734611118,16.73382964058197,0.7098400728612874
95.53034780049803,95.71007572884812,83.84308528688403,90.64647273456048,100.08531154538524,0.3536025920713689,0.2858504096893581,0.232640546955206,0.4602737452035443,0.4090258161168718,82.62130416642202,1.6867244489560382,0.0305238253568936,0.3639932800754112,20.171768158933347,0.6181605551932886
97.2739200453879,101.8013898297244,113.96262594549626,89.00969210798448,81.10656723625247,0.3872448149399448,0.2784002018468932,0.4924640603039248,0.3840281187145224,0.2694498899946635,107.74603589284187,0.9647165350513204,0.0148824578433191,0.2164527533688781,4.864220912345718,0.2509778307790667
81.52901781130963,85.36675221227433,102.8193193921761,112.327392401517,115.47223757122526,0.4842208174925827,0.4582899986124067,0.3959860774177334,0.4067984486480327,0.269450999877562,88.5011289009768,1.3204629051712635,0.0491406932965079,0.336236028870586,20.736043785209056,0.5958292130497014
105.40452807899884,96.12573009803576,86.1805883262459,96.05673357773917,93.29660535631136,0.302940201452069,0.1766189356147371,0.3381584982135394,0.2479666193436288,0.2389753302281412,90.18082463143436,1.1716229663026485,0.0258011416556303,0.3563683535864369,12.02748500710245,0.3435691510968389
114.80103523428552,99.46877509642428,89.04783599818116,91.5520426726312,85.45880658170756,0.4792912804552264,0.1659133732735989,0.4319894336374187,0.2125874284032376,0.1114622516080102,81.25658785023123,0.780790089697206,0.0227597865634971,0.5816201677260645,18.218217293303468,0.4234547302063488
116.74341796276524,82.01383384945873,80.51384994223577,87.31955734107476,112.43496071642502,0.1161852319315309,0.2716709970343486,0.2817843624593895,0.2281004513777394,0.3675118422257464,105.09488891091466,1.011810225678585,0.014799636628599,0.69500006484011,5.569925500888548,0.2791993650669424
100.93867146524325,105.03373149507944,94.3092670166294,82.7471194219668,114.24632649968672,0.2941371113970999,0.1296452265324627,0.2392284779653102,0.1407850935399616,0.1251662775560968,109.2691757386203,1.7012168640272418,0.0105051848397886,0.2570008516071136,3.5771014674043276,0.1800623696319674
87.67577088501629,81.32236802180459,102.90816543732774,83.33156881538405,83.83047407439336,0.1833226499989768,0.3802301844646268,0.3784006582902911,0.4445556508414244,0.4025677169961625,89.21966652602012,0.7758397250173019,0.0341469335660792,0.5668316871446444,9.114822400152422,0.34752111060398905
112.015081259301,99.66438357271984,89.66033808988573,93.94505693438074,109.16963915372686,0.3141982749044584,0.2250448352037043,0.1023245980671002,0.3588549925151177,0.2158852750459387,111.70155728612303,1.806724849952323,0.0344972407453767,0.5611107161319145,9.308344584839514,0.3977351751235437
82.65416579026407,84.65922463732839,104.65048139962278,104.27886937868428,118.89848738141488,0.2000400406911672,0.4899302163096826,0.1696960769625004,0.1129738959397587,0.4797561580768466,110.48125144562631,1.9850013086142544,0.0193696454688824,0.6135580443656102,10.777673746965897,0.5989711018525449
94.981979250218,82.60310508710063,101.50149739398512,105.5338724704716,85.58411143144997,0.2224026888225737,0.2573680202482602,0.1323739615773687,0.2616260857813284,0.4888885163074201,96.39064832677803,0.7868427675371071,0.0164794702458862,0.4602085097003773,6.382777085321923,0.2486200052607011
102.11447894140788,87.91068486633058,113.78920231524272,113.4064598313532,97.18516383993769,0.3776078871352305,0.2895299379332798,0.2229886584049412,0.2464175837124168,0.3444912599840793,82.72900648822456,0.4647915955957999,0.0311203520199573,0.0117587986469419,21.557470102881943,0.2146064267657128
118.66972762051216,119.19095497798966,85.17004355790478,94.7085521932987,104.01285880186578,0.2017800250421239,0.16077901019808,0.3784914695774592,0.4477879108475397,0.4606155633683254,91.20741309890713,1.9250551104968563,0.0274162742023447,0.5246938685932397,23.47604547041107,0.7364686791038717
83.39351238325777,95.30622015256549,90.44688336066363,118.08200883866816,96.46343291325884,0.4365674127512041,0.3122398726799676,0.4155323876016336,0.4705422927069546,0.1093450358428537,86.61716595716393,0.5493640294331046,0.0221461615211679,0.4898380621159827,14.055074591356707,0.3785126173089064
110.5068343419005,95.46821454048695,85.27248281675342,114.5260612064339,80.01667667612415,0.2648392870832768,0.1816501918280779,0.4987075141698093,0.4718264038532697,0.4208743804303947,118.35272948508728,1.6000616656383102,0.0187293144789688,0.4892155649748276,8.55318090252264,0.564344608517554
82.237634958978,94.57537623588172,107.47593022074946,93.66817181163104,82.652512704839,0.2183519220504662,0.4808409058180523,0.1117001760248577,0.1752158826070302,0.3467495016923705,112.7097705671845,0.3184485876343531,0.044372234330319,0.2250388633913176,0.05761950766526633,0.012333295682820317
92.71360134936594,89.79923435960649,80.21679199272792,101.39207652721608,84.66583658976744,0.4172026848233233,0.4534523412462281,0.2202034442805035,0.2563218404278277,0.2819309607814986,83.13505885696841,0.6622389223227698,0.0493531183642199,0.0783083457632047,10.568654072679053,0.2499375773285269
91.49985155186664,105.64759320889658,109.00462755291908,90.5382250742409,93.16774684260936,0.1107895274135659,0.4455877012208409,0.2351793661544726,0.1797113815021461,0.2636788252399812,100.53840116971026,0.705271794302438,0.0242232692953089,0.1514820717525667,4.460575031532952,0.17023665694383242
89.87636952509861,118.27554401264769,87.62078907949612,87.32722414534705,97.80141183326128,0.3842253499596099,0.4483662317575243,0.186150586486249,0.1690451868141583,0.4775131871281373,90.6754531830292,0.7701613060932665,0.0379252314439266,0.1729640740377264,11.894585041805557,0.3381196026029476
87.57225436802277,86.26833825142432,83.83518150804342,105.60684992432998,104.48329019607584,0.3203572076654271,0.2463088075967694,0.1797277820256491,0.4980991288793756,0.3876737148366206,81.28471906028835,1.8587815806530448,0.0446218885731503,0.138887606068577,20.816634459209137,0.5403473262383358
106.00651567511864,110.93200032037583,93.05432051170304,116.73694934447688,109.32818444275024,0.1871541232708661,0.1365037779308611,0.1797129375872983,0.1990970415630312,0.1444342597046412,92.8920508355668,0.5567919911173458,0.0110774712326184,0.1956295321553815,14.815020095683007,0.17582517295411393
112.18834354324748,108.83848655306844,94.33822581730249,91.3212995225054,96.90068278316056,0.1918605482854946,0.1467118819731723,0.251092680354625,0.2944781036679368,0.2821139890323672,85.10341175255972,0.5538681871550659,0.0463225952198473,0.05495334348247,17.803196023246702,0.1904432857672163
83.88121442133433,98.05122006263788,81.72563932380959,80.15783840108779,117.25995757898772,0.4316840273396258,0.2015981545338845,0.4548375295553385,0.4632491274115209,0.4839198848014576,88.90928083919862,1.4604311392427165,0.0299659597147916,0.2154606572361376,15.72561959166452,0.5655800098340119
107.57347442351572,102.47387788263876,93.64408157692232,102.82152058740296,115.66303105353327,0.1723932935539539,0.1983004584941485,0.3495329109429628,0.1563566532820355,0.1342485321345698,93.06161847714075,1.916554937249645,0.0322699704160936,0.798308181511465,21.551226720454288,0.5418450282436116
106.0952053577546,104.09927991814016,98.40818011886712,93.82788122603432,107.94188455686847,0.1294788848125791,0.3424598538664996,0.4218712568039946,0.2035542650636754,0.4734135548503154,96.35561800591348,0.9312476272552198,0.0315949327858999,0.4091049787560762,13.941598678166507,0.41505149657250395
119.23923764063257,96.9903077408236,95.68820816056802,97.1245388946017,97.02175872198886,0.4167742031596203,0.1309841621460285,0.2629212514099259,0.1272059464137035,0.4660776631173979,98.73769812773249,1.602975148265602,0.0197170877363579,0.2755382883978012,12.781996880755305,0.44827036462611575
119.6249909347398,108.27113030037364,94.36737796842368,94.86009495306892,97.23187698976224,0.3971208577890581,0.3746180521418868,0.3730807386456793,0.2140730007582974,0.4734156620802835,100.80789085465555,0.3043128118847833,0.0412896576396284,0.5763897782454397,8.67230736057963,0.275501502923713
81.46848750321799,101.11265608085,112.4552380609106,106.42271172830044,87.93683387046167,0.469110663288158,0.3957955237496923,0.2875720828287172,0.118846292316286,0.1113245400548142,94.80003057773251,1.69211150791237,0.039293534901428,0.3755683646816188,14.234394987316536,0.4705998783777521
109.1213696551348,108.7783442532812,90.50156862595988,104.9149862742774,104.43796132487743,0.1552537331695471,0.338305877477223,0.4192397516818775,0.4793863041094476,0.1701448317104587,99.93398363836909,1.5159445769642337,0.0138316939607333,0.0235983702143061,10.805836968337127,0.36568926715117783
113.59150495424726,85.44289247333765,87.79354018046091,99.4387801507122,81.76580595569229,0.2102111523184633,0.121640114821766,0.4956188667523518,0.4123660316844292,0.2922856516760109,96.71433837674482,1.8190773907470592,0.0325116629800617,0.4379117689201752,12.170758529073689,0.486691980379386
96.62376790406826,111.52876167998892,85.94857575935993,98.397949477461,119.59076933529778,0.3302261421209782,0.3248697645332368,0.2017443012572601,0.1741562777173678,0.2187902866488528,118.57755910387816,1.3655449961920296,0.0482810480682036,0.2432532590843114,4.327730411880203,0.2269255573710107
100.23680053699458,99.93295296488364,102.35174334896672,87.44017481330965,85.88655530743777,0.1988614199184599,0.3230112359457444,0.2232811223359427,0.3915779166462705,0.3271758931428142,82.70563482382141,1.8973391272808149,0.0448462977370483,0.4569471195622806,21.86689790051702,0.5639532813218817
107.09418516460434,95.8306723962308,91.59626512861902,81.2556647967959,113.8420198871393,0.3129055061656189,0.4805175068356986,0.2289638141521285,0.3541079452959711,0.1000202508109714,103.43805361794196,0.9322504666158016,0.0350361748539497,0.1385744107179355,5.09143835587828,0.2095060717986048
81.2931546337933,109.99932496333278,95.27954235994324,103.947512420186,89.9071200276065,0.3947694589109077,0.3010175716067045,0.1833539829137839,0.1006042225714468,0.3827775856015015,87.74588685522316,1.5319300282613115,0.0179477337504426,0.3860398857147515,14.448958314756096,0.422598675645159
86.21598664928293,101.3355200333979,107.82470779816576,87.81973179780586,97.45435789730256,0.3650802814202295,0.3661628465918268,0.2749819292481844,0.3557189303079795,0.3285339160424241,95.0175141301845,1.519737364369146,0.023888925201068,0.1549121616497466,11.444019805466626,0.37972987016111304
97.78619881165582,88.63916596317851,102.60197785008523,85.83742747126803,100.3899669327432,0.1955580178445074,0.3075072165873714,0.305837117847558,0.4294491552933495,0.2733956090682944,101.85863239547656,0.7200637561986363,0.0160143227784409,0.2390523280271119,3.7070412748746504,0.17461891890186976
84.53726045463998,99.4216963542055,92.46396219502228,98.0898516832614,97.34997437772697,0.2744341743065108,0.4937617885099266,0.4577855491435733,0.1969143960174967,0.4641172378674668,110.39237789690752,1.8610141934164928,0.0428772245995839,0.5497317952030283,12.527504028822793,0.5972128199291673
116.31732491274371,99.5974239982585,112.73995615507498,89.0260957164686,94.08331178537036,0.1551866625384131,0.4413564234960002,0.1733293506920069,0.2702413395593456,0.4935686525073358,119.10924447154704,1.6135593846080656,0.0411468332509005,0.1821222074659064,6.122393871695584,0.3051612885873617
83.00357522532764,96.82991179285976,106.74799548299724,113.52668136437585,102.6365964719662,0.1388195746208921,0.4359151279872021,0.2978935798110638,0.1443965463100441,0.4809965516420011,99.74486652616147,1.766115621167986,0.046414332293427,0.3337099003228221,16.002216175105907,0.52557554702927
105.60290678372314,87.09068310467792,81.48824152933757,111.66752580709264,86.68152829765145,0.3196925472556904,0.4522564087697341,0.4476427767947003,0.1058538331762791,0.2059362814263343,90.27916463884112,0.8845342513973173,0.0125358218988371,0.0585108659341734,8.295774197020892,0.24163173669671326
83.6467814213101,117.5024928362638,118.54085456236706,104.65029166409978,95.14549090749172,0.234768631845261,0.313945618216602,0.1287464039364323,0.2555867593318759,0.4258552494492387,111.66300872534704,1.7221958711172554,0.0485885392659796,0.5497297973323295,12.009134960491213,0.46631300400394377
113.32958163856208,88.18879837341649,97.17569309718728,94.28069196002409,116.50799962966728,0.1692764460029066,0.3805105898305531,0.2841317637549095,0.1282820475585939,0.1709496262515819,88.86289799389493,0.8012088061020348,0.0486570934632917,0.4311545498392385,16.90085453671181,0.32056038155109456
116.79109661449095,106.03543705294666,84.42960561090767,99.28771158633212,89.81313464896226,0.1564122926935418,0.3478871385275013,0.1349297595531287,0.4292187123109972,0.4226636523747588,100.31362688871074,1.937701837500785,0.0369763917420144,0.6510323458585625,17.728728281364322,0.6585675529532091
115.39662652737928,85.53611196064807,82.1724110344283,108.17716134200312,98.13144299872611,0.1320247988483129,0.4552788790920734,0.4836643302704795,0.117387239272498,0.4801318272547327,113.86845190598252,0.2919074886401736,0.0452699299856003,0.4280603603883112,0.9807297548139757,0.08173313879849292
113.5345955041234,82.98518524677247,112.0430453043137,81.49339011376634,81.12280047655828,0.2117848677558743,0.3659047763212762,0.1699262984947867,0.4269823398418413,0.4367653366241696,96.15194035843076,1.333578207866699,0.0275375149273056,0.7953710069071978,12.425261970297761,0.47744306239652473
98.4526300692412,88.85165158722607,103.74874828026122,81.03267976845882,81.41558169451915,0.4913365620785981,0.4970133848683331,0.1303430831104112,0.3631854405112298,0.2092184708609169,102.279110665339,0.4464191448566278,0.0225361720402229,0.1929055025348528,1.7673859488370276,0.11649814810651034
109.08593984687762,88.40660649969246,106.25668494642936,109.99688646003034,82.3732466289987,0.150231114252458,0.1595181674860392,0.4745748955713621,0.373459695338138,0.1201843803876164,84.7820007629498,1.507783053323689,0.0161747382401933,0.5936851858075236,18.94083565429425,0.5438000300410871
110.79015817856956,90.73684871845144,95.58183832798991,83.46556769181267,113.54519933459412,0.4936920312584371,0.4231248945442859,0.22367172226029,0.2883466774422802,0.3906303916808169,82.23871093891711,0.8864545314295665,0.0112631787965901,0.3458613236475949,19.3556731018301,0.4574888891075196
102.42915145303056,100.18661111388688,118.74219243611024,93.38023039762685,115.63117145906784,0.3704128343357785,0.2852323595256943,0.3049559602796268,0.117283072166573,0.3002532977947794,119.4512988293288,1.77362103849917,0.0116798941089894,0.3007716140911654,7.257426976505455,0.3541141072073061
108.78751524258416,117.14112543408956,116.31208211049838,119.64119220104278,85.26707008148631,0.2360987566896145,0.2140204801899825,0.2078489699072744,0.3595787589425794,0.2717030482885274,87.15582768431774,1.7772293940843789,0.0376626683041638,0.5852234601375073,30.435641871456806,0.6720796343986573
111.8406556836638,112.17977419790012,105.77494112713948,91.15443832952808,118.6059308651326,0.2703209633711698,0.1636747965405915,0.4847454272974468,0.1895704809802205,0.2624436826403138,93.42196147820994,0.8941572786317808,0.0234629866204116,0.7644456302557172,18.082161844845473,0.46579295136755444
88.17688551560838,99.98301513433756,100.85948451276744,86.47317379344156,108.90115289332964,0.1760819056718956,0.3812571409556592,0.2744514985843417,0.2654599756072406,0.4500379541556268,100.18739548696736,1.6674681096826738,0.0121624669822901,0.6044614873289098,12.173175759786762,0.5308184727892569
83.55468656720959,107.72391115386844,113.94461985162548,93.975857003296,108.376832343968,0.4037919399173814,0.3079500211556724,0.2874361616164548,0.4839605591188223,0.4825848658764947,94.97886432789636,1.441989535029075,0.0144880923834461,0.2640981988557158,16.65931406035493,0.5514833312165464
86.27096032591399,113.83796005811514,118.081267942129,86.10774773999108,107.67437895889329,0.381908347163955,0.4040591705945732,0.4596371632615263,0.4857235023482951,0.1329099065083293,83.89356240096674,0.9964921251439968,0.0366113505985639,0.407913320495846,24.586963568250237,0.6133659178421841
100.23324386226103,101.25997327329516,108.25958874402752,99.54961997345748,104.01305568070867,0.4989355329882327,0.3812088859877595,0.3370979416766511,0.2652668501307591,0.234555957474415,87.87656495593212,0.8506637769191542,0.0475472086120856,0.1737119840211282,20.237020667903685,0.40267038920304915
89.23604077645508,95.1402638595452,114.60961400286008,84.39610046593542,103.9030104373456,0.4216840834095909,0.361774022618645,0.1802820675285976,0.3439644148536024,0.1564664406885861,99.73790671613236,0.6180336300711364,0.0263191276927163,0.4961910484936652,6.33734203498717,0.24221613435210515
87.3714824893956,113.86158391693488,103.161758154142,96.12195130681084,89.99298694607272,0.2987499306024515,0.3333830551338593,0.354273628297613,0.158104875889374,0.1382394114603081,97.55206303248356,0.3606147924988909,0.0411063026997799,0.3220696804260057,5.202556036624581,0.16150824172058587
97.47378796758538,118.3044930368697,100.36837158974484,98.77958126799442,109.85095254001236,0.2034832663901431,0.3428119328618454,0.4726731255883691,0.4116494123601414,0.3982842100689709,111.92775375102316,1.1553788950544863,0.0489432724045632,0.1825064694920386,9.13080972110516,0.3586540942167655
95.16188283327628,97.09695799523176,93.47790926286476,86.03679021317565,108.55236856810605,0.2320929378230863,0.1446829519100634,0.4567757624481008,0.3003414020066515,0.1402043384817008,92.4715182901318,1.195070939882143,0.0383319719557713,0.0168741633607057,9.58372150251833,0.2481230318525055
114.92123655534496,116.22370596971062,115.2321175215112,98.0713520975197,91.36264768812784,0.3139874920468717,0.3701640970661025,0.2279600118409354,0.1036995726734543,0.3486427848591048,117.61260480907204,1.0270326523055977,0.0389202573333833,0.7402594471572721,8.170903037652124,0.37078117429370144
105.51694998403292,118.18819647624127,109.0820259267442,99.79394246360629,107.55234298053792,0.116038207371794,0.2731173163484749,0.4299100912507388,0.4995390529369921,0.248121165593667,91.31241428600688,1.9135450644985168,0.0346360317672688,0.0630566660276005,24.61405610511127,0.5366225877077491
110.90151649817588,116.77077045312282,110.52863015888616,97.32762222543622,90.94426073861936,0.1080507706000788,0.2971612407755089,0.2105101589727969,0.457110005435677,0.3846012601310776,93.2519463108522,0.2739577052105427,0.0491070605875372,0.2634475300353616,13.789477957195702,0.21677136215863235
99.99526658918364,93.12711778421888,117.71058370751255,100.31863373799848,98.88225343856033,0.261729307522381,0.4048112923672678,0.236482347569173,0.308705434045516,0.4691141119196681,117.97253316998668,1.7380336799590297,0.021992241374227,0.1523629370305594,6.403664970963579,0.3238772548959102
93.92784872619453,105.576279611664,100.80205114483792,85.16195691593026,114.7683124332198,0.1800629064948118,0.2252232007626824,0.4542373650107838,0.2847513441241647,0.2271555314694315,113.61933510645872,1.651437532307885,0.0413195380384287,0.3953018208932674,8.473481250593077,0.38288703964320553
94.36051328575194,97.30313719832616,88.22668226654316,102.13592830471556,108.08220249714331,0.1149194680735762,0.2675812150347604,0.3002404445475236,0.2625331469284349,0.2109836935082235,92.67871863533206,1.5778166899445332,0.0266031224884851,0.1559558763237818,12.259011568601109,0.31592828092570197
115.24661282503756,82.06430659889051,118.93327638797513,108.15270968081428,91.3719473764607,0.2476520694215464,0.3569779194214879,0.456511887985201,0.3598703290310008,0.3584649743895064,95.81138764404676,1.1686017966661266,0.0162167856836238,0.5889688291228791,17.86152966820928,0.5930609156135621
88.17899020055864,91.84351674618392,115.0290300666577,91.65560692783802,98.51284538228944,0.4267499447923512,0.1660571110933065,0.2204390517832554,0.1202363931899483,0.2398551187492962,113.69041101276264,0.583121911863931,0.0395748949892588,0.1798555783243143,0.6678512103557886,0.0623767086426279
108.2295221696893,114.87959454895542,106.34284649384416,110.12436786137692,86.93307185183822,0.4995295129066023,0.2317249581462303,0.4439091984103628,0.1343110855721729,0.2838849453343998,83.44357736855366,1.7600388953535169,0.043176076588446,0.1483653350624261,29.692190001676128,0.6214191858283321
115.09631310764556,91.02876734472444,85.13512656226062,119.04977161362676,88.06559701816644,0.2405851461526546,0.1806331452925662,0.2490025028227456,0.3605112445655788,0.2961232299556371,91.78705244228402,1.553040645485778,0.0445439647778035,0.173508174234539,16.621766653752335,0.39601812353836957
85.46607880311906,105.04083600407148,92.7545259798438,85.33396820721973,104.04484468863504,0.4377336124833847,0.461978642739335,0.2927571324677779,0.4926905256604479,0.1288083054146336,101.26224391450162,1.7074371251658498,0.0468751397979033,0.2380506500563863,12.830614263337848,0.5239090694132778
110.35940908888942,111.72793496828626,86.2205040404909,102.27468271759768,112.54713482725842,0.2105356885344992,0.2666845081634303,0.3330806041433309,0.3183718965252842,0.3271907055128294,113.15616707569195,0.6626282532279887,0.0397964637292668,0.5134651088107008,5.970436349634581,0.2694670375080785
86.44348045696741,88.307290070827,80.0964558972671,100.98536625581151,87.78726787447803,0.4585002890434525,0.2110260767813224,0.4267414982354515,0.3232002216510637,0.2961961931690765,102.5846669607949,1.2201562379318882,0.031104742205628,0.1677027054207465,4.552875952766912,0.2397717247083483
108.96970302907596,118.48855422470425,88.35021955996281,105.96388047054133,88.47337845834045,0.2197653702501876,0.2216275211040011,0.2553919485779548,0.4054041952398766,0.2906931550369084,99.59115388989528,0.9779286681713548,0.0475478170559802,0.5574802307391398,13.062505071678192,0.39088424047821185
80.72027435918815,110.3421677685834,97.3601870660357,117.87147446058611,101.37143528573624,0.1615334741025,0.4039452709371199,0.3653519951663474,0.4796955073604668,0.3117656406478173,118.48470274612656,1.369425011666899,0.0183826270460724,0.3441367075297867,7.433405347090244,0.3755384230501161
86.29931475902735,97.99097767189112,88.11567179224066,115.12117090746298,107.636127235501,0.3617688569831216,0.2917321091044845,0.3723120833111858,0.2744468252800733,0.1551425914943297,84.65641576603699,1.5670634636879472,0.0130923905369765,0.157606862458851,17.50431736058482,0.41564265706024284
93.64955218618816,101.11281291228562,106.77920752852114,111.314308665817,83.20588839482167,0.4946732945196523,0.3881454811183421,0.3434503300919406,0.2925683000742077,0.3845716008754661,111.20263702727888,0.5540018947787275,0.0272650288150346,0.1920356119608328,2.6244280465339536,0.15524034192393057
80.90075367980987,84.57810788679559,95.79985240690252,98.66826440328369,85.45846520855393,0.1507099688540724,0.2304453592566776,0.1498797403051543,0.1504100384392816,0.1085390179508803,85.08139430101308,0.5545669062011649,0.0332887435018168,0.4218670529620428,6.615450520486511,0.14636453905748675
96.4461255159842,97.6649114544732,84.36359854709947,116.66639840782936,103.9658371035083,0.4023573660566202,0.1909234498500717,0.4328030876278749,0.4617738056654928,0.167426423860757,109.31309758815728,0.3263120328928531,0.0371995753986332,0.3029031070881804,2.2204094512956134,0.12179985086738476
95.54142121825129,100.27628733888828,92.56789945875228,114.17324126578372,103.00060166274017,0.3835456169343764,0.2841222913960244,0.4675844629624204,0.293766877520661,0.2515495545771108,101.72358474250886,0.5250738170794821,0.0426168787391638,0.4109786725282641,7.635342653568385,0.26758882205063583
99.79583257574174,116.4354161238239,113.51918792936272,112.51207565703398,89.02436816927377,0.217826047612064,0.461448576091263,0.1904717213634112,0.4310859166437947,0.177674979031175,90.58584843082308,0.6703031518519205,0.0110702657982626,0.650063671320503,19.00977802701918,0.45551998747061956
86.12492445873427,107.6038607885099,98.74569025365584,107.34850851827376,110.42508928444464,0.3573587417013966,0.2804262558896785,0.1418434700066717,0.1503732017268209,0.2126036599662678,101.73348348967023,0.3769075134240492,0.0420818536404296,0.0366651016817485,3.7955264347619067,0.10935481637252252
91.81254029379004,91.38601732491234,99.63326265032734,90.9419725410599,106.69181104064798,0.4066606739816281,0.3915760009062607,0.1820481005629469,0.2904808778267599,0.1387947850707981,115.17664348211837,0.8724591710839601,0.034005147179263,0.3148885046113596,2.3357891801751904,0.16799553948368148
109.86921783522868,98.88155784212978,108.95199062394572,100.41750276283103,108.51486887868036,0.3863785144732811,0.4173208140069603,0.4574048000148109,0.4542983865560696,0.2351569228584024,98.88734688227105,1.4315410166797382,0.0481179080175098,0.3323542311666962,19.814884995146755,0.6278547397637293
88.99872991182902,109.55372183732167,108.60496093828073,90.6642282819671,102.238839641607,0.2018135333760091,0.4586357498985475,0.1584027899278039,0.1237376286770506,0.2256971912099098,80.26314263451158,1.6378779735522633,0.0239158969188159,0.2007337276352247,23.116687531149253,0.43623017516009577
114.21246671497607,89.98090587889756,109.43919136058705,118.15866868587548,114.6496767903026,0.4041200175658651,0.3776799168621854,0.4948221116107426,0.2438134284431742,0.2103389259427517,82.26422432265002,0.8551784600020255,0.0346791383787439,0.3535033623119439,29.80307798916987,0.5184473099085163
96.06080330721105,104.28830931952554,119.67080537010816,102.73749645502876,84.60110409721466,0.2512830436979706,0.4129025045721817,0.1857199804484552,0.4790991936985811,0.305019733011878,105.30547909785166,0.3966935714340152,0.0406619362513573,0.4533064717918911,5.242192366028479,0.21949570549758574
81.81723019115043,111.61258038976112,96.94513301607384,89.87251562516778,93.90688122643787,0.4132579983097879,0.4309047297935666,0.2915260469351,0.3965485521610348,0.2458777295741843,107.1172624768301,1.5789015707772145,0.0306558168301325,0.4679665662778289,9.114307334592244,0.43714413278120035
110.29491466185809,98.60989342535316,114.73997970103504,109.39702355110796,118.960566017817,0.4243712057092818,0.4295612034469722,0.3264823277753675,0.1872591263492149,0.4880892700721458,96.07099551050902,0.9345714546468544,0.016236302934782,0.5358666568278623,20.899155680768807,0.604655631407191
115.54015067159374,90.18188847144036,106.36236931210212,80.82172138112576,119.64426897718393,0.4787919480700991,0.3479282178317347,0.4935524003124084,0.3011185185564927,0.250193749970413,89.71121548558733,0.6899982913446273,0.0119919908807991,0.0614150956054268,15.360779090445005,0.3344456681560861
90.44024435210386,106.59180374494336,113.9661448479826,86.41858650911885,113.91517371241918,0.2842012063078651,0.118362807274204,0.3196487392765448,0.366492976225279,0.1438079894922596,108.63866352942696,1.0737092070328584,0.0144560264535668,0.3680060407245428,5.24100669198218,0.23329114717677088
80.4898266316329,97.67908552341628,98.88150490124552,94.96362853034944,103.45538985202,0.2022390286784678,0.3884736439403257,0.4174360713435461,0.4943468197377781,0.2012894743563004,92.16644698159796,1.9472624831296752,0.0297961832939111,0.6060900517769184,19.49806328459564,0.7195997980216874
116.59369394810528,93.07956457201156,103.17039548665696,115.09850102973292,110.91981580405512,0.4365757886658324,0.1688411860456666,0.152351358159457,0.3916814324702482,0.2783489485764616,82.96046343350545,0.9021197141339172,0.0355843509402516,0.3640362574210085,28.028275015602183,0.47309692316205376
81.62933059221984,117.71163056510647,81.8658761703445,103.5503389749732,103.0141448126066,0.4175693993388004,0.2130259181337583,0.1852775508398794,0.31951949752922,0.1461241898683723,96.38442158015012,1.929042880176739,0.0328208426326472,0.5251888281873115,14.553134532477372,0.4966853367173212
111.45560922809264,85.93772207395911,87.17481568250815,110.08427730953444,85.98019009646501,0.2114996855965985,0.1664948045833154,0.2280189175089766,0.4061994823406193,0.1482969348831385,101.56554380634203,0.6930460294396377,0.0385166456736952,0.4723590920759444,4.502547884908287,0.19526479864459642
98.77780508262558,109.26592360843728,106.04967715130724,88.4241674445238,92.15841034744342,0.3447475676685483,0.3339064281932905,0.3152522516669145,0.2936990413894246,0.3655442416753065,118.62515189330452,0.4347033300330752,0.0115597857429786,0.3717751354284722,0.9601353697964378,0.08695725881646788
118.75899612964164,97.94682480619537,81.77829905745523,88.7833959786533,93.69740358647353,0.4407242621823024,0.1648146553395363,0.4256525289486371,0.1245902577376207,0.2928497799370824,103.68886851334696,0.5250629052541866,0.0154536288611639,0.0631428361947683,2.1138508878902837,0.11408617320833189
119.97957617178344,92.10766189907676,81.05583395130179,100.51686310221343,83.34421539895908,0.3045862083563438,0.179034332645665,0.135869242142615,0.1299643901847892,0.1148935940173152,88.33280584519603,1.6041180447238044,0.0404456043579435,0.5065799938456506,14.31235929686108,0.33511440310358687
90.96270394782889,119.69532704375756,108.18554075720618,82.02666517131482,97.94746874367183,0.329437209647593,0.1621898442218423,0.4234818997719765,0.4595810884133569,0.2169632640800465,113.28774339957552,1.1908229537855632,0.0412472947391023,0.4276104036192885,7.005474621524774,0.3419439601439562
86.86550050515397,84.91778625608485,103.48261653395208,100.22623558560863,109.71466337262032,0.1657865719914834,0.2638447502480331,0.4526280805138237,0.2599276733364929,0.1433345184054492,91.6592796722016,1.2683639381703558,0.0380917533727093,0.0045476598536023,11.331720234661804,0.2886499330236715
115.6922491292744,89.86727429726648,116.91967946621588,100.7196709021638,90.35339672740469,0.4938672371050023,0.2998701884877086,0.2369485884763646,0.457448315937682,0.4709613975490772,118.37112734299102,1.943489694491329,0.0398172017306083,0.165485355622711,10.412918347412786,0.5182945645928329
113.83143352410436,81.4211967211609,102.38037509891842,108.86486140119868,91.19910748624574,0.2987217866034624,0.2226865575173631,0.2930535278248627,0.1877127804680748,0.2912952391755725,93.0124906669759,1.1334653984081884,0.0485376034600932,0.0491196607955878,12.919378486894626,0.2762939669017
114.53967670252872,89.61138253431939,113.59497130926955,83.14179855329829,86.39710367473725,0.1917724422704418,0.3488811044314044,0.403955672427872,0.487771115310222,0.4370281877217535,116.38071821830542,0.4547865556528855,0.0477687469501212,0.4561874081032044,2.1806182636319247,0.1466011039726938
95.23938335607632,114.16222051192716,85.7834146050713,115.01752959176966,89.18926106451175,0.1344539379226214,0.1846091519766635,0.3126767431514822,0.2030363976755996,0.1057460828333202,115.15815872703664,1.507401660129986,0.0357792736260272,0.0121183608952179,1.5915963461853069,0.10067500635349147
98.10033594378116,94.10937617041353,84.72504906458094,117.7723895807656,97.52713163008856,0.4019163799644082,0.2431088030350283,0.1264400129679447,0.3035345666090545,0.4908834852593562,114.55970990198824,0.6137398871218752,0.0227733831495028,0.6739367608649351,3.412869129075638,0.21215132694040922
107.61325045424778,103.01070706656124,100.0686366740883,104.66310494227396,115.93369224809716,0.3714154505691044,0.1635064452970714,0.3057182343718789,0.4606889819573943,0.1216974667808353,81.57541121436988,1.2676915259042325,0.0105643956350372,0.7579631992025463,28.210747116129262,0.6461929012752204
107.97249502776438,101.29920317820884,105.80743842663904,104.25577122036086,97.32484829945253,0.3551572803059747,0.3885091959123591,0.3816046797258037,0.1600681674188339,0.4629114126861046,113.99479873791162,1.7451628395584913,0.0352643248363553,0.7804631962832569,16.185505899077004,0.7336418683450487
104.99056040521802,97.74279200656656,110.30457511487649,118.75649934089142,118.39461429988916,0.228908533085229,0.120696809356402,0.1332883737930194,0.2830309527198794,0.1159928008316188,108.85200475806867,1.0848918820070466,0.0272521538734827,0.1812675684510314,7.514644275645042,0.21423594690673872
112.82943145699922,104.0703558823794,109.9732795228296,87.12193181030217,99.1607382925569,0.4118210071073054,0.4463294023881272,0.1053492700085219,0.4240054013308975,0.4924825876397591,93.37193105598064,0.7999989265777909,0.0158810980719284,0.3961126843357747,15.313086920917435,0.4605834389418043
90.29219059965456,80.13979924437389,118.66950298688305,114.55394247407364,100.54794473879709,0.1121472644422997,0.3899868978478465,0.4996376315190548,0.4188474345175818,0.302142801214055,99.6039370622291,1.257206527612326,0.0186103099201837,0.7129350198914179,15.996984891937373,0.6362843367985288
90.16609152476028,107.71900840796948,97.3920433819971,112.13398133690798,119.98072440723796,0.4539291888292499,0.3831729699610143,0.2169806601841585,0.1897279128309079,0.3050177570818482,105.59660160708832,0.4721647597436995,0.0474611726363995,0.5498680188265647,7.839469208505341,0.2646551151111002
93.9633042995948,89.7761217391219,90.69529955179031,83.73384982722688,95.7618478600062,0.2491962096086441,0.2317871963232007,0.1711699266907539,0.4381144012686792,0.3820058002579507,117.74147913023428,0.7882370984860778,0.0126489016262404,0.2389968442935614,0.6661393507426557,0.07725862671777763
80.69700210867637,84.57582229605103,90.86782989090682,86.39451103637923,109.286363980029,0.2325285878634974,0.1950668326340747,0.1512551652034543,0.1450051818689411,0.3501912740868359,111.20337950946946,1.1322498770056593,0.0414988310245146,0.6671615071563024,2.792592601043507,0.18640767846517828
84.22419163471601,114.63976420098098,88.84458014843811,84.34362467886271,80.40426577725034,0.1435268712267701,0.4840850495907869,0.2116540406448267,0.1103219442327326,0.442131889537274,97.140029691807,0.6947645363371685,0.046081973245843,0.4591489519047019,5.5601295174602345,0.238755937742596
108.60820017288586,90.26466983754167,100.379944205511,84.46464186688623,119.41183692944998,0.2470349583401201,0.2371863531899838,0.1474482447265533,0.3641688232875634,0.2435173486357734,105.81682825738304,0.3187017126640765,0.0375339009871313,0.5839876245836888,3.058075070424522,0.1327476319061519
85.0153895627982,96.47703706567512,114.06598009337864,89.79547793921627,90.67887141384692,0.4291978118266891,0.3522473214520517,0.4519649410375865,0.3490244631952305,0.4117112918878994,87.43483501775219,1.2739967139882524,0.012453665652624,0.7755275413225986,20.485391741928517,0.7494494631650969
112.33998063562932,90.93358628768053,80.11485244379251,97.116548819598,80.501408387139,0.3786157139618901,0.2850369698562665,0.3754695967842205,0.3654468070233373,0.1026814479704497,96.95769582931597,0.9521828884197436,0.0438341169126884,0.7980074784830176,9.790415488403763,0.3901629755625506
116.39169135317468,105.67252896716884,103.3205706488497,88.06358043449453,107.99784741714544,0.3794551754911407,0.2048638007291383,0.3167291288000123,0.1445329553643419,0.109209000628936,111.65205333209931,0.933567954010952,0.0361315576424364,0.4038574102890364,5.275144493750827,0.23155118976634306
107.09018574713384,82.4185429570146,115.2338612324229,103.17653451719222,111.6986752415444,0.106047883510228,0.1632778049491743,0.1079570026440606,0.1529589683404074,0.3236694421435897,104.26358857983166,1.994422392821456,0.0210813159748755,0.1252900153026701,7.9142015745288585,0.25475238355883
90.51656288515376,84.88191199013816,108.09798292747138,111.75530745020647,95.44134134477166,0.2601091326291984,0.4922992490362613,0.4234777440868809,0.1587103017954522,0.2667157573844222,111.32996590684762,0.4456220558021799,0.0351862153142405,0.4956473620004458,2.6315524345386176,0.1529680037020692
80.94769101265246,112.73016098615456,88.24375625321763,93.56127767589952,105.1292403110852,0.2723883186253283,0.2448467115805143,0.2982359122702145,0.367949818178186,0.3563558862638611,100.39266941888891,0.5198073661608671,0.0154617113987271,0.5150827988038204,5.316304802363299,0.2166882192317422
83.99818876845211,82.87983064553853,81.02815086301096,116.66559440957822,92.45530977074624,0.2428396656534213,0.3820182492594091,0.215794159465373,0.434187137690552,0.4857488173056102,95.2057373717932,1.7834581805977991,0.0383059021185264,0.4577159138120951,14.246570524820212,0.564464797674995
106.42635260468528,119.56940996070968,106.77803174247774,101.0037918342472,100.83679734068954,0.217894661779558,0.4138754211081725,0.4253703215430909,0.2963053498139516,0.1350989246612176,109.70161512351784,0.4779579033445837,0.0461198247263454,0.3376390804311315,6.116290627305825,0.23033728246964827
95.07668593822208,103.9911862382034,118.35165558182815,111.5217613479324,96.9690646813295,0.4144727560397137,0.2629912952930079,0.1832285102007008,0.3506600930243118,0.2747752422723056,83.75019433919842,1.8558399561419552,0.0308672505847349,0.4652481920213062,28.835762104033172,0.6805057285261329
93.29779316130131,115.34126118492486,85.43143302506375,113.98341027857208,90.2030704536933,0.1350289794720728,0.4934698516266828,0.1978647480976581,0.3043860221918582,0.3669153046924095,119.14427336918716,1.4259315072473655,0.0480842380417679,0.427232242620281,7.303844693502777,0.40650730599345275
108.62516943103672,112.2488232309932,99.07986069053892,87.69135904569097,113.79070973849502,0.1460357457594766,0.3957640375443035,0.3593155319356502,0.2975011589227206,0.3113319966674724,117.93495096016136,1.1742850836167602,0.0275237987128171,0.7557541033788696,7.943405266791304,0.39900006371234903
94.7003338021326,92.82721041930076,100.40064729413758,97.40344964415672,107.32208868154896,0.4819180109761309,0.4643591349075856,0.1447933295485149,0.2475008212267602,0.3067085727078474,115.21474424811456,0.7372011926765747,0.0443026812712581,0.6700803461549026,4.668404773597036,0.26375759673495264
85.48791233490661,97.42758616191492,115.66807244900816,81.44250837758902,98.29353332613306,0.4679903383607126,0.4266253317816183,0.2545930811977657,0.4544841622042582,0.2512631182528493,115.37112395398584,0.8790785936248426,0.0409459366350909,0.3149512967801631,3.5944533551963,0.2266770524453618
106.4212786554084,115.50844348167942,103.75144907732704,112.97937084957314,88.90764075837146,0.2084771743217238,0.3439570506230398,0.2423607019259213,0.3489630239690342,0.2638736300180898,100.44224482005704,1.6954204973485028,0.0135371805737312,0.4566932330445343,14.236955487478742,0.4909077866120377
94.11237744911438,117.68529095712172,115.43900452370744,102.3181193075482,99.0195335117938,0.4183076558507528,0.4817243893495653,0.2081236715485716,0.3040040336977126,0.3897729741210355,99.91782881815487,0.3506329594408788,0.0465061031173101,0.4528423189402118,11.212227217243017,0.301883725228164
98.04269565817832,82.35158646268064,115.69508415826267,112.72598033661342,98.25004578911468,0.1634076380828598,0.4183624592309474,0.3331887846581709,0.1598962095648326,0.447291834721635,112.80328685933014,1.5949600622609446,0.0464171061536645,0.4085745466569367,9.896285156471903,0.43314571825261483
91.17759890877892,93.71682425706122,84.92642343491558,108.8715896522289,102.26679426219432,0.2706805038103237,0.1706477383698595,0.1781585457354601,0.41420255990653,0.4742864642339913,91.33026048803222,1.6986861993748807,0.024056634635828,0.0464524380529376,13.888597888354747,0.42308654823774383
89.3641369129958,104.92022288310758,119.169208570199,84.89580541904716,98.33940042501312,0.2512999689016597,0.1315312301228931,0.1403292317815429,0.3617914036775403,0.2483006842358702,113.9965511762394,1.485442090546394,0.0417375552670104,0.5700755969360499,5.856277534541128,0.279971454685819
99.76635283688506,86.6718885529521,101.2632084398926,104.2390903419236,86.29378155273982,0.2704525989383174,0.2348189512593755,0.2862154263958312,0.3574197811520259,0.3164556655619144,88.03520847615135,0.3453831632953094,0.018985497799417,0.585016487423979,10.155183040496787,0.2449482954908674
86.18895596035506,114.25394862535023,92.4554974668018,105.21333548314524,105.07092302700856,0.165696569660591,0.2965154607775216,0.2842452236425366,0.3182948992214564,0.1442680124161535,115.16429084311724,1.5496461106381796,0.0112157234363185,0.3873478531077334,4.690598929477213,0.2597675226863165
113.5668350233054,109.59578524926094,113.62305733753112,105.00859158602664,97.97828642055975,0.1614108492170941,0.3120976712431788,0.2101740170198533,0.3516126754845388,0.2491005530716641,101.64340879142608,1.5155368234357818,0.018317485244668,0.7212583731036336,16.177061012590297,0.5229862019820251
95.742660852523,95.16119066645744,96.73572391636633,85.1723700861508,96.95833484012668,0.1882938990661743,0.3625579153309314,0.2575630678570058,0.1630449882038898,0.423523591708116,113.72844110633616,0.2729142830576129,0.0293595135657488,0.7871377340850558,0.5692685447456474,0.060047198103558734
95.57779628810484,81.38286653272925,91.0052302130536,110.07627898960868,103.117822856385,0.2727034847762458,0.4660281358890574,0.177360371406161,0.4505400938425893,0.4263639882796276,99.72571134275968,1.811495889253811,0.0123107001393476,0.6503302393659496,16.80793833156928,0.7516523160907044
112.2466998702412,101.7075217752306,114.1633506190107,111.84268398406869,83.93138280568988,0.1415663296352923,0.312672526260127,0.3614731440585788,0.298192877890902,0.2561052336743743,104.3372874424604,0.4813426943217587,0.0164002473244561,0.742290450426052,7.595790565297882,0.26458446859683743
119.08025472063969,80.58989787605316,103.87352151718474,111.70046037267048,93.27576559403612,0.4775368509454815,0.3803283438968878,0.4863479510257964,0.4384921243412766,0.4268525592864624,117.07144520696303,1.931368801038584,0.0480175197352633,0.3900021429246489,16.136664641136026,0.7394682079168081
103.94279169188631,94.48490123389792,82.42459900030008,80.33846076357324,83.79448120444754,0.3902529161200039,0.3584316968581067,0.4547448364449448,0.3453639090652253,0.1301153603700766,96.72849009232397,0.3738485169148323,0.0297536364466664,0.7313930300220295,4.011328651090064,0.19179135391312685
83.93638376480187,104.43559109575,101.03460923850054,98.21853200692568,107.6768590240967,0.3330254075973206,0.1411340606347099,0.4797204280489706,0.3586675904405145,0.3222585133653427,88.81145552162586,0.6665865004979152,0.0429240211912585,0.7480214424183145,15.950509372768964,0.4384987132746741
80.67304548049793,90.83933925662924,111.09570925150511,116.39908426068472,97.53346384950326,0.1791284530932351,0.3063068199499121,0.2370124015317369,0.3701544672034563,0.3417639189837429,83.63921353853554,1.457923834809392,0.0182649099697035,0.4988536821620651,20.36124312252512,0.5334467807774224
83.25935920553866,111.94914956913952,115.40681733090936,96.5464108277488,89.73421015681109,0.2997228360028234,0.2010964005777403,0.3102972521604486,0.2846787542980898,0.4405063509849303,103.59916254624862,0.4901723003345566,0.0135408677236311,0.1205769002920083,3.371071898696295,0.1512683708317185
81.75886672891781,103.64331287579424,116.39477962249995,107.11552102081302,92.68994391578936,0.457734936545114,0.4036996616433638,0.2278559826449243,0.1152358041672614,0.4701343836975514,104.44340481360048,0.5736932247165769,0.0412219222404288,0.1218461397844669,4.864556144123834,0.19469371820086362
105.71553297159868,113.28273629792102,99.03320237397833,112.78993959991354,95.67638706665416,0.4968049006634677,0.1508083049290032,0.374246409513281,0.2700586141958881,0.1594081619356318,104.82820437364649,0.2695503763998511,0.0239533531439547,0.3778446728494772,5.253171521583075,0.17431203216881658
93.94022714383082,103.31954503514216,98.58745670777924,119.08447681844332,100.65557694112698,0.4992405243862268,0.4732915417847096,0.4930435505130854,0.157558501748058,0.2967698101291978,81.48664483032421,1.696340132655747,0.0283921774143008,0.5884644060848675,29.64309034697715,0.873638582853279
95.40688115664086,95.79734172514144,101.91759802452466,94.1964815203278,108.91626407859744,0.4583096653285456,0.3700633783116163,0.2738407213166335,0.306677696351831,0.1154406418804225,81.09661947621592,0.3158302762761255,0.0496851610182229,0.4011153668638589,19.55030958347752,0.26430841150629014
95.22651710806564,95.36577546100972,104.67892997507218,82.4338749078404,106.21419672460584,0.3446068707257169,0.4438862066801048,0.1011174506165127,0.1639858710590896,0.3071960488021286,115.81668080211708,1.3570027775231168,0.0226612230369689,0.6398798579153449,5.164977191386079,0.31766074107020575
100.19888868634747,98.12104457146566,108.77011962831806,110.33023128019444,113.85043453649835,0.3243857304083463,0.2373409380665704,0.1111737919978163,0.3974400382199355,0.1971700472980572,107.8200793290146,1.2690378244006002,0.0289258316914662,0.6158307449737088,11.414161107012692,0.4235235384247827
94.9921248326979,93.08150769013524,108.5736840597808,103.27219436561784,105.27206185407266,0.3578309207603205,0.3236586964310589,0.2723352329839701,0.336115801311346,0.3780154975882648,84.53268831946554,1.144670455969138,0.0353924532687104,0.1628864977678559,22.15993356672536,0.4353042544334182
102.2209162842334,110.90772092815418,87.60163553968613,102.22848530965588,86.32407155774519,0.3288977271783848,0.3230101728410729,0.2744310987428346,0.2720138089888461,0.2963863940117655,82.98547174965051,0.9065260184605934,0.0135627512291242,0.1062115788774649,17.078543316853196,0.31734666539410533
96.29007757163969,106.559752936643,99.7228643325668,95.18366146688726,115.39880005662424,0.2808311648624159,0.2756098337228057,0.1841480284841654,0.3899351684222276,0.1531809875638017,86.47428056365726,0.774234487796967,0.0386572841205841,0.5646676245813239,20.712355544454983,0.4032016350862789
110.91302857989912,101.051631400015,118.00212622701952,96.97461157739976,111.52291710352424,0.4634841690673292,0.3499384843088634,0.1195602716493099,0.3635994798993016,0.2446057046023269,112.27675920243628,1.92465816833194,0.0280692408110014,0.2563043605375532,12.260928165984243,0.5043134300716313
86.71744959205671,91.43169908442388,93.5234232533582,84.23283010818093,100.07219260304272,0.4719059377522582,0.4744301945958832,0.4383713527411386,0.3271395607895808,0.4676710765220845,108.9234411097444,1.6243769819468317,0.017000579101349,0.7451175153217882,12.504101307421722,0.6923519857625172
87.69040536505983,105.36743557798634,87.60369438292074,84.94025029357101,118.76346910395698,0.3599232756291435,0.4500516221884442,0.1640212797084569,0.4616721253724815,0.364636277826187,105.5461275596575,1.8647820476653216,0.027221674388018,0.6948061971191359,14.139701163329617,0.6496803966696792
106.32961223244423,117.45803658833954,99.59551167972928,81.33609852253497,102.97484681725776,0.2213095692554892,0.49912541087236,0.3747535869417893,0.4633664232082916,0.1022342083908069,105.63163148427763,1.5343214173290771,0.0284267139040605,0.360990441424914,12.039947453342364,0.5569180304392819
102.33315547342832,80.59902423746377,114.44968177607326,104.798827224657,109.78764677504584,0.3209353638196743,0.3850130494290812,0.1054947556474845,0.4050236900491398,0.3605792772670587,114.35495466326972,1.7007656120790309,0.0356294789963328,0.4644046595656835,9.680282878989125,0.4350982610404405
99.7568442463006,104.73609751633052,90.29879572914096,118.9503107107459,96.0288003019066,0.2099038614370785,0.3755779785390994,0.1523604155987775,0.4296148795075226,0.4464900469034016,93.33834953452514,1.9373069882706484,0.0474853526554613,0.6776831550556568,24.473540334033327,0.7944855968976642
86.49306485350516,82.23661673498509,105.44687732341484,119.33519404705822,115.83177987385127,0.2941907721113989,0.3029768671793286,0.2608217443465406,0.2381335940815199,0.4491593115413791,92.88920083121536,1.0438779740732285,0.0406026235544803,0.6970953569703461,18.101568751193117,0.557169974510385
108.08418269945656,119.62391715971444,108.91313048168426,93.57004493605584,104.04872532240692,0.2219492703150158,0.2611400047417567,0.2199665185778049,0.3626851043170905,0.4256873324446331,97.0170731868778,1.8370684784871256,0.0252980016164141,0.4455794659319058,19.972036096899384,0.5938492369323529
83.19066569942247,88.86729960890163,96.7016094371397,88.0727397425218,118.14004059312684,0.1657343307776565,0.2018970063580927,0.1416430834114976,0.1640735828107568,0.2627526497822861,119.58704048371254,0.3253797847074885,0.048785928611029,0.7775305225957315,0.06528060147189138,0.014702976874197636
119.82390106978598,94.8374368048666,108.36915944308794,96.31082922652962,85.58036817544826,0.4103505158836555,0.3166471739875659,0.1213105111548653,0.3500346998735913,0.418121667555328,102.19595770410008,0.4387762366803613,0.0416332468929318,0.416774926590596,6.498263917925289,0.23908121873375432
93.47707390808436,89.33486794862652,93.12312881629678,88.60086753590866,84.49380476232986,0.2573871206306252,0.1980050405488666,0.405575091278835,0.1095624955843702,0.4262364097662935,101.8760454018752,1.10815508650437,0.0111180722429048,0.0328861289330609,2.061804977178822,0.12504619559824584
88.69713717449652,116.23028127319373,83.40886703106115,92.99026575020936,101.1379957801054,0.4217038326176799,0.4551943722776831,0.1357919762494498,0.1431033927618499,0.4491011295708574,112.38375145603752,1.044453188424004,0.0146634565568037,0.4501561332257595,5.478520999649327,0.3070645228876841
94.18050624713428,100.70428380075548,81.73680240937416,105.94278533457512,102.5391520622424,0.2901051068648795,0.256935402964346,0.3293174260521463,0.123433228062576,0.3574864679584323,87.12257997654376,1.0168728900686337,0.0187204464817913,0.6216055200197578,15.070817798471806,0.4080641614631953
107.23865063418766,102.69031263308948,97.51614329702652,94.0056616917633,89.05740760399105,0.4780332614357592,0.3702879576668207,0.2858140449236734,0.4843523954445955,0.3754065655613654,96.21604032734096,1.1900853906069289,0.0133401433202746,0.7879481224005467,17.160310132049784,0.6989232688380612
100.00270907226452,81.04209809510027,93.12963312397304,107.11489174258118,84.34868158745437,0.1227841742840266,0.3680186127252526,0.123878345101177,0.2228919531159872,0.346273392161087,105.65449624768952,1.1921523874682227,0.0294170887686792,0.0842948621952587,2.096674530181502,0.12781516246225624
82.51564969278114,106.08714421165462,95.910988845694,112.07300146197524,117.49245215885296,0.1862464064747453,0.1152756738377196,0.3471814755119548,0.2143429131532044,0.3131856897356793,119.52067073681371,1.7734882920295982,0.0236287216876866,0.3524297573576348,5.273952606206922,0.27467948544237436
118.28161814930309,97.02371415576717,90.5730889710013,104.34454954969912,105.12771703712946,0.2044582315618484,0.3745715387715249,0.4582805564638816,0.1346259211182567,0.4145274741819035,86.17878386792316,0.8553474221876767,0.0489170185492543,0.4693199014677632,22.074489102651967,0.466274554519219
104.89379744303588,92.87114454875524,82.55006945669211,88.40019355302395,86.17677712088935,0.1624380220481396,0.2317639148717244,0.2429461183299827,0.1825239956073043,0.130093736345215,98.08107120907049,0.803421672463726,0.0289094438900469,0.7051708762373984,3.165007651740536,0.1497740794669209
84.95601383133241,117.05133284286292,80.55390583895871,104.07430956945286,117.89895182960548,0.4073945921051252,0.4174510157093102,0.4987333161512095,0.4738416995981308,0.273856969353929,116.2232720841956,1.478316668766687,0.0184861944070293,0.5727119876160669,11.68191178047616,0.5850019743492089
94.40212509976512,101.0839235668985,107.8313465390064,92.68678778632956,99.10607950828997,0.1533552058167093,0.10428000320781,0.3126070153988601,0.4442265643331392,0.2071614958322081,109.02124273581788,1.3848346409051155,0.0488292337696471,0.1849970136958989,6.07106170523412,0.26190302827411727
112.68411401331008,109.81422661121054,112.33797645971364,119.49360654510625,94.81309899744716,0.1795765471952276,0.2755813487083289,0.4574131203808937,0.2806695327081778,0.3890851623990857,104.55120948779653,1.702232222040831,0.0305552716569627,0.6875113472998939,21.452149147511584,0.7525859054696289
109.88365051743092,104.11138268407932,106.66419068884784,109.5949561933174,109.9892526778526,0.2850104840698773,0.2491835525771777,0.276364821798457,0.4073602130693518,0.4017624223512038,90.28433452065396,0.7912367221532961,0.0129223908534664,0.5313946303658352,20.286021788218815,0.48952679043747643
115.4298059717928,93.9728670094422,106.13925424447643,91.21161726387425,103.782748204679,0.2727032714461601,0.2070469701714662,0.1556508156334981,0.1005478777500926,0.1453030332293159,87.48842936768374,0.2611898784439518,0.0132349848407409,0.7161255332664647,15.090011269078397,0.18212254613257775
110.04700560687712,111.6400434464656,96.8049801195649,100.3488089280544,93.35399404680692,0.1658621060767592,0.3759751163924355,0.4271663507715023,0.3947782664924836,0.3892931068809421,94.96849174126538,1.902111447150356,0.0370117072777351,0.6674991001674109,23.900044707438234,0.8360272326464238
86.76145386158522,90.42069620770128,116.48548019599298,92.35878169637265,118.9903733418244,0.4977282458896476,0.4850390957283962,0.2075388780516946,0.1580402998193427,0.1613192951742753,90.20431625434632,0.3273944390423889,0.0297918355611006,0.1034099859937278,11.569047296831664,0.19688651387200595
89.65912340861527,108.9228434992418,102.95613174287342,107.87480198099196,105.75831786436724,0.4582426682845131,0.1409387391823137,0.2360576675525681,0.312138611368429,0.345380201473275,112.3390359543872,1.4400226508808158,0.0349692325779558,0.7683765096280228,11.843074764192599,0.5408647661106921
108.26994334390356,116.22188193741836,102.53877984249924,82.71395131615981,90.833017377876,0.3382930551259498,0.4145630888559699,0.3286773054171068,0.4404186157325709,0.1338520896288739,108.82813711172768,0.8132059856251114,0.0439864003276886,0.3634371399946892,5.509525986563086,0.26442183239446293
108.32875921635056,99.76298511902694,101.94207930478748,103.86321821521166,95.3051709193828,0.4435861814240576,0.3360012643108014,0.1891730263401402,0.4910972754791466,0.475893709491532,113.4079248353735,0.991182846934098,0.0372553444390482,0.7860420011458658,11.650573935913487,0.5292392274391742
110.95582100351422,108.94139535586194,108.57197648772456,108.6124069613978,115.61432006616992,0.4382903286694846,0.4646384542453885,0.2528566884181226,0.1911219489798358,0.1731615446636927,86.84329242817998,1.7165573604662134,0.0444715943210191,0.1496057108700206,30.785603606651865,0.5833254150851052
103.81571117773098,118.68288797987832,84.76770737562552,105.27835906375458,108.67706183743182,0.4495039874043669,0.4306525395604347,0.492375353333975,0.4393008405816389,0.3529463655705961,92.39877433478848,0.9842641035424198,0.0397075395982059,0.6346544366508012,23.840037926058727,0.7509926184970125
99.08881643817438,91.52833545827744,102.00149810844395,94.58990721162812,116.36496284271266,0.15691270034862,0.1659390153416921,0.2894798107185503,0.4071182124577462,0.1693101560711009,110.74205851898724,0.5026501741808723,0.0369759901197562,0.2439132806023204,1.5614261155053872,0.09186519509750313
94.2716965013302,87.02827970808517,103.05556560661812,95.83970365521478,83.83592579203363,0.466207003171541,0.3735162921947423,0.2249236361785678,0.4543038368642201,0.3394521472723762,86.54193666244532,1.5702613986369325,0.0153879496542261,0.035844242676048,12.646669468283312,0.3769793811232845
102.59369403991631,101.51385644662804,86.92788346532781,103.90552675839372,102.69435895429956,0.3932633928100506,0.2541768825022231,0.257420215725331,0.1050470281925881,0.3151608091020037,85.8242022848887,0.2853701548550694,0.0293131045149975,0.7952323401672392,14.802711367656643,0.264651412250458
110.94450492166364,94.46279719370536,89.95038094654558,118.04879547883102,102.44870091131152,0.4043187223335467,0.4875298054346415,0.456890734683295,0.134796436541102,0.4922080481427234,95.32235522151124,0.7307827297593167,0.0273237077066869,0.242828256349612,14.055762282264665,0.3895565980700079
81.08559835536721,112.82846736446972,87.87032243675763,111.44145270583374,108.20649708623858,0.1597922756003402,0.1164457193568332,0.3995719341872902,0.4623545801316605,0.4799131624100758,87.45747551804672,1.1916288208103136,0.0316278139320747,0.0644154038037713,17.282093478419004,0.417132917734166
118.75254897052628,118.62317206378106,90.9764249862304,110.65798324893674,92.67420343119696,0.4299904431064848,0.1819624862845522,0.1616011657977644,0.1235873910285811,0.3327876319576492,83.15610632156816,1.0160864671506205,0.0256457144065977,0.6883977490038009,25.558003520232937,0.4917544931573381
105.16791755318376,103.90984339818372,82.18174062484658,80.2072699934143,82.31056058379238,0.2948884704652164,0.1437134433745486,0.2859308474686252,0.3269294362137949,0.3891818574041994,92.5109809821997,1.3353995932730165,0.0348174899392224,0.3456162387044935,9.596138708984439,0.32692281570137044
85.11768190126965,90.30609965391096,116.27820892970249,100.74530701386746,111.87566955363155,0.2656790280133683,0.2273409788313758,0.3662716792616519,0.3736894572182181,0.2081714226679274,115.02398060159322,0.9173584622491666,0.0256982349774494,0.4611619420313744,4.564896549589496,0.250852042130915
113.53247008428832,109.39772394362166,95.65540497682288,114.5543757536393,109.68199013283684,0.1079292328948506,0.4782762278970077,0.4021145625836689,0.1804417337853416,0.326266260397546,82.26131714558444,0.933523246518256,0.032304715439834,0.7878749545189349,29.80400872047308,0.6230297095490362
109.7260577362021,116.06297308662278,103.94653889830737,101.14297719848707,115.60650230388302,0.3379790122704278,0.1503954527982717,0.1766628349358233,0.4826826065855152,0.303204344008359,102.64420482892628,0.8601502051822303,0.025795012395314,0.384567258414686,12.995614238866168,0.37145831023852566
98.17846912656788,112.46282784115373,82.1538544177923,80.05159777825288,101.13169958417429,0.1765768877573904,0.4190299016376034,0.2882293210133891,0.3553648333090775,0.2190006134554315,102.5201553565696,1.8027233206325493,0.046070694132919,0.0536788103475505,8.277857582607451,0.3256778270457409
82.94447575265521,119.06172053812254,80.22004696159195,108.72598545994586,89.73538783144883,0.1231616393025122,0.1659776894256177,0.489214761258394,0.3494353743312862,0.4324340794297622,101.23362243168168,0.2802688944147939,0.0249366272279926,0.5529489031859887,3.206165389284084,0.1523539439920869
118.70208021088226,95.26166602511584,81.0913370505546,81.07743061635131,102.13493486898754,0.1086078231695276,0.4061850004617469,0.2939808266167455,0.3661231507484789,0.2432820161363099,100.2203489206017,1.894373442848151,0.0392373003093092,0.5684795948451381,13.372697800559855,0.523472332589102
119.46847916125124,119.19094140182878,93.49091889157064,99.30814596755587,84.01823223191265,0.3483475307275561,0.1142479071151032,0.1182354850146843,0.4195345639620591,0.1497861071201761,80.68945879039718,0.876887931603023,0.0345494067775623,0.1553665890178329,24.759804990198624,0.31956549018866975
100.88707423966926,103.98806396193092,90.04246662445284,104.48457743660695,115.98771006785014,0.1055935738344546,0.4649825958546613,0.2062127050974149,0.3329528653185754,0.4355667882154019,81.89804757385438,0.8885448224580377,0.0254209411176733,0.4363295348633638,24.077327142469397,0.48150252993612186
80.03821333693922,89.15735097231777,88.39678253295753,84.95544812135309,86.64404850948408,0.3983628317701715,0.1186511283243733,0.3243794803435373,0.3167191468381758,0.2400320712841848,100.44828050622628,1.5203124840871798,0.0423052427379012,0.2953767491865028,4.910039390900999,0.24047636283299864
105.0365018146155,84.10777560602571,109.54126436082888,115.48090362233532,117.06350896713477,0.4014251925473406,0.4856022631902078,0.1588746615743656,0.1580896014977448,0.3938944077843477,118.73237090852236,0.929484292770256,0.0471026867763468,0.0399372669905334,3.745165093488179,0.19113536933409453
106.40703257278804,87.89585642534465,83.41186302159632,89.28099815227998,118.4782874314017,0.2817665640665113,0.4180875722318864,0.1564310438588282,0.115943017656884,0.3791736299406564,96.31903122022996,1.3291284386771476,0.0404193732778353,0.2492819408737895,11.852988340264341,0.3792772870834241
118.49380807002848,95.27675535673367,93.03166164390204,100.4004232903626,91.66752365869604,0.4978844211816441,0.1379192841182802,0.4457351557801879,0.2541158963093659,0.1067158181172428,98.8930704997375,1.831353688400747,0.0479435218353775,0.7276260855261132,16.87559821799473,0.639404130820875
119.18649806622253,88.8488556009831,94.76570728731076,97.17483502800712,85.00256092324649,0.3040087171884843,0.2115416828499279,0.377361256608072,0.2151322489740368,0.2926800493732184,119.28252461346422,1.7308465831704465,0.027452267674589,0.2401978762680459,3.6176517455752135,0.22024367886961474
95.3129930708052,114.26922880407894,85.61444005827033,103.3608780330475,96.26548552240068,0.1802261005376757,0.4312407032174241,0.4701725847472432,0.2613343016865855,0.279552013027193,111.16453621742907,1.1518916858160615,0.0465496022659115,0.1784505083935214,6.051631869676107,0.27782646950773254
86.82146904469819,80.49344657796823,90.933732139596,82.47315842792008,95.0707388518694,0.4930734692846128,0.1568461906898653,0.4234478058360155,0.3269114423400965,0.4522937683616752,110.80439388470626,1.5041412238469445,0.0450489188381861,0.7527302787353989,8.75464410495454,0.5276603219049089
112.40839422797384,108.7874104351045,117.89534846807068,97.08061669348275,108.31205594367412,0.2169714179307648,0.2184631864881373,0.2303279792221628,0.1066524329291821,0.1679571596312233,100.18941788159088,0.9367608039344362,0.0404954926132095,0.3058614567111444,13.212763331786922,0.26820009105321135
106.6136688840808,88.68185212633038,92.14330020930636,101.1931813359104,111.86629276023687,0.49783465644793,0.199579429513573,0.1079668391042556,0.2114161256153982,0.2633560671938347,115.91650612793364,1.6080772744539928,0.0434080278061531,0.7524472444886371,10.07280445003644,0.477361571783058
98.4725093785173,89.1096614470211,119.7386276112148,84.62315225414673,118.23555629965313,0.3191149117129535,0.1274264079461705,0.4161715678819064,0.4302005072788231,0.1852642315486805,103.24705221572262,0.5478210143118251,0.0392053455844112,0.7041874932029324,8.693465790577228,0.31421443257021037
112.36185153721956,113.55574077231408,111.79670332365998,88.32683765218488,105.30329509580967,0.4193672752939914,0.2445707629765026,0.2692440711530537,0.4745553017256066,0.4567617563840068,106.26789303617424,0.3298556175122578,0.03049233849153,0.3763716000997373,6.811297119167785,0.23954509192023188
110.26999249803728,109.82743168406606,90.8626148217631,87.24477551054726,93.12491935658196,0.2500442852761956,0.295244122289041,0.214609515213197,0.3061737033394647,0.3727631611339772,111.5022208116882,1.196282182857826,0.0320967660456776,0.3079693295663403,5.032408333049829,0.2403807628854851
99.19377921509567,102.95122988254708,113.47801449276642,110.76136910818464,107.04602102666064,0.1370670789102526,0.4679364504702759,0.3875495872578719,0.1387010732646288,0.447595596791537,96.26339520420258,0.626842698411318,0.026707471106562,0.1101743623838981,13.149500871264056,0.29804545799859317
90.53957171771044,99.15521995739772,93.41743496511845,89.39712718202136,80.40981441533918,0.3974731464971329,0.2252507267330995,0.3085732353191511,0.4440522636758663,0.4872502492361115,118.13081138172733,1.5252704000105346,0.0365717075395626,0.1524931777219606,3.222517249157811,0.22971029612556246
93.57847882282762,90.24465070858486,102.87609307867268,82.49207081134848,90.82078386840804,0.2124309583790529,0.3602232729309298,0.4440987695971042,0.495266739537178,0.1282873954585248,119.52028931396318,0.4273161402167715,0.0229915951113443,0.1859545455530862,0.17114836669121783,0.0333966113060373
81.79077959953662,105.65671618053744,102.727582342745,93.49920092297891,85.89338401742175,0.3014487863283314,0.4494663047357928,0.1012632497198113,0.2748940878421773,0.3336794896478531,103.48551328221347,0.2648664917950223,0.0395863790984398,0.3762831150859672,1.2019697313368642,0.07643304588020114
118.3167933107494,103.37569789554452,107.16453466288272,101.25395013077808,112.2613299058482,0.3105961234226457,0.3931090745336992,0.1262088347815924,0.4141666894343373,0.2132682144533934,88.88221549032889,1.4324808620482534,0.0302046144226197,0.2976907499330311,25.943280997981667,0.5295197829505257
115.85520198192484,95.3084217439052,107.60101248922442,89.19549938185588,106.07420188648156,0.4296917546095823,0.2677951707117035,0.1171674367211985,0.4855659062685525,0.4122197161988187,110.99608069301756,1.1263990163567916,0.024127516612234,0.6403074599300925,10.193698753754848,0.47877356946762
95.96622519906212,80.2712639760522,118.22111473690484,114.73766182154876,91.63346201384114,0.2391264129129397,0.2080109472873452,0.3355854913800217,0.4949178411295645,0.2160667296718991,92.88554413919788,1.9160269619528212,0.015889116728211,0.2373407681080617,16.86673029457251,0.5558961585080204
119.91029256931442,92.68510698226136,98.353767458363,114.05036104697668,92.18385405312164,0.4793084466984612,0.2321548478474356,0.38163910610312,0.2526937431168159,0.1340208896034595,103.0841400635548,0.6830998137612926,0.0202210363599143,0.3396157605069878,8.205013304573205,0.2963082307178958
98.0216113755,106.6234866849302,85.21870219089713,96.8940147476687,92.37639749446508,0.4744757462453156,0.1655711978866383,0.4778765871990394,0.141322730371542,0.2067789779825995,83.46814081833273,0.4656982056260705,0.035608014517269,0.0981659388300321,14.107888177818444,0.23045200336839552
107.07097223459272,85.43877560241486,89.3092591640375,108.45504815009932,86.24897478896459,0.4683693994778222,0.3634163451630292,0.1757933743366782,0.3368373245821126,0.1721564832142216,112.29562820120604,0.2904358181821286,0.0247939722222001,0.2169759793903098,0.47671569647646356,0.05452675306590696
96.8807704895956,108.51522888370476,110.6187353772002,83.79524714686674,114.07982437677911,0.4497768270681367,0.119931442935409,0.3119110791109993,0.125389210331785,0.3780091004270501,118.3634783548271,1.0274328606544283,0.0113267650476728,0.6264161110145736,5.08406701102022,0.2789786854763386
108.95889204519864,93.57178354773257,110.5521140932096,109.13195461362636,104.03564906033544,0.4743188940774669,0.4324265798686614,0.248691130061054,0.1947619621919036,0.1484109969547532,83.76886098534588,0.4264295494428443,0.0231895211884808,0.5656803327536072,22.707759017218528,0.36360548061310694
102.33924693623378,109.3881395559834,119.97039606821818,103.14208997263542,112.34871487048991,0.4494495949530132,0.1324436516189649,0.3515316766311066,0.2469069877986828,0.4983113273483857,109.26396241787457,1.6073760170768088,0.0246543079591784,0.321776293218506,14.420152641911617,0.5624677783529997
109.7709486926233,114.23233608135304,118.18099445536554,87.7233282984326,86.61838545580466,0.303529325407338,0.3195163798813644,0.4671555140059404,0.4878547613003291,0.3334545844378158,114.43355454258986,0.3759751401748012,0.019372035230808,0.4619785624515337,3.5831683390079925,0.19295215966013354
103.45407313659604,97.97180251546018,102.82890771676676,111.92170937942036,117.26857920196986,0.41847282989694,0.3539066996433786,0.2709601855974475,0.1229261429098787,0.3870975494167133,84.38024877662012,1.86132091828808,0.0214526011495045,0.3666669143304401,28.22128514651523,0.6925706456793937
96.69663300794232,108.717305821745,87.87196751365637,101.38207797418094,80.8721911112208,0.3801051089442596,0.1466809226754901,0.1920275499825463,0.3928512747498822,0.1598847910378159,89.87185878253956,1.196494365673608,0.038197097129154,0.7161764389815417,14.207643730642204,0.43181010649928614
100.15002268532388,101.81345836502,109.41781343113324,105.97939160827968,94.33586937223204,0.3763740137730947,0.387190876481951,0.2413375423759704,0.2032727399117708,0.2492157644414452,95.6748499222021,1.4686509106511394,0.0398506581552139,0.3157526011389548,16.93334360224553,0.47503905086484255
80.22923602852485,84.61943494491796,118.9224261406981,116.89332633261223,93.00372652324582,0.2436786485571576,0.342807922281833,0.3975393198875454,0.4447010539401456,0.1119969136008456,113.47041326827144,0.4791049351583556,0.0483559586396771,0.5776915844827446,2.9016378195441894,0.1773292171148141
90.3541175969555,97.4566517476015,107.59760118448293,94.27310690631894,82.69175390924622,0.3906206229477478,0.2256744073156641,0.4354568042841887,0.1302867838964045,0.3204698040692266,99.7372506201219,0.4066343201231341,0.0147235306188159,0.1748233147001791,2.7993775778699703,0.13189035656067005
96.11180369777584,90.42355977925727,92.99720044844848,86.51828983149218,106.3536027778259,0.3194694359016053,0.2306045848700913,0.4881226389413461,0.142769260467475,0.1545588934139689,85.47853210166548,0.8689466089051164,0.0224690001747511,0.3472776942733856,12.757231344541651,0.3224396746744999
101.065237329809,90.83452469181417,102.15449925224964,99.70831388668952,111.83899426264112,0.3577038392753101,0.3057196898574613,0.2057868514208187,0.2217087185829767,0.1628093234835277,90.25484236148355,1.1607604437244965,0.0130817810392334,0.4234651375633802,15.037834487661993,0.3796588644100839
118.23937077360809,85.22682035914625,115.35653915631931,108.19187753139607,107.7021418119162,0.4471056555647493,0.3278075492558762,0.1979338304615326,0.2573683030837371,0.4626740217219532,98.69511363480272,1.257128414826849,0.0345321493560687,0.0837174322403912,16.123407643758725,0.431059772269192
94.97203588569889,93.75632781859684,80.22557939290068,119.28819498549232,104.26023329492196,0.4547364646612252,0.1276426764452831,0.3616400553118811,0.1611884683878895,0.1843533462193028,81.5705698462088,0.8271298020069665,0.0106555317321522,0.4699347806151206,18.220813184828234,0.3603980327141219
96.09314495695702,101.75075287568714,81.6210813638505,86.94603821166676,104.9343969985361,0.4456830368985666,0.4580761269903832,0.1330767663575794,0.4495693317914775,0.3913974211372898,105.2398827587688,0.727159016572592,0.0182142536537372,0.4597319914631596,5.778778073918822,0.2904722108682498
100.5704691873448,111.48299291710532,106.34970761781348,104.05742703917548,112.61062817221251,0.4102841453066796,0.4167261310583242,0.3028933086951982,0.4787630571952807,0.1801438415922381,81.01287585658902,1.9674684490678744,0.033479201788438,0.1270023136103165,31.7268032856825,0.6932492719173531
82.73052422207603,107.63547185725142,108.62362853156064,91.00654198720044,87.82598545949578,0.3019860430070172,0.2274210319553618,0.428972497121003,0.1330802848515109,0.2734713947697071,111.23485377090752,0.7271583599019794,0.0243495458942076,0.7989196095318354,3.870485595697406,0.22615036470645664
88.55409901823997,87.92563453727976,100.95128763614376,85.42505245463315,106.371434456774,0.4093910624981318,0.2249363646230958,0.1961905137081795,0.2050196619179584,0.3854360429626181,109.35403750021906,0.4913685894980162,0.0317750503636293,0.0739946306470626,0.6210734745220606,0.059622085715465054
84.20313035795078,81.07558561241025,92.77160969783483,87.67438894932164,119.54648221640328,0.2147130703355323,0.261073418185192,0.3182672349756711,0.4763040315786767,0.4177390239547716,114.61759967890596,0.8790544126766757,0.0356095003385694,0.7162427908114162,5.36431147850272,0.33039879261322336
92.1198520246887,88.88256344102055,87.87079293996858,94.9541161921396,104.23395581326312,0.1741126656896069,0.4532336930137742,0.4379069732740814,0.3980898078219476,0.3067623899087779,86.30850962012632,0.7817748001667439,0.0435576027143337,0.3932125173287141,14.055020514304017,0.391005939274293
111.27781100185128,94.58304990972272,105.03883920171155,99.2823959311755,113.85981385013594,0.1279259821029245,0.3846020965556663,0.3073368681691306,0.2239099703271824,0.1039752000073095,104.10340843829908,0.9880366017601484,0.0257150088526806,0.178163968934002,7.211650157713601,0.23520445678237667
102.7616710863374,91.595666875164,108.14349028713023,112.80257952091983,98.6176262705586,0.1924195923105395,0.3422760710317569,0.1449226345327825,0.3621674826446849,0.4278688355288047,111.24110334347029,1.3414990386524737,0.0211558765855448,0.0902389854938423,5.396545227957529,0.2514059090085343
119.48788955529275,115.16387516765252,87.87818678661966,111.4702348862495,104.03804977399064,0.2272713362945006,0.1327942157819857,0.1558795161704874,0.243163573013962,0.425373701103371,100.62995122361492,1.3055088831862856,0.0315522053404719,0.559536090408421,15.346084500776113,0.45518118142285013
101.3924519123134,100.55754346318274,114.13644571129716,104.43491155613792,101.50823940214934,0.3537114878851021,0.447155059238474,0.4977708450524498,0.1810264811596637,0.3779285744947174,85.23217308051339,1.4720072994765752,0.0127872523069771,0.6035603322017171,27.768105114049213,0.8033264177600322
81.95439627032196,97.9321147903423,116.32166248182033,108.46946917378476,82.03815912224614,0.2866066800251746,0.2973912243787281,0.2302325614243218,0.2370048859997642,0.370512779359107,83.95702466708511,0.5241988735746435,0.0116765689104681,0.5387525460989944,14.729574194053646,0.31177984442157575
115.3596912860417,113.06668885508216,101.86736846278112,80.89621860729126,102.49718472135204,0.3483211668784066,0.2274014282509732,0.1474323675276343,0.331296514923281,0.3957585379859542,104.23589631765024,0.3304026369894618,0.0280894894003959,0.3358966977575946,4.4125874908615,0.15695521585072186
82.18356199705704,92.81515838549922,105.15638475610956,116.51652335528698,94.31182549037916,0.3234487160858039,0.1014602693826565,0.212926204989521,0.4114317358540047,0.3970192821106953,99.90430433095646,1.6339171495247935,0.018723150001329,0.1380589592270611,9.296467595069116,0.3450832806718454
114.40095131533812,116.73444041602065,80.84175521829258,89.57711351010126,108.39449196909996,0.1041641010165971,0.2881184931040713,0.274927269060136,0.3609125505163768,0.1499920160259991,117.182405469286,0.630017119313335,0.0102886630085347,0.6316303223408772,1.943849595310972,0.12833812903985356
110.27372172318194,95.69667400868217,106.2701845109142,104.4863446944814,109.5909984640424,0.348566093152908,0.4787672080644203,0.2486998138461,0.2349425670639032,0.1113094057487512,113.35363084093083,0.8024137568069246,0.0371748184202553,0.6969843768507347,7.964785854181453,0.3513267392220132
108.74633710980488,83.43483191961445,86.33000723760244,85.30908589037264,117.29920279371277,0.1229580235821726,0.4726289787718875,0.4902007386154757,0.1022566801746347,0.4602718745372659,108.9499676661526,1.047439500215992,0.0426462214698171,0.3134967247251038,6.419122981560418,0.3177226892345718
116.54170593411956,111.8964907838788,84.66874242703837,102.97085879678345,87.48922504359406,0.1695840122723283,0.3245434874625719,0.3712563694114997,0.2436234842242316,0.3115952367082868,119.2958704218937,1.5035361446019506,0.0159151428182378,0.6729740467401903,5.961477395098676,0.3510752494668676
94.7353575023521,90.68365106549652,113.15723925949864,85.77805598077093,105.84716674440304,0.3510168752621221,0.1775705197539175,0.4977026486342729,0.1815527342341944,0.1041353858746474,107.78442734092798,0.5362727526155052,0.0325560909680559,0.5084801881344753,3.127789598098861,0.1687255063911754
119.35578655104668,107.48218333014536,83.16933956027839,116.313980078501,105.72318710758384,0.4777138368418993,0.2716510803456572,0.2594478875705914,0.2102685273865293,0.110332770716467,83.69450934796427,1.8292039637224888,0.0493593981128511,0.4215826541342448,31.440873354955528,0.6447660043315135
98.25243918420814,106.38769914164476,115.16177321890548,99.08508911660996,101.25285931248916,0.2058272773520604,0.2573201370263928,0.3081316995466889,0.2830576880487929,0.4516144830816091,83.10251910029572,0.8126728348351886,0.0207502273359496,0.4884842366802212,23.2332670678327,0.4491067413686736
98.09789596871816,82.90365705294661,111.48280507709434,85.05646974567355,95.7828004115324,0.4645319447720596,0.226861968726286,0.4838218375501838,0.4459736688481418,0.4710539266138999,112.63476773639752,1.9696597124683684,0.0392325892848016,0.0862007363858263,8.493810430338943,0.4275184247956794
95.47291382430916,91.20163168346951,96.10028503577674,104.72036441529714,92.45549248830848,0.3825323529551189,0.1793087373302166,0.1780911170631098,0.4634606252335773,0.3028181839737773,94.42814334412284,0.7494719852300935,0.0164841031045381,0.1003192151058482,7.3227795034103575,0.2415268108854867
86.90047750793106,114.77470042029066,118.8333059942854,98.34335295505282,93.08078849378344,0.4561869228614951,0.3882191516757268,0.185004921734027,0.2539039280251814,0.4871300860090033,116.9713514624938,1.5198927775652658,0.0472837192633291,0.5813630931484892,11.755216314348742,0.5490662406333885
81.89928311112918,81.47406162440213,95.71527982581608,117.20968073203863,109.22834173606256,0.1078331045774017,0.3858335452370975,0.4915118788300824,0.1416587783694511,0.2087971419787514,84.729897402059,0.909170946003796,0.010017343407429,0.7759576716030381,16.60544296291632,0.4389517676159287
93.970776754831,118.72185700728244,97.15031613022924,91.07170975898585,97.05412978897428,0.3188052482724764,0.4375059710986797,0.3026047479350913,0.1238384187978286,0.1508737293324614,87.95148047740966,1.714028537779359,0.0217892072091763,0.4062433131200703,18.97833530866087,0.5560157678271933
88.46172907935332,115.42555080803184,94.4469324167076,106.31875857977286,95.56188795308654,0.2503773475330257,0.2290162695042196,0.1878714524716845,0.4360514944743162,0.1107526734994942,110.9266999724008,1.0592115367412973,0.0490573007369335,0.043200563772732,3.28682905516129,0.166240991233546
116.0692567185585,105.6952300686252,99.53007561125196,85.28571876725354,116.07666651408816,0.4317376991108311,0.4686720694583053,0.3520444098204257,0.3501401594351057,0.1596070851941927,113.89897766912158,1.7734308004068835,0.0368276095200651,0.0544586845699806,8.74823989641747,0.37918412641409743
101.87267473087084,91.4021189184567,115.11707567266816,82.17761709577631,92.56307669318286,0.3273270952843328,0.250069757575225,0.1916199046080783,0.3333318223422126,0.1004761868249385,114.68785377143324,1.5693925940501412,0.0184738239759336,0.3738917586933515,3.2005340865031697,0.20138764436679252
101.4731360480859,93.59257344173172,99.06937021515432,90.57265009323936,85.20332363731589,0.2105651166168634,0.3624168097153751,0.2820162442029367,0.1582562162017795,0.1005272446999831,83.96557061005888,1.2755500426612014,0.0416546232726576,0.5261316288010568,16.773673177138406,0.3968578922370455
81.47416554467407,86.30586259648568,118.11786056099248,103.01612533346956,99.55840501111804,0.2081757256279863,0.319623722382051,0.3138182260454502,0.1524287597487679,0.3454788572066748,95.27209209953875,0.6874823769011686,0.0459234231824133,0.1239013251507451,7.984892554545943,0.2150399943367394
95.37295357222834,108.3368058393354,85.65037903624373,91.04519470610654,106.23608478655012,0.49956975129003,0.3339467625044413,0.3110552702837018,0.3490532494371665,0.4518683561042932,105.85545412412732,0.7047685083565929,0.0294908468294922,0.026427914790496,3.816294904267075,0.1843503829489685
99.16257458340912,110.80370155836354,115.88439375826611,112.93490365482624,87.36830857042928,0.478399737878254,0.1164134063010635,0.1819975211660615,0.1463056256023857,0.4089415142810559,116.75182466726253,1.984988660183936,0.0162409461283058,0.5835754264705464,9.423219042357038,0.45732448737190706
83.65880942107914,86.77762402180194,111.34122766400922,116.55324357970842,117.01795470815428,0.1182251435807783,0.4610539787964522,0.1082221459612523,0.3410187251796495,0.2102304775921068,89.56060124167062,1.8694289946915197,0.0203437208893124,0.1169052120958857,18.663246077398853,0.44380991526352814
91.92863157481784,113.61365512054232,101.44942140088386,112.91167393392828,101.93459369520004,0.2882254099764244,0.276754365601953,0.3995573082895932,0.2986568404239673,0.2684883320506204,104.01371533921534,0.4922321820748635,0.0477245646918296,0.3505439872071205,7.770369422081285,0.24268169115649577
85.83572879116473,83.1687820429239,118.28876596837358,97.03210225726316,94.0208257958927,0.3921108410337417,0.4703227677219422,0.4175689606094267,0.3946868126010215,0.2950888324542606,85.74077181794027,0.6071129031385537,0.0164441118818266,0.5873089248705433,15.3548381437922,0.4444389994291848
94.25212339073242,95.15737645901888,117.79987311577352,82.50818349612703,84.76245149529197,0.4600863193125325,0.2945253829686753,0.4721143141262146,0.421168904968644,0.1601040942440518,109.89114845688464,0.4369251759217977,0.0224762734780772,0.100235986027278,1.216689947808699,0.09454610791000276
111.58606061927397,101.97637965360556,85.14147031843808,81.37840547113345,88.96937393116909,0.1187968690909408,0.3963422747464262,0.3743356646401353,0.3408355518327902,0.4904957120069385,85.10097826678218,0.6023411474077981,0.0158215069848451,0.3542025318877259,12.315040069226193,0.32330754257653055
90.43242950841083,80.56852118298568,88.64362153348773,109.532757478096,114.21734758548016,0.3181612191087844,0.2391599468405452,0.3259863403290317,0.1113647010021825,0.33170569382812,119.99929953768957,0.7579157618831779,0.0142242364468213,0.089164102084499,0.31464712588512617,0.043565674156938634
115.92943319078871,95.59656130574174,92.77654903614231,119.9944339283155,110.77361803686355,0.4609720820164092,0.1017320274072561,0.4381215248712466,0.4207715576396452,0.1424412519184341,83.6906759874976,1.715847130606618,0.0308810023436023,0.2780064700098652,29.73221456800907,0.69702652736193
101.49408323630216,90.19085730757588,92.85221811540418,100.6145739531755,101.68331679163003,0.4387321972486869,0.4054181062933638,0.2964185830239382,0.1980855753599092,0.2152401663391409,107.413486241522,0.4165689392375115,0.0258683716517781,0.7299466363616581,3.667420812533439,0.1953819496389566
80.54714577094711,118.37600341085896,103.02424989406254,103.56632977636534,88.45884535015277,0.3449099701887961,0.1985215997501986,0.2301422702695873,0.4723353724601229,0.3917314466025011,111.0815533665953,1.7937109905045927,0.0118467374729719,0.5489065760958071,9.99357633856453,0.5222366008596202
110.59948715204992,109.49058080367372,83.80631893619056,103.7997748903968,106.3277498131952,0.3944296198867923,0.4823745688486717,0.1023176079212505,0.1977943373490604,0.3631895851841581,90.31959133826572,1.9508777299971627,0.0158077950682582,0.0184745140062655,18.97178174285467,0.5228280816347524
113.42272698295508,88.24364715670842,115.10539187225623,98.45924286830382,83.86094477222579,0.2753086135748566,0.1451219792529483,0.4124934744286646,0.1188290136319707,0.3175404448757952,90.1931467726496,0.7430451197229939,0.0115063351834984,0.1075814473090341,11.814954232020213,0.2602525209679446
84.22484886043503,87.91217814692678,91.31002823941232,99.856232178392,109.9500479097824,0.3249857326170068,0.3543845278442615,0.2262505210887252,0.1094403764927249,0.4555933144322729,103.8458820640008,1.0484092300486765,0.010983597985521,0.2350564546942449,4.578728941962983,0.23178277262019834
87.46903608077729,119.70607177998149,86.4608772708125,103.9751187088859,117.1576174348536,0.4716819179313823,0.2927954907616262,0.1082561413926113,0.3323484640893795,0.2263719406651685,105.21898339519896,1.1763246538420593,0.0171388037522851,0.7164393587378517,11.350031003015717,0.4398100140279728
113.30029691507308,105.9155680665264,108.61971987163594,85.36822506821457,80.38652215040993,0.1729942307334787,0.1675810625524821,0.171702176133267,0.2323364002317247,0.2122480862770696,108.82103904663192,0.6099563325003435,0.0397459716940283,0.5976690713758291,1.94871938135744,0.10119933405564134
97.3659513744149,83.58075705353212,94.31010247651298,88.9497117427895,116.6538688952297,0.4345699329812759,0.2981258829560097,0.2710589969860193,0.1583334228457873,0.4503563172484656,103.21175950727704,1.5302586631393098,0.0105907987283643,0.4939943647108,10.38139280147059,0.5211590309628333
115.2022399603223,112.75771394124034,108.5577719365595,86.16287716416107,81.93469704796607,0.1219288823175156,0.1958125435497921,0.3485889102941271,0.3809249712041475,0.4204626299276588,86.97867095881729,1.2649978992806936,0.0221790969944063,0.1220758387250716,17.674850593346545,0.36761715878281237
106.1555143141877,105.69032548700396,94.77697139017924,98.90746665742388,99.56597552951958,0.2641165205880429,0.2386960346565671,0.2154206471851709,0.3272378684310906,0.2394542460581449,116.96573898617098,0.4463103712665869,0.0325915228415132,0.7430997497273726,1.9425861872869234,0.12354089210092849
89.59712530986026,92.56666447630344,96.73558218654006,104.1271611964636,118.23276824069568,0.2312376962703732,0.1067563413741586,0.4793263950166431,0.124237697728216,0.2083486073243758,86.66446302853785,1.8179690471042804,0.0397481427374377,0.6465033174704935,22.156046765382495,0.5593051483513186
101.5393843807616,109.24655638172806,112.28004409582212,84.54032485234214,106.12498670215764,0.4685678509362785,0.3941392781049382,0.331255921674976,0.3643255652781492,0.1388240211251182,102.60954073487532,0.7788372111562997,0.0371156759583621,0.1915405512647201,8.578610611935314,0.2912649588230323
99.28442881017698,102.89723768991568,81.53667743076178,116.2486294618954,118.111365983018,0.4234589374620888,0.2000427047130412,0.4824855911515482,0.1925498415176075,0.3501457664927302,116.80011378645128,0.523432804349911,0.0495369776720247,0.323460711812574,2.9704629768995066,0.17438807762763261
80.13927694738447,88.51166368166044,87.207766948358,111.25218069119406,103.9232023644728,0.3181297968048678,0.1572412375874675,0.2451708671267248,0.4125171018955731,0.1850352295996432,116.518783658053,1.968245202870706,0.0210250904968631,0.3427070388538593,4.267241788490063,0.274170915877462
87.09334653186927,112.5588382127544,94.13899487222994,98.43427505172409,95.49226421282582,0.4851429259367812,0.2181934554590427,0.3506886637920343,0.347546815835946,0.2883112968660661,86.71625899242595,0.4300907447704702,0.0100055491201037,0.4700050988471784,13.149471756439588,0.3015933367648394
100.85520825764918,99.20569875314902,90.98336010649771,96.9822414997536,116.333485994172,0.3621441856663037,0.3974307775307085,0.3476011885363553,0.3239978477335916,0.3426509632291055,89.54410782923827,0.3544691981171482,0.0115287710351495,0.2998483131400443,13.076023023024316,0.28419505129006306
100.1157654591698,116.65545641689502,102.00508191271858,110.75269173056635,91.74365238638852,0.260782368160784,0.12834926685262,0.1638793516731128,0.3426816172158778,0.4708695569669768,104.07402308238068,0.6657177619527703,0.013900748416801,0.1680212171458902,5.739823837494698,0.2036860311907213
111.61653960177632,90.57286451939942,80.78199886571892,86.42915772710772,80.86611500128147,0.1102962194284729,0.3176140788248783,0.2008245732036759,0.3246959621938052,0.3998629430934807,93.48657332312588,0.8087136054444863,0.0490095075433601,0.5335916156723999,6.550292145823656,0.24416408167070605
117.88250567565714,119.99908081670776,110.48921054478085,84.3251265500635,115.95781841330596,0.3941812528678371,0.3899543191272535,0.4115693863757748,0.129044274728383,0.3038311335671809,109.23532957913132,1.0091546657637278,0.0328019317720699,0.5420440323756218,14.50395508884898,0.517632387786986
109.75104733064418,93.28978061608352,100.09111647235729,106.47037365047876,80.96201902693085,0.2047113941488593,0.4685082244009652,0.4131516888077885,0.1430179389433559,0.197298451612072,100.89617283736273,1.4490478815953944,0.0419747413569171,0.3539084292636683,10.295850900688114,0.3859102696783751
100.0616364839958,109.2958173301994,87.5290148758533,97.75162293917332,101.30120516739731,0.2820881021992578,0.4851634487225702,0.1438692736484207,0.3271889474168519,0.2365150052698234,90.64360223776757,0.8899984224023315,0.0494031606400328,0.3893219833416838,15.253425716239573,0.4021208579830505
109.42261487836927,118.5781484317243,113.93102192017166,104.86073680919802,103.34562699339236,0.358536136693023,0.3594826908090818,0.1962365946736074,0.4143237601224264,0.1365049885339231,96.44151670449372,1.2288338187302146,0.0437707153955631,0.0405361415196063,19.049663057954728,0.3888875765729518
104.12746772290684,101.80714570639095,82.37451521035695,107.9318557835282,108.65347200518411,0.4272555484349332,0.1847867434317976,0.3358317193966611,0.238923890761108,0.3439119306487579,107.64444284312955,0.2601699948525517,0.0263046350546166,0.3648790712686973,1.985047590005479,0.10330415458648717
100.4992144906811,114.81550421610171,106.89747211026712,94.50658631428068,80.78777414394537,0.2069671393097509,0.3275854687802043,0.1032793040854256,0.2497817830468808,0.4305557516248757,111.4056543676294,0.9235744432413368,0.0450352574208488,0.6403186027027098,4.833920550368788,0.2503474113305212
82.36646585990721,94.07193046567146,98.48421300794732,86.674844780337,87.57313225690528,0.2852026346022031,0.2997044395959863,0.3486307351655971,0.273683839533593,0.4468306910895254,94.78243960578268,1.9036951819910923,0.0273500366602566,0.4731859898477348,13.55374842472322,0.5466296222773217
89.20845435117346,111.22053358305092,110.85151363807086,95.31755941655116,86.89457526337583,0.2613298679392755,0.4770209736973002,0.4507752093297034,0.2684351130635941,0.2463203498394549,84.19941533458264,1.6059817349137795,0.0145587217789357,0.7365592231695056,24.22211085531014,0.7910101834485226
84.43633540253877,83.48517248188693,95.65117003597489,81.82169733284478,93.3454014850534,0.3706512075600673,0.402122699469625,0.1743446309298352,0.1964180812745929,0.1585010066593971,94.13108028943788,1.5464009959539358,0.0319252540390269,0.5732106919639169,8.34764290893353,0.37022970205072325
118.4613297016455,100.30018462440154,112.90578627340756,85.17063783581597,90.7231512963882,0.4042767512753275,0.385760745991634,0.1756215257273504,0.3147499144617372,0.4056957436813599,105.21882878354016,0.7829029588680356,0.0466298936315147,0.6221096390084941,9.919165896759786,0.3923153055571623
117.86185778176036,95.34207587736094,105.9362451379329,119.04507116650358,102.0315102532294,0.4788114650973492,0.1714090616524125,0.2217319119558757,0.2393359134556295,0.3499909436532837,110.39328643385608,1.1043083030551286,0.0413815319851762,0.3667325390457929,11.091200293083462,0.40397155385112726
92.21383796914944,101.2779382380825,82.18548797323437,84.49479496370765,80.28684420209079,0.1545675400835948,0.1773716277005571,0.4121747349567944,0.3168214663424282,0.1641544926113833,115.18636954543936,1.727916129004016,0.0260770867339096,0.1387595160702235,1.2654263565436281,0.11549143478671428
115.36840166260018,106.85121715598382,91.93319060530992,88.84645676829219,107.3230640463112,0.2553730992032901,0.1537976781326931,0.2450760004947367,0.2600797180846542,0.1448441646501585,118.47767529034158,1.7902724220791335,0.044194651366826,0.7297480691185838,7.255716129784567,0.3353539971612366
116.7812825914113,91.96556364208442,92.86236437547127,114.16962900775091,115.73503263535008,0.1239333704744168,0.4526407561030122,0.4550592358560875,0.1010315500850599,0.3564816385696546,101.17456697977052,1.4934503012594766,0.0285672997917594,0.5273571879987169,15.745638144324106,0.5579621752177295
116.56146267319114,91.7261683202678,84.81250270385395,97.59990287994168,91.83059460564724,0.1374716030155919,0.4240566582125271,0.4518249568615006,0.3466460621480903,0.3452621828811768,115.20829772603513,1.048947504371201,0.0373829890767187,0.7275796899953323,6.998185864121609,0.3926546662877473
115.35466667247344,81.46539767214179,105.35521878545087,116.24725462992456,119.06681467224264,0.2485926036214897,0.1997875877451446,0.2997083316612985,0.1534868893906216,0.3688899579443655,90.4831207050253,0.3780388291786286,0.023325406750471,0.4940179640535249,18.238532932490806,0.2851357912521786
106.00522397192172,117.9969182808952,83.0263785050027,94.3711338398496,80.34858789306935,0.2880347581518874,0.1710406024123723,0.3353257011157131,0.4181311346342916,0.3355197846668524,102.3860685770146,0.4588682899662636,0.0177885602704498,0.3635847524280718,3.2548754422736446,0.1470891305922455
119.24735088763272,116.10905915066796,81.12210224992805,80.72530601839064,94.67877976425464,0.3118645646626177,0.439086991252324,0.1043021540003319,0.3466990511338518,0.263876873277827,101.575397034579,0.2505126131935974,0.022538816151467,0.1077913051648306,2.48299070992693,0.10262717710240922
90.34151867163608,113.8772910897001,86.4193761308745,111.6259785080343,102.17838799962652,0.1774264594630677,0.4918311400344398,0.2615255316588757,0.234105124976889,0.1676033758962586,110.74776564709992,0.8785995966301343,0.0450065452587727,0.3181638301120972,4.932306413609799,0.22839156859943263
95.09567085619952,85.82879046933515,119.90765223838685,104.71944483686148,97.57528930271975,0.4991063804981936,0.4424205424118707,0.1279889674699804,0.3263015504508733,0.1589604843501863,110.92491398009004,0.2909219361242948,0.049590839391452,0.4780427919480164,2.172879036315886,0.12351308748534454
94.84510226210926,116.2291292252342,112.84767232763043,112.44743153472896,104.64793891849573,0.3863125660051788,0.2936333717041748,0.1441555856797103,0.3228155565057159,0.4642702604411249,91.41371833291836,1.0112881337718809,0.0205566732178556,0.7446114149002896,22.937123613893096,0.6140806382261013
115.51826330783209,91.97113488488282,108.14824540653156,96.17790969567572,103.99995234238769,0.236477872933261,0.1203222459047916,0.4780828445058577,0.1567196752037802,0.2900208003524934,115.434457362791,1.295697840630523,0.0166145365145167,0.6634460683186404,6.931317541790752,0.3560594315953275
119.92612002450772,119.38099122701274,100.50476065869792,102.95453808659298,115.89287076549203,0.3178708511393137,0.1948349852725027,0.1709672128152556,0.1452555522459439,0.1279821129415893,115.6597193332747,1.292790245661975,0.0128433091609842,0.410513334707184,6.670919566450832,0.25886005899330605
119.4254285005542,111.14431210504318,82.60737831834523,92.90558937375457,115.86249359681231,0.3032506190721379,0.4368083107337266,0.1507035085466405,0.3802476113781994,0.26504830816944,117.92966103025032,1.22177065685166,0.0401527822495544,0.3583927259183103,6.784844846365237,0.3164727526833133
110.73410023401922,109.68932284097708,106.71692921872564,96.61055398529534,96.12965281378808,0.1140896955882344,0.3143889240018885,0.2008033064532705,0.3421016372162009,0.2397292043355484,98.3057730995668,0.6457990064392125,0.0311200102184791,0.0266187022787919,8.350434317626119,0.18561855212651376
112.35729950363203,91.75121167060284,107.39327490803892,109.04834093695824,113.78223957446116,0.3665809273051836,0.4674013451724116,0.1978178248325836,0.475936187595079,0.1817235441001327,119.49657296586386,1.1585805779557172,0.0322440080374915,0.2809507282350315,6.808778457036039,0.3334205185403274
92.79542362828064,109.67557067352809,84.25959590314747,85.52246915807619,96.69344160693606,0.1282779528893452,0.1770803949552319,0.4259666798062194,0.3710224981058168,0.4883336613045724,111.39645323057192,1.9647128782298315,0.0118082554577189,0.7850542155391835,10.834502308586554,0.6046477424921246
82.20903105420989,117.90793285861352,116.0758324203744,81.95734782103372,113.53246887569117,0.3839309241699723,0.2650525060146536,0.4569723896531504,0.483251407283384,0.4166619683840423,106.12749528853917,1.0280811272950536,0.0132422796596605,0.5928202872845086,13.348202843458658,0.5555923631913157
100.35496696360102,108.078515534942,115.4772467719275,103.07897948310794,84.65308401138518,0.3226558343340404,0.4303063125222252,0.1716178829337126,0.4601400091717545,0.4998235929946144,97.2903188121672,1.7803604511037965,0.0465849195857425,0.4197992435281673,21.155837907739567,0.7344670798055833
80.10314441946345,99.87686129005786,117.9692852849744,102.90487486452784,94.91756552352916,0.3660560665821382,0.1783556158320034,0.1577746648781287,0.4837657622401389,0.4485411285473302,113.69724883233002,0.9174595220334004,0.0330692329785548,0.6898396610284996,6.1882984840973485,0.33309062260258715
81.23688068323654,116.599176691128,93.08626643432169,108.19109605260384,107.7694880844586,0.3994715406259068,0.4796477014461645,0.3013615011473565,0.4550985612009458,0.1651281255953516,110.5655021989946,1.3403277661757356,0.0187682672493561,0.0184446660875869,6.001157378212963,0.2826059317221888
90.15532645474993,82.55110025842902,95.40001514687374,92.685240553488,108.01025595489304,0.1731238872429449,0.304937218264156,0.2330038643378097,0.2730077072058631,0.4192787945202133,103.42233060961942,1.0932180865141423,0.0182984518611242,0.7660993768122417,7.304199635168461,0.3523971672691422
112.79129982639355,88.89781669566699,101.12924279105768,81.62433389552646,88.57023291733847,0.1213629883769036,0.3883375337120919,0.1352917073813462,0.4390004201121681,0.18075992261427,119.88583548026956,1.4550893336329207,0.0196361274458512,0.559734984215448,3.1071998182838723,0.23938261052563478
110.47046421288331,111.73593281956288,111.05617853807212,85.69551699953081,102.04138909873669,0.3939755681391982,0.3367517595950756,0.254248842829139,0.2070145001675661,0.1229837265065636,89.97845462376253,1.8204112193156,0.0125503156380954,0.0106513178152054,17.40994309099643,0.389294410212557
96.90833657773533,119.6594518718036,106.16279476233343,117.40808365582916,85.8140122003375,0.2413520827652028,0.1802115026404704,0.1543650015807929,0.3953992490356537,0.1850059964052802,105.67016365146452,1.021576311111511,0.0119905300650628,0.5644254469592561,8.261958288629836,0.30658322973079966
98.03493092400916,110.86430400423474,94.7143091212161,105.30033984614587,100.46808689494642,0.1892632190864673,0.2361925807016174,0.2850612638487076,0.30548509771588,0.3658185075361653,92.84508662206696,1.5754490519543665,0.038799413985045,0.0665022794952975,16.237209414277896,0.3631615417023706
119.6771763687197,86.95490160261966,117.41394781320513,96.06283815213187,98.71971865509178,0.3354088191351709,0.2926735518906567,0.2575760858549881,0.2063144847716937,0.3839770454732157,98.313729613661,1.7944443872703706,0.0205502725779281,0.511677815483817,17.131151170811293,0.5810817178850419
101.14407534759916,90.6146619773432,118.54629770443172,116.45948820939158,118.91620400845451,0.227000528157499,0.4398325574103582,0.3344649823551947,0.3535777114112722,0.3035160923510933,93.5578597657544,1.6317029558673253,0.0253785998107462,0.2407085117350293,22.93349234752818,0.5921697477419554
119.87678288838092,106.79200380723888,98.0674198322298,114.0293560598522,80.95219511345354,0.4714224258608191,0.2686382274470978,0.270787381367525,0.457205798308732,0.3419627683840686,93.3822082101431,0.2929729980326369,0.0314945170074799,0.1696737918530979,12.85243540736281,0.25058584647123394
113.37616178854014,99.89144096844026,106.92880108333672,94.9618424537003,94.74492615467264,0.2796594862896562,0.2048604458066923,0.1980177780207671,0.4205737255020944,0.211786431049488,95.073044338943,0.2503318936569275,0.0228025637771952,0.5024651816299488,8.773573470272739,0.1942789340503036
81.2686861124355,96.95157721716052,96.3341678167732,88.99164407472286,89.89293094159069,0.1022950761213462,0.1077842557193294,0.4913610446386258,0.3239351746491777,0.2956098527437582,82.26718305879997,1.7951794341344212,0.0291514565299268,0.3472326187460037,16.061425636558887,0.4747794035056521
103.36558321770048,92.71085770158012,113.2100763606916,84.45540427428266,103.10579786300174,0.4671504276433321,0.2406749595961171,0.4179990238620932,0.3887239251120555,0.2908385929287352,81.59444333391826,1.5262984716156132,0.0446004261678078,0.0516184146645597,24.758792467226158,0.4990910507034101
86.40178908556409,101.12962507682636,102.10183547801276,105.69190746102916,97.09699789091574,0.4098527589834764,0.4863113550370549,0.1802429503148283,0.1070037658004086,0.4285817625057198,108.9968904869722,1.926731056298217,0.0197639792581942,0.6578742998937527,12.80868248344342,0.638689795766197
100.37898740517018,87.23810464325173,98.52061398945318,94.92121556377164,106.64524418617638,0.2614348291379255,0.3177609974060033,0.1889849282930128,0.4367155047411508,0.3884824996290845,92.43634211854231,0.7618441895611964,0.0416503869248951,0.2128981893832831,10.946261912583168,0.299655758123841
97.39286893985944,111.1736660392088,97.03968394294768,89.43084691895835,90.9475487583434,0.4813466512779193,0.2901007486398737,0.4906260051043311,0.3043421571895595,0.348568836345109,80.84858443293894,1.6289444422514685,0.0205579461893065,0.4945682105286375,26.011635790145206,0.7732560784354814
81.81140900366546,101.5967524240364,113.23523535601288,110.7644682727028,97.51157865353886,0.3696509759286762,0.2959085822880699,0.3251120763875698,0.189322825880596,0.2449452232531633,83.25924626306949,1.6526636349558643,0.0174779043135045,0.4874885221196877,23.560102733285852,0.5691476883615125
87.8448142057805,114.53937773189811,82.27124136180274,95.96890900809976,114.26460569535804,0.3807972980368993,0.1155955840071737,0.38016524798691,0.2215102578169953,0.2087343345496888,87.83396964944157,1.750321357058454,0.0129063499760307,0.0449289253567641,14.214948387683263,0.33931837547659804
95.72706749616786,84.7150188302784,90.63798001383184,104.00117766971792,86.08143630778284,0.3773953857410443,0.1859780650883025,0.4846733743557256,0.4962716134852286,0.2832401631405835,81.92849025000213,1.461048848977616,0.0373680608496426,0.7978532401891297,22.27973756594171,0.7577396724772977
106.19741307369424,97.52647724796984,93.37558003282088,89.63701922092656,112.93319943426836,0.2605673343369172,0.1316149825594931,0.4112874735176725,0.1650895986184952,0.4732191441904324,117.84588817598976,0.4920389867302254,0.0264653523121662,0.3581284343090571,1.4688295769915412,0.12015633971608311
95.86695789853606,109.53917062424912,97.61420770549536,83.67468747547117,97.6202390066904,0.4962370955820842,0.1489639120326846,0.373202352837083,0.2863967966270909,0.3164583416842079,102.73443520637296,1.4416497941674555,0.0408170765567759,0.1642853112194864,8.365774224429181,0.3385652256670069
100.30751118943056,98.31368773973507,112.6496684699309,116.43405396172118,111.47114700844136,0.1718298718619128,0.3894083597779655,0.166645088386048,0.454119991097495,0.2815898457372643,95.76097479127738,1.3078464659660485,0.0153068452413226,0.3493981507386966,18.384064492348877,0.497536062444886
103.3112760884384,101.65799842219565,105.78464120494635,91.513211857575,112.4738738459474,0.3539472397470179,0.4687164428193316,0.3951758019210147,0.3163391533799877,0.2610710591373439,101.30848935410754,0.8339261619019576,0.0341340221304059,0.4824495570910961,12.089664566619856,0.43216941054360886
114.27392710414644,90.68868652727322,116.11272832560311,113.9493089596667,96.9794706993004,0.2848540487974816,0.2366692238442157,0.478473530100962,0.2011431376590595,0.2637385130387889,84.51280403436462,0.615073610534439,0.0105194817890021,0.0024318244669201,22.61449709785662,0.27124044767408606
116.36000808370984,84.81755975246033,81.11946236835601,93.91467302376218,102.6174279530938,0.4112895698604303,0.2457366690504256,0.4546443585752477,0.1972290560588195,0.1125379366837615,108.07382320043534,1.798924902548681,0.0193531993871635,0.2401068465078244,6.041733225188708,0.3144042359555008
94.05770458131464,117.68270934685438,90.1884091622058,91.24853574370717,105.3931045017942,0.3515004449007475,0.3033013830940522,0.4732232319563291,0.2692529303583847,0.1542361031832775,118.78361976930472,0.498406366180332,0.0343858881198577,0.4290642007659802,1.533869636896593,0.11019761410919876
80.15455529366832,109.10228209418398,95.09877932372628,119.10991470573184,107.65670372118994,0.2318982148985399,0.2572847239841692,0.3332527255303219,0.2098001964356703,0.320125328069522,85.22628542316605,0.9888463192144252,0.0122415470728208,0.5555815840194137,20.01075253488525,0.4282144642451181
82.08859820329373,83.70511234967894,83.52672427696635,118.10489039567776,107.3620616487035,0.4632183462263854,0.2694921399194294,0.3606277975750525,0.1915594348503184,0.4205308180184089,86.1040049036315,1.3398974147350118,0.0250891499384882,0.2506447684095629,15.198379327597408,0.4296541455177158
97.10424029155745,88.01930759520124,114.94558985743213,88.06223710685362,108.2671686590327,0.2078682521440236,0.3319211174022227,0.220098987893074,0.1269609400247388,0.2278650962244123,105.14653539341748,1.9506437549771487,0.0324665128010668,0.3231277224954278,8.535358936409768,0.3229330951856081
110.53297446181384,91.78624355421633,100.19658948682569,88.91957129273575,95.15718629821993,0.1848122642845397,0.4570695073610517,0.2064648458552573,0.4897692727075687,0.2969383246899461,86.07719709411286,1.4242086167195227,0.0391034625585043,0.1769827433647441,18.33513266771975,0.45625154990505984
118.60537593120034,107.7255213861772,113.8645682476206,101.62398285866963,89.56158968605425,0.1884259866270596,0.2565376532662782,0.1733724469990349,0.4334733015381815,0.1479877077225901,85.04211152999063,0.7835368481126664,0.0382262421987364,0.2344322607748029,24.061965732428337,0.31660766987858185
108.51519426668774,100.02271843162264,87.07395472428234,96.49719558472842,105.39360876065224,0.4494111005981653,0.1183668193808352,0.2198431726117332,0.1559546880971107,0.3741062183682949,106.8193527028056,0.3561583850821512,0.0159272239964208,0.549885941845588,2.604231621338469,0.1354889339331416
109.41327426728952,89.72883183561407,115.03989357397325,95.18204428298712,90.84546871570994,0.3049286923972164,0.4757358291391483,0.2464723044322596,0.1162996374001974,0.4046636252780534,104.746298695382,0.8059804649817695,0.013006814128006,0.2698094865137477,5.443099882764892,0.2425626324334105
87.80480221814899,112.16685337611897,94.1665829986425,99.3359611155174,88.91279294255503,0.3318002598702869,0.4309741220977655,0.2704554288294433,0.3952724645425802,0.1684262824597872,88.70948043226583,0.7623764787988785,0.025054335991992,0.2236956939008129,12.838255196383203,0.32716192901875946
107.44364284675726,111.2413363020969,93.57700995813366,117.80317541485609,81.22442438240944,0.4998106219327364,0.1694587899476435,0.4319202510635463,0.1849752675850904,0.4130031938376671,112.92715795307706,1.683389093174049,0.0196322416204072,0.238847940100173,7.922558844600813,0.3838592810157023
85.31772413096161,103.55148126241964,108.0562744819352,90.02731958036236,102.16284387565396,0.4445009668109893,0.4506563624839071,0.2902873787652705,0.2715251892466504,0.4335164520522946,84.21003381282382,0.9090229704073786,0.0222276557926754,0.4901144336144569,19.462746539040577,0.5259333590383545
92.73544988171253,102.1635698248636,106.3731071105701,118.91232214276228,98.22787440084736,0.3317956891803256,0.3485107325954113,0.1944268484834486,0.2784628056810426,0.2477795552267148,93.30299597010152,0.4222845825467014,0.0236993859545413,0.4486534347878703,12.703702780398478,0.2722952373339663
105.92864161085522,103.12156991679728,92.70219575550291,90.1225652679088,119.51482886978894,0.3661286236352137,0.1785933120076784,0.2623007706889154,0.4394928235992631,0.3185782708354129,109.55470575214513,1.7724605597117082,0.0258871122920304,0.3255211131559331,10.462755699118075,0.4430667511610499
88.27409446806061,111.61101068296946,85.86349564083044,112.17405077445002,87.42913771958192,0.4584175909299247,0.1930109775826722,0.2759613346393078,0.300166489278042,0.2602269629224745,104.55604840849652,0.2815949668704369,0.0307440166559362,0.5058530352450196,2.249568910122313,0.12068119478640378
118.68626576064668,107.4395062629807,83.60472974703316,107.72708477836044,104.14483051126209,0.3737974249390121,0.1594879246373881,0.3077601560687431,0.1555089401904037,0.3516789955150219,104.00283812614128,0.2552664421746022,0.0103721493491029,0.5142354303933664,4.946389758511615,0.16454431340130904
93.50184986775834,90.42943991026858,108.75043126992608,109.65445491799464,93.08823395810144,0.4320992533097868,0.1079988186774256,0.2827744886815738,0.2970814367241181,0.3881016842612549,107.45096515788572,1.08081817609283,0.0219200945779593,0.0104876509813226,3.5965558860159,0.18429032328402997
115.04908443358016,90.75308875553964,82.79457703899244,103.99471379310314,84.28282291326465,0.1298879727900143,0.2624083125080384,0.4141924924690223,0.3128578246043497,0.3999384752453045,105.85850899354996,0.3711355074842174,0.0205746855947829,0.271247610413279,1.354945568957428,0.0888295032968861
91.0665625706594,100.28745572193752,91.4543848942919,88.59985369680177,108.12741659622615,0.2456039121086632,0.4680350727543421,0.1309381032878059,0.136465762321119,0.3113943619636186,114.97082959161136,0.5599283180412014,0.0194489213023271,0.1954311027983139,0.5999121095513795,0.06219670907763955
101.87997365609182,113.59044993001122,103.2495837862191,99.33788847095111,90.45025406443152,0.288329539614261,0.3553870109859606,0.1916224538956872,0.1904113163907502,0.3996438271078815,102.7506939027998,1.9742480187132567,0.0415447679151732,0.663297268270937,16.34644704711959,0.6341937123181214
111.6826350036519,87.87484034257469,89.68913643892641,113.6635438701228,109.64770102916845,0.2167060802818692,0.3909166940640008,0.3562827940318319,0.1333308613316694,0.3844518558944296,96.05137929446305,1.7276387552374393,0.0200519198660923,0.2203488743215369,14.886000438081439,0.4524489759797976
104.51493955918082,81.55682123146293,85.09030473138905,99.9982984075044,109.85355693931564,0.4518061498423702,0.4266585029390489,0.10354474635591,0.3158855624554495,0.4653348847093687,110.64357308783391,1.5870659328805214,0.0160385856422263,0.2538368735074857,7.854763032389445,0.4136519216542613
98.56403456767292,80.69172097659133,87.37079994667286,103.55066798480873,107.76868238751965,0.3394902696796665,0.2161304282612406,0.1778178567999189,0.3739790117419848,0.4085015738851492,90.36958777979626,1.4238878430951023,0.0440730402454804,0.4302299583251798,16.237651252016693,0.505869626272216
81.33713250847617,81.73327013842001,90.45240461825452,83.3400678154626,101.6778492877346,0.4650339059669601,0.4622866334132421,0.2357120664462864,0.3415507726023136,0.1406076743435975,110.383681430074,0.3336770357840223,0.0253176598572994,0.4379194391565812,0.27838058805134414,0.039762388000625454
84.94807927826722,105.9287733960569,111.08901277230348,118.82066655008428,117.93627846550856,0.137785020065519,0.1285874267202186,0.4708576984351649,0.1609729704909974,0.2929304793954514,91.19935915746152,1.7128402456973677,0.0173613598867394,0.6487788068214763,22.85325839637535,0.6078526983679997
90.93460600941113,81.17638410492691,93.17648864447072,108.33920474850612,82.39204837090158,0.2732289459177629,0.2299084438506617,0.3150922609405745,0.1011163561894354,0.252059735327839,99.21523033803987,1.0745795765318549,0.0400483142263743,0.3103426243029119,4.066312354249689,0.1824245698683718
94.38850630685717,91.92138190187627,88.77382543275907,108.2452301892126,106.36388020097496,0.2917376241878616,0.4213217544821203,0.3803853717206581,0.4399047216071829,0.2505192941060484,109.56773272962444,0.4220599543162774,0.0362869731388794,0.2249313937009003,2.1277439245806513,0.1272900822641265
101.41976376137372,116.4309855872639,84.1255541092109,85.98756897912523,95.33798716877652,0.1563622111189554,0.2604225855732212,0.4852238535700029,0.1857310376229074,0.1699021451896253,105.10636991286162,0.7763142695125322,0.0478119906807457,0.4865946576796565,4.662187878531309,0.20801703956322265
106.23528207451602,103.36317168981648,82.96170749871727,118.3369921498587,92.20259265845566,0.4777349104636302,0.4799692339240852,0.1596947417719662,0.4077811446204796,0.2718970016743082,83.42756181183991,1.128444209622954,0.0451118231827633,0.5826248328375139,24.97642612978906,0.6681152808548482
94.35890455132376,104.94519196173694,117.8066206983894,106.50752956413088,118.19093318190816,0.2968862864019687,0.2994752585832585,0.4873486244473375,0.1738644457000354,0.4092254941011273,97.86238707543929,0.2739655454870626,0.0377726144778318,0.7940780060518983,14.36187022423221,0.3389659883404403
87.50364475281916,104.7523971589174,113.1551556750514,100.36097873019388,94.48694703317362,0.1022696433438433,0.3514440427635222,0.3610711906796239,0.4014824837802752,0.4703849451224502,112.47422239872964,0.691734077839922,0.016439645020951,0.4946390557304285,4.590816087419313,0.2425157767921068
119.39034120127508,85.63949361586641,96.43718110114628,114.9349501024264,116.01922986023683,0.4015340422622556,0.3928575943358036,0.20151500652839,0.4971358836685918,0.2873635243695703,119.87059889484868,0.8378663502893402,0.0293272495375245,0.3925868596662978,6.302377348376427,0.3230993772493246
119.21528406239096,115.39390369057526,82.0382810154965,117.19065998509951,97.1266876562714,0.2669800409116892,0.3007510293108374,0.2576225823014734,0.3374550284903818,0.2398498359140105,98.67191926935736,1.0616348441855448,0.0147515476084125,0.1064544089195009,12.235558974486336,0.31265943565578647
106.06476749826328,95.77103476668476,112.54672306454196,103.03677105291064,113.82178570216016,0.1959779395778383,0.4711979607182958,0.4711313919883247,0.2984981651122754,0.4848589375777213,83.43702890220422,0.2534678097542162,0.0319759312248933,0.7895384678519263,23.996672422580357,0.40207256357183735
87.75085886083069,87.39932379019609,97.61507206339148,80.19006179849922,107.71411819585032,0.266286863937743,0.2549515473866474,0.4667624542856697,0.3531668012092696,0.4050069479987529,94.6474284157975,1.2395245853172516,0.0466713422778569,0.5479934521175632,12.94406918880621,0.4937163986004854
91.84214911232044,102.291973848578,82.80014241843388,86.82577437530776,104.9143668008773,0.2650975326256085,0.262800665790406,0.1333214819512402,0.4866975538455093,0.1911835867368424,99.59691990584182,0.5958589940203513,0.0101529178822846,0.1320139489435898,2.469674392592968,0.12893826896326288
92.22650508444173,88.58887770342535,89.15386003231072,88.59277458901983,104.91403797722192,0.2977068254535724,0.1458441087384282,0.3587814453417465,0.2563501800991068,0.407064749636971,82.9371411318947,1.295188428810008,0.0450405918505862,0.367741832470026,16.63954175640717,0.41807263783567244
86.70764857877829,94.50825436719562,107.51547462373809,100.54684229390602,103.89123483101936,0.311351461795186,0.1517917260739751,0.1042962034379784,0.1849794729201218,0.3897385979281823,114.5703593302758,0.6685130374573862,0.0315727229703547,0.4482418684718274,1.6189607645830204,0.11298897086553206
90.03627917854993,117.30859492660822,96.55516993265344,91.47855746449338,116.17304736233888,0.4314056510403454,0.2365340142638458,0.3143700284931418,0.1960053161834224,0.4521772963679843,101.551644196285,0.9547572727664508,0.0160499807956605,0.1735018456177967,9.256405366650213,0.3303916001737597
106.21158461057549,104.55783452553804,115.46938608664672,82.34161145085538,113.50718048030322,0.4860828583636728,0.401176009490776,0.1355546882367324,0.2748474322475676,0.4962022726999907,96.64462389765468,1.3413528486809894,0.0442346296671414,0.5859851463919158,20.486310513307384,0.6644790816819418
107.11457457220403,94.39971179120518,90.25405370095422,84.19223599526231,117.6429668098676,0.1917539317253059,0.3681886680701915,0.4754253925710626,0.4092813553053549,0.3435440622657115,95.88738018443988,1.399002061271435,0.0314758539050044,0.5202700450318373,15.65965612153038,0.5789289631086587
85.67648413318145,90.37754142923538,107.6442871827788,108.40609751543973,86.43074818410376,0.302682063558225,0.4715257449348132,0.2578933468430782,0.4605075999538213,0.2724211716030283,81.13234147378161,0.3035424629577066,0.02792662808464,0.1869978835295384,15.929132047402781,0.24284615448110333
112.56524643062512,100.4114907670545,113.93826712460437,83.49141559390178,81.71319996374758,0.4026180095035312,0.4662855597069907,0.3202571634512878,0.2239519393337032,0.1203946878634697,100.75502485601184,1.186380459138639,0.0299887267676295,0.7918050965483574,13.351406142177915,0.5327731473285231
105.479615259774,86.00095188439268,100.997961829332,80.56435037138034,111.197170421928,0.4237039854019101,0.3488039682773668,0.2052182591301983,0.4509646612646358,0.4681211055103206,99.02304326604688,1.679122921320174,0.0158948630279466,0.758934816777633,18.94765949954158,0.803896127503387
115.98120680714008,113.55531047857151,118.33411252601672,116.12383018635158,97.7607207316146,0.4548664318051504,0.3406071593424734,0.4906326428677173,0.4499222524807073,0.1417041619782637,93.83541028163268,0.6112403297202689,0.0145095270023506,0.2124168877058509,21.057272889529308,0.4369841510763748
95.93392833774588,115.84734671886171,117.07755181428908,118.91343793272148,110.73268939371133,0.4924423903837377,0.3195225490679403,0.4680143614231887,0.4041365739330728,0.3590266701421675,106.34709167623348,1.180980116054673,0.0364622585085514,0.3534497236879413,19.171692682971045,0.6537522900118543
88.07955319765522,117.79816544442888,117.8856586726488,106.64525455651886,114.2912106539794,0.2306689526625454,0.1108120094337336,0.2106945009768334,0.3743281291494382,0.445245962748632,96.44128980672195,1.0333256241770146,0.0452164747618095,0.7158303532646921,20.707315621414242,0.5405314349639724
102.4470568465581,117.7650778164689,83.75745586368365,114.55854785939084,82.22014516148558,0.1009386388461918,0.1831895095147289,0.3692270861608347,0.2134540417281625,0.1566811416214462,102.87056015354858,1.737386088836585,0.0377783484444089,0.3250366746084197,9.254705595345722,0.3041210855980346
93.56428208872082,85.41302570461048,99.16540369851649,89.2898463196988,118.08289517335989,0.1327744392894093,0.3551515987298224,0.3379439268113379,0.4434454288598677,0.2259350668981059,115.4016969916148,1.0178353806189857,0.043631407597608,0.7638564135263768,5.409504606653287,0.29631250701242834
102.37285334613638,115.909229452149,91.12233876204604,81.03910239786244,111.02620014735686,0.1546874473342211,0.4196620354760738,0.4952743699409332,0.2441558162472875,0.4461398456959721,94.55546803672256,1.901720893306133,0.043790865607859,0.1603260291002822,19.03122566877746,0.5995279422778035
108.09510639887888,101.81966582696774,112.6137091891685,113.6033749059253,103.51613232072695,0.405018188304345,0.4646341179034993,0.2697489906323718,0.1405206019295297,0.1473424825459715,95.91695358754194,1.3917497543222457,0.011281622951748,0.5792178285040324,19.271364436822818,0.5710331173430587
118.63711167415748,108.78847790469308,107.07501504650514,94.4568717023458,80.0903431440003,0.4052793681832168,0.4453327357993472,0.2828066963748204,0.1238283556948583,0.1266824161439158,114.63615885067378,1.2324206374161455,0.040838195960209,0.4796048536940521,7.9288291063208,0.4053748788226076
89.63770695576711,110.5568202725852,108.39485017748696,93.24088579320376,105.02331898153756,0.3394401400249694,0.467449740085988,0.2598334054823666,0.3602479260796624,0.3168031075827086,94.32375720951394,0.7608591967100597,0.0408837028210199,0.276947949224929,13.833570538589596,0.3820172041427258
87.81149917892549,90.54510877076176,117.89632375609986,96.5272229174238,89.79950377195418,0.4559031377808246,0.4329550446568941,0.1797394240677615,0.3710172394238874,0.4390012743238153,97.57451596274736,1.2939198253458024,0.0239990786402068,0.5742340427895839,13.12505905437162,0.5455646860175306
99.48432987355966,95.48063519149464,109.18116149396424,118.48464425963525,103.66949697830768,0.4720997527250156,0.3359708562100888,0.1703644940642066,0.3232928336337782,0.3663276046633402,112.03248889433046,0.4796812393191008,0.0263939604002654,0.019368407613632,2.387846192750816,0.12275670912841617
103.6458874774766,94.59335434893931,102.5852372790118,92.77315465548553,80.04368297249368,0.208995624608027,0.4892005928502759,0.1917305005232296,0.4645410086924153,0.2700723030098571,103.6746760956572,0.9784271670649444,0.0398196000050266,0.1846958794790376,5.295405671875422,0.24883263611644296
114.6438469151394,97.17776342086822,99.68353940215988,83.34003661703713,113.48442053621568,0.1002216659331615,0.3173156293399914,0.3513143463669387,0.4477453412833191,0.3162252953881054,117.35543395081056,0.7477489051233188,0.0494621896348182,0.2090364228449623,2.471856960382601,0.14676023848734399
86.81348281510361,96.42484635137264,113.61062188255524,98.31131760854078,117.24609341865856,0.1376517528610926,0.4707254237225111,0.3261419163701893,0.2086124767888716,0.4595434465953976,98.82651760688915,1.422983881074515,0.0495130064575988,0.0939763253514058,14.22628626215688,0.42952896399484247
88.37257213682759,108.60931319819085,119.1199409424691,101.98454548881244,107.68735594575972,0.1483653889468137,0.1389931356053446,0.3140036375202327,0.3499536911224838,0.3043836669565892,99.16105633520633,1.5869929676761934,0.0289537144565012,0.0271688835491628,13.178771274268227,0.3265882836970032
95.72906638404034,110.05349358901876,116.35496226094916,108.12222268202116,117.43714845523915,0.4715968188449729,0.205128333890439,0.4960940303504247,0.1077397337783949,0.147413597864061,81.71713482865916,1.875100495874125,0.0415820296181596,0.2823580055838388,35.14158718731521,0.6873838629742834
103.54610607969238,103.08549761803852,92.18509552436622,108.38509964655144,115.27810087024622,0.1742705224109648,0.1318302908218106,0.2752871465716058,0.4461488702848478,0.4283037307520522,87.89212654647267,0.6386763488667924,0.0286424597052268,0.1746197279906589,18.673432233591026,0.3325044625648388
105.85264904515724,89.32156882394332,101.76436458886748,110.2374966780566,117.57453259491012,0.3979027424190469,0.102963760774183,0.4462824107024913,0.258599636782086,0.3926551018095515,101.59997264207163,1.7983137219678884,0.0446383659362147,0.1062935596403695,16.616972368749575,0.4820811097277509
86.26384198082216,85.09988363866242,96.51774120931624,85.02444677850444,119.21715650020474,0.3907674737854915,0.1710084108874144,0.3061579390337304,0.4704723835784297,0.205219452032752,87.48442547884612,1.730415099081125,0.0359891064407438,0.1258485954985157,15.290944560548523,0.4109963950254285
96.97217469130236,101.3444207627162,89.08351125171086,97.96504494147716,119.38775739444878,0.3860111392006139,0.4832204157175482,0.2442524702517569,0.2550534690766609,0.2810250036834294,98.14333582729192,1.7592552561675108,0.047465615636979,0.6610131751686624,20.911722971135116,0.7063593255344142
99.5474860546788,80.35295703217945,89.70110121002523,119.13819321914016,119.5627005364293,0.4236156966677775,0.2757138886944644,0.2944983824029501,0.1889269959081109,0.4953380261408763,91.3326872051026,1.5458327576857356,0.049889606454007,0.0759222972155204,18.725479692804214,0.47535331936949915
88.41972359086823,104.61056351375412,83.07633322021658,103.09766569778516,85.03682805945749,0.4569416615879593,0.340101725211383,0.4842240285839675,0.374799106698952,0.4836422530076651,80.8325332284229,0.718512526260186,0.023207506413715,0.5798841809828196,17.897246289976724,0.5217378178467433
112.74646094570632,117.58299950408976,86.9194723219793,98.50848674379296,84.08171993898537,0.1646143466958519,0.1901829627612323,0.4540729854553577,0.2679497566506482,0.2484630816410272,99.00437710155664,1.7862763062719311,0.0491729525324849,0.0431635361506062,11.986309885866769,0.33052854715683416
93.565600282919,82.60391019042106,90.58186112069708,119.60894668357209,81.78413069285608,0.4017341425536043,0.3521302640677438,0.2376286399068971,0.2591442350210907,0.2633535033200617,105.8507992901514,1.2992098085926105,0.0377005186732282,0.0325056092105265,3.60354040259312,0.18737766929936192
114.35873318474682,83.09810311016419,101.1598772446944,98.08479169709383,117.2621864008258,0.1505325312276177,0.1918215717880713,0.3150121126410015,0.4127308609113999,0.2676193137716883,93.52934785853864,1.5460704817247837,0.0195234480091613,0.3537944269579485,16.806384360585316,0.4545479054263313
87.96199449140359,87.1872806151854,109.94856354271327,109.02877892401416,107.96727081971196,0.2533411198343837,0.3602064614122069,0.1629015455520851,0.2523001297668412,0.1832544944787975,111.06107846116852,0.6092003729878007,0.010124477996793,0.3054824117348445,1.5929501538846702,0.10124249514659726
81.04508464689523,90.39838746899636,113.59580711417198,104.0343248582709,104.08779682928729,0.360658493731166,0.1449456059664309,0.2791291278409771,0.3384728228369634,0.4334701771512961,85.84215723178394,0.5254684371495435,0.0373535396941467,0.4365988149210629,15.879728219768243,0.3378258551800891
91.83666421619247,90.40692354227792,117.86219552073018,109.11021115412848,85.0746447120735,0.389820510570442,0.4771452484055452,0.3719513629011781,0.2396758539600719,0.1926895530057688,83.65166941688408,0.7344903613807685,0.0188951872224132,0.5621144609494401,18.388571575980468,0.4598387419866707
117.50827768575056,103.2948060727222,93.33449467828352,95.88557785598394,109.01618041410472,0.1226329614635361,0.2110350466839866,0.1547394755386803,0.2476899110966727,0.3810312557010422,117.39365976184251,1.1448988593574834,0.0192551448418638,0.2478485728929546,2.4383604513656385,0.155487150817671
95.05090606744336,103.14979196474428,108.4199798659362,87.81499989223857,117.76965944970198,0.3768136096852583,0.2272665717455768,0.3034209482464352,0.1867086279207196,0.3011906874136073,116.86626190828044,0.9790939182095214,0.0320867225940802,0.1555258790931239,2.8103111759895,0.16708558289155634
94.2469108574164,96.77499028307658,107.94057471471282,104.35140357551056,97.60479347756716,0.3040327504920457,0.2205187355673607,0.2037871184962358,0.4918297855926727,0.3148494044395015,96.26176994020956,1.8033140630676907,0.0112370368677414,0.6576934489219706,16.74518004176188,0.6365337062351262
105.98968161203166,116.11313230288178,112.01134466581676,112.97036039819096,90.33633634269252,0.3248306526309264,0.1031176361472247,0.17273631265418,0.2426487847280091,0.4863922970075075,96.7972755219161,0.272782380516966,0.0266547702076081,0.1322455492056019,11.867544817828918,0.1812864409370821
96.7761339719055,102.15276566616237,81.76763276645931,110.79168721509298,92.93853697660356,0.170096693714823,0.221315884530747,0.4960627975139917,0.2924434569343584,0.2273631101880906,114.04142319189326,0.3900846876554096,0.0419749388860294,0.6387621899295272,1.475266429378703,0.10763758845290491
91.30384312164055,90.37168037424586,91.33517061680256,93.52059328631329,104.19298232304637,0.3537435681947281,0.2985209138065775,0.4829796366565831,0.1332780191968181,0.4162191682070645,101.2208447218384,0.8194672555209448,0.0110904095523515,0.4697175005404408,6.325507413479234,0.2876394035596102
103.34261287600252,90.22847014407502,88.2569710629283,113.05432760285429,83.70893350705467,0.211634551385194,0.4226677323960927,0.4390881362331466,0.4396891432093593,0.4466782795553689,84.68455153068793,0.5435314067808148,0.0349576631618603,0.2314959866287146,14.28903238296413,0.3274168242751072
100.5129136480371,100.82243496757104,102.96547227246488,115.42600463628544,104.95655760379071,0.3872510027132363,0.1569616586859441,0.1207610373995107,0.2363060975123431,0.2980279434444309,84.59493770872005,0.9618135783327448,0.016335186331271,0.2514072512108665,22.16739555798379,0.3501406979233913
118.94535064992093,114.8541233339491,88.58961037948846,89.64733240901205,93.79096543660684,0.221048360295821,0.3968827735702384,0.3889773911071699,0.4887698004454978,0.2602292361997638,85.24522953238782,1.5057879258490097,0.0445135749753621,0.2965035690197756,24.479502811547892,0.610495318510695
95.66057660320526,102.11980481230782,89.30050531585356,88.89380724455063,95.2555982947232,0.4142910643239054,0.3964799882961227,0.4954998068969175,0.4094461004837459,0.2134298122808249,111.23060817342224,1.9884812756518453,0.0256274771560428,0.472863782237762,10.984682386861438,0.5703472700352762
106.88092452851008,107.52502452384752,119.0446696016116,88.09661735687256,95.71436607427924,0.1061089596510935,0.4872664617915111,0.3864276175378988,0.4250426511743393,0.4172976617715009,104.07585062373772,0.603630807643095,0.0424848931607,0.783701424627319,11.494373896769478,0.42706437970437083
118.58709991756244,107.60034970662208,103.69114099288076,101.58584205605388,83.02041520545026,0.3943044359972677,0.4005897874336701,0.4717832739095474,0.4656445127713895,0.2516906983359932,91.99064764436288,0.7154556105157821,0.0389528105607543,0.2546184152141576,16.16831004371237,0.42106100047343237
115.7349523526364,105.02020861660432,102.86669631712137,101.58001373287372,95.67656829284446,0.1123846094531391,0.1154726373984266,0.2786553458093875,0.4339918119601629,0.4390444906462087,86.48293681612998,1.5952926367104872,0.0451134050383197,0.7534943293665697,26.571218788467093,0.6687122480958683
90.18658765443573,110.21287941337935,100.38270071046648,81.3575812915688,95.96377999088654,0.2617558324919697,0.2206446501391869,0.3026405777726183,0.433017282747975,0.3545984478708672,84.93854082535995,0.7260869877754703,0.030674395795351,0.164117481839564,13.842151647993527,0.29339634633985445
117.1441455289133,94.95578246163451,96.52932031702296,104.95844492220142,112.0669921526353,0.1559223254638139,0.2448935774634231,0.3221703660766152,0.3153049725148688,0.4322536080354829,109.65550035137248,1.4815624522907551,0.0294445202071268,0.090366493869121,8.575191247594029,0.32242839186308386
106.7384447081885,114.00218924491786,84.55882348162793,116.98370213274596,116.15687729645543,0.4728687055362628,0.1401852376701023,0.1897630361383553,0.2568627642557686,0.2185592325804111,115.43450278436424,1.271105834494166,0.0114972212946251,0.4256910255851391,7.2708136271344435,0.3247497499466797
100.76594346342353,104.98968951148804,88.51252200805607,97.91789751925556,88.1081344367925,0.2633161979833771,0.1162884914460928,0.126405308065126,0.4353445911748298,0.1410327136447548,101.24313546684876,1.7460646729537477,0.031352563508394,0.7811846965669936,10.393078572020615,0.43276482374247716
80.87906715764078,119.2361227250821,90.3658606284082,103.72433235591342,92.01001534151452,0.4296300447978998,0.222604800721214,0.2236893479555423,0.1402988112507228,0.1053053525933994,110.90840388740396,0.3083393560685484,0.0308790546990959,0.3878910358656182,0.40816133039331337,0.044934690012833775
94.8248648084174,95.910462343291,93.40186925299032,105.49599037359744,118.43745081954424,0.2421154433781541,0.4341427625175933,0.4679821858152247,0.1246342224521318,0.1123632255222435,91.3251361996657,1.964557179933512,0.0342557913021072,0.6399320481503248,20.511909666064707,0.6372720621208097
97.14538600024932,118.9330689621706,106.71188949379132,104.28544780084036,89.48415407195692,0.1635202480521334,0.4065159234742783,0.1819531064093899,0.1923241497577864,0.4555770791565158,103.4265517381634,1.9374386717492689,0.0152408655492534,0.3780370656134033,13.717173402699496,0.5508423097276421
82.51682823597523,114.07739081167315,102.95924255777076,96.57655449699529,112.47869288353934,0.4499796155034139,0.3681156877680674,0.1656055121925916,0.2524596758606288,0.1944709624636421,97.5215539138057,0.2891786406881192,0.0315987163877976,0.6800014504332184,8.15326951940259,0.21941104772989656
92.42321530309276,111.34469023857947,93.11855341623188,116.83524745616654,90.7186749782721,0.3687382327372515,0.4119724216722511,0.1568534888070222,0.4591823331628075,0.2851303628735346,83.5077676872117,1.1241414879365614,0.0281612921896025,0.6501926077775977,24.04461422364152,0.6387761428704513
85.50216470298284,107.92386833397649,86.51389012259084,117.97452201155944,106.22220449555464,0.4180023417979793,0.1206550434167849,0.244232474807775,0.10591237907893,0.3873938925742598,99.49467097899031,0.95249568369606,0.0338390396498627,0.5489539998606993,9.712353448372106,0.30972612131910665
89.23442645138104,88.35275737141716,116.95500156481684,104.31431651399564,115.74944026689668,0.131780388092474,0.2353143164105778,0.4126994722555227,0.3995865913731656,0.3561158481491371,113.8714699599583,0.6947855146064358,0.0364220033229182,0.4923284767550591,5.509976098565702,0.2685589242846867
84.409008193833,117.01568782316704,100.80197247976352,106.73687665325404,94.91501886165122,0.3776082555365555,0.3604925300414291,0.3565103836027321,0.2398618560165598,0.1112662816307422,82.0713007130398,1.9611953620463205,0.0244569363532665,0.4145142617203907,26.240132414658987,0.6527836678319305
82.36561288023304,118.31889765367316,119.78393316433927,94.58187395041772,117.7547171900792,0.276730339926312,0.1181838606361379,0.2875469580494567,0.2856315906919027,0.1714886149055277,99.08423907884622,0.5555508169219734,0.0301621225766693,0.7654071240732316,11.37728254745184,0.2941634633192104
86.70905163846257,86.18737798634302,82.92447360036687,95.65077630336604,82.09209000726396,0.4137046521476745,0.3816837367641724,0.3238158162803777,0.4703634320486749,0.2148748452840843,114.9305230424414,0.7112203615273179,0.0258039127720227,0.445903873195888,1.2651066136216451,0.11999426179293929
95.78628758451588,85.53561714598673,109.22111182291827,113.33450597345632,107.51261711185153,0.2048128885859974,0.1733743262209556,0.31777591511268,0.1821428730794322,0.4475582313606473,111.60287717906574,0.2643902038184639,0.0406195973381335,0.2697104493904764,1.2255027905794351,0.08126306788308557
88.01976609744624,110.67392771631825,89.980007881331,110.37954387874107,102.69590299585565,0.2217239081935215,0.2963724040944242,0.311804305972065,0.2230586189741994,0.3953678484278753,99.73799918666596,1.2653904742288136,0.0418569479377757,0.7057736690439782,13.888029091090162,0.4981658189696909
94.6685006516484,83.3396951206423,113.10038039228104,117.58611683192902,106.6367112000255,0.3768291744935026,0.4043244112884978,0.3423681879163976,0.2840729169039511,0.2795668386170065,86.8537855705475,1.7563976181333067,0.0217176558835996,0.528027896503443,25.013105093026237,0.7116724586362848
118.58166266773756,117.36445676171964,87.78433603215015,109.24849394392854,93.9721927775078,0.3866138246473862,0.2508140964222064,0.2749039124448744,0.1654684476888137,0.371852182528552,113.94104785166,1.3383476373935912,0.0203818375296459,0.4465384042501418,8.522195919567656,0.3820978110390682
99.50069442262505,86.27861724595382,118.9911771223061,109.04549532305634,90.67633238523872,0.1307698996939172,0.4962048643521927,0.1574950308678462,0.2531913584473705,0.1951122531593125,86.12538329418487,1.390312645488959,0.0371329242456183,0.5457364603079609,20.435973494833966,0.4793102410381681
94.85886760672132,96.89931707315138,109.9013489657536,117.02789067078338,92.85760531938288,0.2162632503935366,0.2289812997216258,0.3873346556217516,0.1706997092617795,0.205542616871736,91.07282852788408,0.366060646755045,0.0409606482126927,0.2790976925410742,12.856142824564785,0.2068180153094342
98.90000353121678,103.72830291338803,95.73375969601264,100.1672529346274,84.22830516080408,0.1404824361081776,0.2325839994856307,0.4764966973442088,0.2520435930733349,0.410935321618613,84.97100765808938,1.5009126334437628,0.0104346196631273,0.3366823914198751,16.100740682095612,0.48040242029861097
86.70697550880664,96.0440502888058,116.5975604708221,93.97432182978534,89.99171234420055,0.2846815752000377,0.2798398737248126,0.4295883776013659,0.1107277814295097,0.445954599683792,98.36036457711604,0.965757732888562,0.027097439258889,0.156475807967042,8.068351975167724,0.3036313251355729
109.71448883397105,117.96520664306436,98.3649446825419,80.34419822268733,107.52597325902472,0.2940833806400744,0.2404508740736236,0.4627339803835604,0.2359437407094141,0.4910789420344784,105.16791711890605,1.0789968100273968,0.0223092351365371,0.6840166485868768,12.863294265908987,0.5200610139254134
96.6024320646458,106.9458214646486,91.10866063316814,80.0963257526785,93.77984874982415,0.4745425997131819,0.2071692848866968,0.2362410879294726,0.4248670184068206,0.1782440329058905,113.08473243942969,1.273777246462648,0.040660818157024,0.5324736589624989,5.059963298664023,0.3096054806960893
108.19169370451766,95.72453132036756,88.76696558612903,98.56027456536408,110.09394093193542,0.3927806256286089,0.1516604588034093,0.1822422106983864,0.3002023238354671,0.3983526907265692,98.45350433527426,1.9568876367205383,0.0157416289848333,0.6594093883068356,16.24629034720687,0.6652929980508935
84.77732347169224,107.67008134586592,106.69376095215787,94.82951518740283,118.81344765517976,0.3957714574204729,0.343568908898698,0.2088450695583623,0.2661511456573678,0.1984857066336641,118.8288108634076,1.559320697505524,0.0411298601200317,0.2539124551886075,5.933022162082212,0.2851926480285319
115.78821197921404,92.6464592320828,81.24364373575372,92.33219226980307,88.18887770164173,0.2108069700163187,0.2292896082794264,0.3395390844134089,0.1830379554204663,0.117027807673639,103.83427949820872,1.4468724072104848,0.0364562646780583,0.7963498478943218,7.118238331655639,0.32147955376434206
101.89007656190373,116.74977684728618,114.81350040150086,92.23316622659308,97.14390134222548,0.3769818607196651,0.1087225602423281,0.4883139271436274,0.2401142040986682,0.102632548927673,104.17640141100304,1.005812810874304,0.0437171829489956,0.2857681393064532,10.024587228826684,0.3336074074413992
81.46168796318265,101.76654030596598,82.53471920202915,117.544246649164,114.67735339409089,0.4538341245658083,0.3399218133347311,0.4269569179364026,0.2740098862543861,0.2416727532055733,87.01152118505343,0.310288403925503,0.049609733896278,0.2829704221062456,15.08048654451075,0.25475472804755356
88.56750505750011,107.97474719448182,102.72081529733332,112.05430850064732,99.0260842700608,0.3620757772191721,0.2624003499564514,0.3224834392083685,0.2111291512458976,0.23305816269231,87.60464138080386,1.1926981766396398,0.0290622048020089,0.7685083675662656,20.124231927201826,0.5385270186008646
87.67087882663112,105.59373600491328,83.2112130798378,103.38351964673689,88.5081922185783,0.1328763052886885,0.4125487946873462,0.2395403307895588,0.4899996581724498,0.2039035296475167,103.06504628334,1.40654215315928,0.0379764597890116,0.5240519057526999,9.366953498513237,0.43274893654198826
107.3974574849424,113.12172646912434,84.38098917128289,96.01074208594368,109.34086351103988,0.2900210721078103,0.2222128802153564,0.3775701499662695,0.4233463678481682,0.294804292207151,108.83517615021732,1.4823319482393755,0.0383984375384237,0.7467538627220632,13.83500745961562,0.5757655913920038
86.54812246075434,102.66094680142852,106.87355927502892,94.1917442895753,113.27929096810404,0.2467710229624848,0.3979005276255385,0.1765820176256101,0.3397865352848528,0.3934497841091678,88.18826750591188,1.3137918957316843,0.0437829299741915,0.4985135090399076,20.02904047821748,0.5429798167573832
100.42632740186856,105.0797935976204,85.63491186819115,80.92640698130677,82.02994283299945,0.207707844551629,0.3622797360456078,0.3940904580347705,0.146966651793629,0.2295629937356679,99.36070710770376,0.7756422939285044,0.0307250072744301,0.1971798445306508,2.9067635112127013,0.1511042357059571
116.15680592792864,115.30569536993004,112.3036575664737,87.98448364939443,101.01834607798013,0.2625224191736753,0.4103829588239591,0.327002053165016,0.2798245892547642,0.2275089794683584,94.24800245232656,0.6368049529472489,0.0143059096227215,0.3125892061000935,14.757961349057767,0.3372648165713167
111.84468402193494,106.98676725023095,84.6208477470375,115.82164799249696,86.42729571111849,0.1016245468899534,0.1080880363854348,0.1961784902945034,0.146676242334037,0.1478346388111101,97.55055024327164,0.4076645379717954,0.0491745182035795,0.687129899365752,6.309799553928551,0.13876825600546128
86.87182773653342,116.04034516682832,99.38467756378064,94.91567303825867,102.14626969192226,0.3410958496265786,0.3421821292880778,0.1179088437749372,0.3375741007201653,0.1583274376134806,88.88523752061414,1.4799549025478924,0.0122734937829548,0.3915695433918382,16.31812117223843,0.4387691230202659
119.25589331328445,84.78521820964171,110.2779539516826,93.3730344897651,84.68197083390496,0.2508902939228957,0.495873543867033,0.3088021452881795,0.113675205344938,0.2390632806716833,85.6289145612939,1.9488753971762192,0.0484949802748281,0.5671836983448184,24.91596672901897,0.6619485835612406
96.87733421411755,101.95011510901084,88.23846550912587,96.21077836386412,105.42704101889164,0.3683592635347065,0.189839153854036,0.4857796947834305,0.2701174791563662,0.1084349226970842,92.82004116215484,1.1687893134202136,0.0202143290274117,0.1332230127860226,10.21322316424441,0.29347736926726337
103.05792078880889,108.92642376219402,113.45618131749605,96.36561327077494,96.9186910184891,0.3162264658451835,0.3704758497410149,0.2823964708206943,0.4712683359095465,0.4607728669862425,114.75666667356616,1.4280696643917488,0.0296993568405123,0.31981488648,9.559881910778207,0.45179975399727823
99.86768537820612,102.65413513525216,84.33290696951566,92.50541416779096,86.87567181508098,0.1555840292611031,0.1319792669377827,0.2249235989723161,0.3432530649070746,0.3406381257261358,112.20903038035064,1.462054379483858,0.0480264601497514,0.6715657472112596,5.355673612902854,0.2682104047662373
95.43411049376526,118.93416290296146,103.30923826723918,97.17526079682185,102.63747580894837,0.2086572398900092,0.4804402187108002,0.2229326866862136,0.4216797744404625,0.4327920722338807,84.0661653485085,0.5325236851898774,0.0370664216052583,0.7528082701750606,21.95689528013404,0.49930679738299716
106.76306221708715,97.39813853161604,97.90839217011548,108.05604517526834,82.43450332822805,0.139374007570937,0.1930211648723407,0.1860766031800974,0.4678605267099198,0.2404419695755741,83.51234049121443,0.5856524829963003,0.0334224538082068,0.2594405314095945,16.862482748216458,0.27482238623415806
101.60322273153376,101.89311248870806,110.27009044513524,119.30579009346631,111.83019147147232,0.4345885333566029,0.29120720087091,0.2828876176776081,0.4613685430372977,0.2763605628777708,99.71804915276176,0.6143101531478408,0.0230357143553388,0.1380582546925914,13.052205759607128,0.31255362249734375
100.15154450601872,86.77812718428714,103.53043886532684,113.37195546850744,117.2965625458133,0.3979407668923705,0.2697510007161469,0.140747894630525,0.1212379177989792,0.1832960707914791,91.09528808557911,1.882472683993691,0.0216962417849752,0.0187366709809041,17.36233065613626,0.33962623043233453
113.01241517976402,87.55874425450254,108.50303457397324,115.20619789943372,107.240678665079,0.3889072144908415,0.2494598880401979,0.2816430325550101,0.1407505594070193,0.3492150399152238,112.9370318004504,0.2772651059735248,0.0113111065637034,0.1019075645871789,1.2099788460327339,0.07028975656529404
107.4300816371286,100.00649145004314,105.4790488850202,91.77522876892084,83.55240347142981,0.4213792841607807,0.3498732976017448,0.4938456327301225,0.1065365566049884,0.1062679309002085,99.44724718317605,1.197045352766645,0.0334532890780528,0.6685343159573682,12.504770124041373,0.48266238507727555
113.108596189816,117.72577229566062,114.27289341507776,93.35654215123212,83.74120605231712,0.3000022412460161,0.2065632235508227,0.3746041621404016,0.4172840614212529,0.1409743635131999,114.1083096180746,0.9100608391128732,0.0272040506232518,0.3645471613377531,5.548606679976394,0.258869445745036
91.20553550525626,113.713415032396,106.23258030532864,118.66776976411748,93.70724073748414,0.4669352810984942,0.1119691751224404,0.3753615711177988,0.2538003065029156,0.3669756851239529,84.32795274569509,1.4038630882860426,0.0189720478780242,0.2332971816076596,24.03480427789566,0.5232703385503635
102.05888481166568,111.60152886552912,89.35967770927249,118.56359898638664,103.6959068996726,0.1390545286443586,0.4748321277755155,0.4749633359360073,0.3077603256704447,0.3038338136260579,118.8030830691378,0.6358612883459664,0.025368564975487,0.6205280492986812,5.449794138244033,0.27640592990363083
80.31590253278613,81.0061310251205,115.2886406560638,105.8112611104431,110.52290076255449,0.3539232751254817,0.3320275802190151,0.3174186267310045,0.3356764595543733,0.4434520688714678,110.68405368309784,1.932048934518016,0.0476376883248422,0.6347567367407401,15.804261944228621,0.7009319501812178
111.36064003827632,96.81839105003108,111.94444984569208,117.50129779250152,86.88684431078487,0.3444267118323137,0.1783337419186978,0.4655648161516833,0.1863842474331383,0.1660646779164099,109.27506252264143,0.8296268347448209,0.0439360047377347,0.289728370585432,6.770881568474961,0.26073611575416705
110.56545598168084,92.3116803046226,92.85972012215416,96.51019404145543,114.54878079632344,0.4988231316255446,0.1853666777812113,0.1400373434637629,0.3248028843477202,0.4308774974699972,117.6086464492678,1.8703718678290029,0.0272162919620863,0.7210941152451205,11.936552280338521,0.6162065536826214
80.88224269240197,97.35704827241057,107.20190598277082,84.41661833130088,111.69014388069668,0.1243002879453208,0.2960416700873093,0.1274009361827956,0.2714764471557132,0.23758405150813,98.81210960900694,1.2811006246936307,0.0491981210627549,0.3704898665153762,8.226288112760777,0.2645225549864482
117.67610391589412,83.63739284307914,86.11792551323512,118.96388899784812,87.91422563142966,0.1548517672532225,0.4724084093720864,0.3539547917809456,0.4372225202312828,0.4623778116726039,85.95555656247406,0.9753069232001348,0.0284847109186342,0.2089849447407757,18.450560889861368,0.4456432370506833
83.15758702812818,118.087701455836,115.70490839237875,106.22901890932523,102.05723709150212,0.4720741323953951,0.3992458465477515,0.2227793260936789,0.4315730475421414,0.3080731645928279,99.87602983364305,1.534299665719611,0.0239656751286039,0.7198047130832147,20.168728183150574,0.7448723808916496
116.7693078521108,106.22080300445693,106.3358663726028,113.74742256807812,106.12982709169684,0.2086615687307082,0.2543095239975679,0.2204894123092434,0.2864816160012109,0.4125340552483648,112.60895357642237,1.2178631799650923,0.0255168243819499,0.1223611822791208,7.959443873618777,0.2765293335237818
100.1470754815071,95.58885991593792,100.12535571164965,100.89914596348775,94.43327524473008,0.2939469367370134,0.2071434312363926,0.1349612298716123,0.4423024348518395,0.2669474427105379,114.38171835862536,0.4925194204498114,0.0449846674604287,0.7967548154191566,2.5330610814146737,0.15764299479544816
97.92473635921384,112.07487731454086,96.66053474703553,81.02239066541718,91.32077287095396,0.2767690181498471,0.4054886280930287,0.4398905983459239,0.3044579631898682,0.3529471335234349,99.5418282251133,1.482856099418321,0.0207101900236392,0.4906017811705443,12.066414802867405,0.4981197825708283
89.26967456366793,111.74328047327872,97.97172233887235,91.21242172140532,112.428195353665,0.1956626802155934,0.4740271782264106,0.3271685072246968,0.3878419561980771,0.1456852217410283,109.29208880697176,1.264114346536034,0.018884110518295,0.7322779715220543,8.969718337181178,0.43758058865676575
80.76867218226448,86.97003370924871,113.078192775832,102.0260691064161,110.9459909831792,0.3547683809430866,0.2475799129614132,0.280025190071396,0.3728648129369611,0.4185310172833779,89.87810800956751,1.2398787249133951,0.0484218929661214,0.1430686459315708,16.372989223454592,0.4164415187843248
113.5270405904831,117.67853954354158,82.53698397213353,111.96938973193888,108.3506459287934,0.2397460953340127,0.4492947408938523,0.187596121676678,0.3251592933050472,0.1605061921338957,89.22188167639507,1.541755115639789,0.039370756319989,0.3112890116343579,24.7196350729955,0.5475697062302901
88.28102402706237,117.26809065360492,96.16807521225569,115.50442109819215,104.204548186597,0.2156999089577548,0.4581645877589038,0.1046227104299818,0.4662444754581788,0.231360813565544,103.45038209532272,1.3935903282701412,0.0405512325906453,0.698600746107788,17.253807261723118,0.6419485981849309
101.06991786163826,86.38095735583917,116.57310497149253,102.26647629448983,80.2436962198727,0.3783181679508336,0.1366873177736671,0.3565085849346566,0.4637845119060754,0.3220807701599932,96.87004675030398,0.8909244860804885,0.0396116159541764,0.6696807071203857,12.253456312727172,0.4484846281922435
80.73138164281133,111.1053042007219,86.47745413513559,103.9495374251258,107.2432784773592,0.2448485993133903,0.4174310480384775,0.3850901697486372,0.1470770243687746,0.3662806147506546,86.44209637688388,0.8073553468931542,0.0373162945151464,0.6974809198725778,16.96619521544444,0.4463444800469591
91.17462371793988,102.7725523364565,89.61034983956299,117.85261709471804,114.40680625396668,0.3658623384339519,0.4007684669438792,0.2265227460561026,0.2605111926563184,0.4840152226143247,110.45449971313516,0.6889329983746191,0.0136499187029757,0.2243673199629975,5.378214048581609,0.24477454734360898
91.52171165989876,101.1525796380136,100.02531428615625,118.40093031800296,95.76115120735416,0.3293827683111171,0.3034019908392578,0.4947398768808391,0.1918230527584223,0.2591747640235279,101.28589790903848,1.2565045032768778,0.0401471538889048,0.4940944199311035,12.834008365681347,0.44355365722216744
102.48910218486267,117.14826379549748,86.51244204706232,102.01942413113352,84.22691681447319,0.4039534246383156,0.3852402325144178,0.4866802572303529,0.3617201363212337,0.2252379892994744,100.81569229666232,0.7748035784944753,0.0199568760054368,0.3116788221261022,8.853312515939233,0.34189539849932227
104.69995727274002,94.62732813548018,118.70544292718402,96.61636724594103,85.44750550166827,0.2590607868218699,0.1358851696067159,0.4694881033288319,0.1514672090984769,0.318281489630579,87.57238078718719,0.460732010647262,0.0152962105683443,0.2566195227690332,13.757597879325248,0.2604443324408337
113.35999843713616,112.83466765691657,107.79438478171136,109.95247207536912,90.58860870757628,0.2605580498469871,0.153689445213095,0.2171969014499192,0.35342760636165,0.1125005964443463,89.64562545063708,1.6197206112813824,0.0493201196726323,0.4161020826175056,24.006462662735743,0.4672638716315849
105.68214001691123,81.52079484821574,87.87560575560138,117.29117790212348,109.56941188330634,0.4863958133405172,0.4636382471880202,0.1338405785306012,0.447341419341556,0.2314284874192987,107.70831537530668,0.6159814238190726,0.0111145513363574,0.5720423579690859,6.479654037574543,0.30376741107128974
89.22690163957031,84.45532358077152,117.95677779474006,84.48750664240531,90.28280192188991,0.1270017794103096,0.2224451337167582,0.423554997686914,0.366332580867169,0.1954238402681555,114.07612330005394,0.5385347357278523,0.0112654437429407,0.4148142646364886,0.7429533876722044,0.07741582198729936
87.30535971997828,80.29855281647072,92.56539096392176,118.9671548639505,93.67613223237426,0.3876705906280967,0.3831284458042157,0.3971445454027775,0.3162626670654959,0.4275782608482812,87.08848587257255,1.735751702445246,0.0223965012976833,0.1843983263931625,17.323225594652786,0.540996053795338
100.17219517871096,109.83743135687126,102.04320408316865,109.74366029649228,106.46543472762062,0.3565448871827653,0.150159683897757,0.424102395102134,0.2295072420177866,0.3820138872789175,112.49382884776728,1.4787240151580812,0.043768082529058,0.6459941069004329,13.362702452773757,0.5553635622878761
104.3425209199606,105.9859562884698,111.96657448313005,108.40765579204415,111.67099682820766,0.3700526824367223,0.234365008414684,0.1646734633954728,0.3779832351761431,0.439609341231764,111.52380667570998,1.5907746899941242,0.0491177648532669,0.7822309435680662,17.41792304386215,0.6829828304319214
85.82390553134125,107.1069493084216,109.48087649302131,91.9986572998734,114.98309311373129,0.435292526773814,0.3506019367465464,0.1909629078939139,0.2264839869211804,0.4018510723757507,112.59647274301312,0.8631309557069621,0.0147411089152987,0.2903028979783782,4.870821794925343,0.24786128966226545
92.188464132108,89.7532847750599,114.68387261922044,89.88079352465707,96.620098497272,0.2643415718827711,0.3929989673872722,0.2237799970372502,0.1025272986146927,0.3413960258625297,103.26975255567324,1.3305133635136848,0.0258175933538779,0.6794022551667943,9.268523699368888,0.402941716457244
94.71691320147276,115.9224729023309,98.20942953151857,107.77235733184862,111.76155618575316,0.3403665420421602,0.3510218731119986,0.2072742543073927,0.4244283801246356,0.2949867355321461,94.07368074763004,1.881339937882963,0.0393720731407907,0.6910902174195913,25.94135005486192,0.8138535115072048
105.11614322988706,117.7477799329966,112.10030117024031,96.00826510699451,118.03247373030732,0.4049551635939389,0.3444373857505058,0.2664283259209282,0.3718507386562448,0.3299909424048222,110.84083686476173,0.7447202092775105,0.0358211299119487,0.2084169924571654,8.599314285663214,0.31046548720557093
100.98299333085336,80.90309291779583,90.40053118611588,104.86918348149068,86.27259609297747,0.3042844533591549,0.3594242103677227,0.1343755905467717,0.4641044357421715,0.2340328184329441,99.19781686288148,0.3706836672902618,0.0193350671566345,0.5642457022297909,3.546564157779661,0.16991148614114562
103.36272179572816,94.4639208923012,101.37541920233096,80.07499391493012,113.93685418674794,0.1898771854348117,0.4087185430704713,0.1924887548370073,0.498307849280424,0.2681970166253772,88.87456325621011,0.5490366034118243,0.0231682376030766,0.7507337613690419,13.631095416684685,0.36388027234522563
94.47701951102113,85.60633737111812,97.5166342802032,99.44709173955336,105.49610841984756,0.2186497634652573,0.1248260290504294,0.116721670945528,0.1380562244561471,0.1020131315248447,96.09547040628806,1.8205659941021,0.0337749860743962,0.5918847530675714,9.281760379429619,0.25923761491639147
100.9824976140912,81.74094328268251,114.8604928831106,98.26035727147844,83.07951090132036,0.2308359917623761,0.2241817600403224,0.2720366981754357,0.1931691692964392,0.1250964631776479,98.30867365121397,0.7426793938386405,0.0114162622845737,0.0240174108692516,2.632782039662722,0.10612260818000319
110.9131294611674,106.40617675132272,105.97751091076888,97.07656006942244,96.41988250483952,0.1284650111811795,0.1728585501220731,0.2266358107476458,0.1591968200862049,0.2460471294457717,100.21380611166798,1.109692586867037,0.0403291590941939,0.483615385521749,10.620194781723349,0.2831768025808001
101.45354545549372,82.02377651596413,91.95831056871684,119.51576694249492,106.48769956512304,0.4688880613448792,0.2046412038118467,0.1673597268050587,0.3659105012008927,0.2963524151842794,115.9025430163514,1.185495634616423,0.0210161967709965,0.6227611337203953,6.76259786141367,0.36458418171099904
96.75736661669288,88.89452411761812,109.80837447600932,90.41161238824763,86.49480415385182,0.1189016063237028,0.4151229324665555,0.3861371887415105,0.4909193446961365,0.4753226478249183,96.44660050305072,1.93002384378093,0.0431338473729081,0.494509265777783,18.271214932854075,0.726036604784366
86.18059600937148,109.1705311665893,105.7124101715487,82.79224397484923,84.6017126144881,0.3336993174500976,0.374408517432245,0.2638027295947308,0.4553868746116186,0.3211235300797391,91.39243268164078,0.7775882767831684,0.0373467536728314,0.0229918756651309,8.076151378783019,0.23703893948596547
105.35387469414307,102.84464407488636,107.43996241487254,87.12155633453048,109.06351624868668,0.2302205305340182,0.103796596763833,0.3345799059907999,0.3101735562059578,0.4247508711452413,118.49391830765204,1.162434759232558,0.0358165808346644,0.0961352667537932,2.9353387304002734,0.18045183592767994
117.44385869322198,104.04201258141764,87.84520078571136,107.18175421136426,93.72326734184256,0.1748018505226545,0.4261605071389365,0.1061134441022254,0.3349253510798929,0.2587409604979525,89.67792763724363,1.9267175749819945,0.0406944448377653,0.6412978300725265,23.10205307995563,0.6331165192509723
81.97150985542886,92.09354781409994,116.22340407800527,96.445572807039,114.58661352124368,0.2326082085369567,0.2733183868666882,0.189436594479629,0.17337026123999,0.4220427536005798,80.44465162968368,0.6023534351098667,0.0130053808646708,0.3904426887623892,21.06844803937144,0.3335754143602273
100.34637374091167,100.679119558384,80.20865284259577,105.48416293155888,84.31255380121681,0.1911033200922589,0.3947887977985463,0.3845442177770529,0.1133601662828009,0.4524289680750181,113.99284072484902,1.2962992781628606,0.0203988292752356,0.7663815003500809,6.760934300834277,0.3972019902894409
99.14993658728216,90.41267422632396,95.6953186331726,101.48309422667204,80.57856458407892,0.4157420520373521,0.4184268997693537,0.4236764208876108,0.3330212916300255,0.4973523467551048,118.1778308307263,0.3613118230629141,0.030869498705629,0.3319852714066922,0.8943072083449651,0.09288946576894325
91.38334333086492,119.5844773716746,82.29596503282238,92.77573952629471,92.85685899858592,0.171660856190982,0.1289343723766699,0.3816669889517688,0.2175748949582745,0.3432932895720211,107.28527789891676,0.7102065626516182,0.0410862533461153,0.6573666118334445,3.5620512513230014,0.1887853065627673
95.1754368373105,107.39123673769382,89.90975194731858,98.41077376544212,105.79454267409795,0.256680645175537,0.2334096634004014,0.457299449837949,0.1568173834447727,0.1755942617574596,96.30598616768484,0.3711261442722058,0.0439622301063285,0.0283940326645564,5.72718860311775,0.1382280067007949
92.89288233314356,117.9509032201302,119.18690539770724,84.78694270750044,93.7527953760324,0.3671363411480323,0.413040405106052,0.4328857967939686,0.1924598865369007,0.4528453673157816,101.75018740777212,0.8277673084080542,0.0252841461894169,0.6728117841916639,13.704701462832672,0.5169668782470542
88.31888279225902,87.4715838222846,99.63919353353118,102.55308432539516,97.02608162390396,0.3438202625698221,0.4292873675656173,0.1274087760812878,0.2427577343941686,0.3099455937962675,113.28006284386626,0.6112591636439206,0.0417459060443374,0.6872461661423876,2.5531286639881565,0.15907989357972216
90.90219492389444,91.14486297014558,119.68512625362924,116.94709495961,83.03595363957429,0.3307828130329143,0.1396286216294824,0.3154632978408702,0.3661945732372098,0.244638034305869,115.4136131978638,1.647227514938887,0.0188109644054726,0.2896606633703701,5.669639811373052,0.3129528358762148
106.26202607984504,98.27510429939376,107.55256388796649,103.87842822162212,115.5700960032967,0.3002956977122523,0.2170265686576239,0.4482001087487942,0.3396826426760105,0.3205095584543583,84.10103546843679,1.0609420359533686,0.013297409726963,0.24756163317062,24.22282875925068,0.4901708240848429
82.679532571553,93.98391648230822,119.4197650310234,87.29141395962468,85.09333758026588,0.477742970351084,0.3659726094640437,0.2119293766157712,0.3567012324775797,0.4846493826612886,114.71986868964017,0.9587503740703788,0.0198633370026882,0.7279270220134989,5.943640012529537,0.3527176015816076
109.15888024002302,111.09740640069852,106.8909419069864,111.047833150397,107.74886288372689,0.1094233023709194,0.3506364028043977,0.1627339843545797,0.4265838044265557,0.3562738118565028,104.69399264865264,1.4615654731046848,0.0461259264969546,0.6221637794675795,17.772117164624245,0.5524643833112787
85.43082729156707,104.32887589914029,111.0750673023813,114.62066425297871,89.84940970734831,0.4747957971878266,0.3678311448389719,0.1068875572630578,0.3041415377603337,0.4614672254464621,81.29114208543987,1.9075988016887224,0.0317614568235421,0.478358983210708,28.963767794341678,0.7742523797509921
85.09723043754154,111.2436177433032,90.2619338014266,81.2771791328355,113.00854254597218,0.1929212016685316,0.1331585616719539,0.3879551476887367,0.3010034267756479,0.1190381045578806,84.33942810281587,0.7777009376839903,0.0292539644038003,0.3490759451087711,14.455162004085807,0.2660529880511163
100.2396453524344,93.06532529713688,80.45716420926196,81.41309778831791,111.7049308224118,0.2119660929757696,0.2306994590572381,0.3671445911950007,0.2886400882843064,0.2948761306244341,81.82136854854753,0.3668143328541304,0.0397333875977703,0.7296692946838834,14.102582188328114,0.2799737398214651
99.58823539859458,85.9888819718584,94.34022508996073,86.61220590150091,84.51526212721546,0.4226414798378309,0.2113668394005852,0.3690290966301236,0.24702292193149,0.2673480190186417,117.94234290341768,0.4421152926948565,0.0104037172598022,0.5977776783031648,0.5284069428344017,0.06886417534723156
91.05231282696576,101.9803418984959,88.40026431248907,93.74684325139069,99.11723535825838,0.3223609652683044,0.3782587219209169,0.4780781043597498,0.2076044650233092,0.1414980878568301,97.0607161066674,1.7501262916861822,0.0147321247478868,0.3334687283834582,11.501771400450698,0.47390708655178365
96.80118956732608,85.14511196485158,81.55462542143553,81.41834907795756,94.0071607211147,0.2715167690690415,0.3186863995270691,0.1912014416156892,0.4561983095859008,0.4195388063518228,108.62462523431404,1.73024623469211,0.0139841090304548,0.3973761064277945,5.299189124645765,0.3307031300828372
108.7520831414929,85.25021194917083,111.47920465457702,108.62697237255348,80.15773963542445,0.2974655653768775,0.2800255732142355,0.116296502681845,0.3147558931105105,0.3382988381695549,80.06869365391644,1.0818894620988888,0.0148666844429961,0.0787453242771972,20.034460560101707,0.3077132169922267
81.0699149192738,87.80132862152206,82.2448364420234,101.25372421081224,81.58509045833664,0.4566527125809799,0.3004392262985929,0.1629509690712517,0.1720227604893395,0.1639469674093723,111.72687866302162,0.5083751857853883,0.0281380145879525,0.6485959992365322,0.5237125205872699,0.06348443238359225
112.10583351981592,99.71848275783242,109.11817466689912,110.02810203743364,100.2705575868093,0.4754139496222245,0.4173557029441629,0.4299064505280214,0.4361734075241816,0.1382538570359701,99.28141549253266,1.1713564090328163,0.0212273165825901,0.6733618200978987,19.642081047570116,0.718900918484533
117.01451505013864,119.60963095421232,94.36858744058183,85.03456560996935,94.52952714591468,0.3808707424726448,0.38173468500881,0.189928683172298,0.296266308095695,0.3649723536473939,116.94410679050712,1.419738307814636,0.0414290003117172,0.2845137927616745,7.648467607596258,0.35500377470753125
88.9341558805708,101.24022668247,95.13550405009606,99.21797657147164,110.52750304304006,0.4589345747650523,0.1441702043719934,0.4568772616026541,0.4689659866375357,0.4694439339296189,100.8358996502076,0.8314138577233166,0.0435615647102958,0.2477229871348216,9.505534789437025,0.353719378273214
90.96083898167409,101.49898898558902,93.40644997314752,111.39843456482646,105.58146529630784,0.1019339568420713,0.1883995091019275,0.3764980944101485,0.228695912395311,0.1244333166063451,111.552005968962,0.3944065504364489,0.0469975738885333,0.2017873234250104,0.7652394422274367,0.05481146844168165
80.34018922042443,106.40205364420872,86.80648032266329,108.97895160812158,102.69354667381832,0.4051768322197083,0.1114368769860347,0.2784085311728576,0.4790304363021956,0.2760931305456339,105.17866765441266,0.8133978730242519,0.0178424959680239,0.1387669748422333,3.737750403076772,0.20027499554644418
96.059307108927,107.76265716829032,114.2637314347512,111.14974855448293,101.8151710628763,0.4647549141611226,0.2636016983716882,0.2386744436407838,0.1429531210396094,0.2432363636108797,100.82153890558472,1.458504441557297,0.0301140673756484,0.7582280938300614,18.23465987030651,0.5898340421813617
108.9077728103812,96.55658217571016,111.56104486252516,113.16207566491272,85.49175347505594,0.2347945960087226,0.438620474390794,0.4679660696863944,0.1087720343013319,0.1393025642188003,117.92976755474008,1.962143455439982,0.0119479127657003,0.6072267896354001,9.285968737332878,0.5266812639682268
89.52125438375785,90.79954949396634,86.64326875928366,95.70140027589684,87.7213284579845,0.3572913868360733,0.2938971552361977,0.2187514540188384,0.2039628238865312,0.1898698358074479,99.82396888501498,0.5826577554005502,0.0195963250053682,0.3467244007495103,1.9963447785380348,0.11385624369114797
103.82157243706438,84.06461771590463,90.79676612107023,106.62082583785428,95.94180492533395,0.3101803477032548,0.106991974594864,0.3955537505875832,0.2201552031562924,0.2707325804942282,115.69553459896709,1.8504725583493675,0.034603094821031,0.0881364072968165,3.5112357502635176,0.19609304221850823
96.85850967413631,111.91701011833555,119.38046213163946,102.60271133016852,83.1626868585443,0.3108208791368234,0.1845438410910596,0.4534810589694809,0.3728373020713069,0.4481185368278665,81.44310520539476,1.049090095564137,0.0268956926127141,0.1115496706879224,24.320907269955043,0.43819372599088746
84.11611896894544,118.74002888117664,107.16939650993886,110.09876473335277,107.03055030742166,0.2901802421056939,0.2729841831957639,0.1948570274036566,0.3179361444829837,0.3372654293271626,106.29675380996471,1.4106317195389464,0.0376279698855915,0.5678307336194421,14.104631942655011,0.5000910456665677
87.18470406780614,97.93448643299048,111.92321750477464,114.65451851768292,89.49342058985488,0.2679693508167349,0.1581530241250556,0.2092417849182412,0.1057006038069467,0.2276555071271656,116.46646316936582,1.7614731303703774,0.0435690952221629,0.1624648316157277,3.0732031202573635,0.1603655098455747
103.83847163335282,86.28407610953813,118.33107492487008,90.0881715596995,109.06540514415587,0.3323035906496827,0.4822844391348021,0.1711587185557714,0.1221858122109918,0.2185245151485848,115.97101317945096,1.2255557232995058,0.0123814043553713,0.2782991727018328,3.651595957837567,0.22150423492438
89.24451776907418,104.64215771514166,106.37057228090626,93.1371241381901,112.75335461704204,0.1627190792674412,0.3782075987576224,0.1022996658106662,0.4923468369091518,0.4422666701049403,99.402145220214,0.3575574220520053,0.0475445187336823,0.765607301168631,9.36552343543644,0.30446028999899083
115.41483592989802,114.2027972101598,93.2319287785887,109.77361036050615,102.37963019476896,0.2962682368301514,0.4683768879227628,0.3512237330629109,0.4975059506756678,0.2113224805637869,98.88388663878722,0.7151126762100736,0.0116961331466518,0.4649583229652154,15.009216640904434,0.4642072865924287
103.70513297968046,99.09700341033847,104.01044591875488,85.42616632143,96.35388932469822,0.4987624570470054,0.1720989168488289,0.2413673470556161,0.4741296321360378,0.2482169141014873,112.4205373849296,1.6550850229731766,0.0492667489022193,0.6466778206685316,11.164852903367828,0.5565634488204686
87.10687047951784,91.20422123885704,85.11258143688535,88.4998242088808,111.27717023150863,0.1839345508279466,0.1237948421892916,0.1595832838888428,0.2420893761284743,0.2684928209874835,93.40063540424816,1.217560712828348,0.0355052690036847,0.0831050708841282,6.144768452193186,0.1833235097351304
101.9934584871068,80.9457247404894,111.54097935208462,116.37873583717962,115.2171710313055,0.3169804537680958,0.4254351978108722,0.1053659399273536,0.4364464524922308,0.3308997372092437,117.4864570062618,0.8258799562747569,0.0117320007714911,0.2643089538621906,4.265286254699557,0.22734501598205156
112.92067531493288,119.68865771203748,103.45607822151732,118.5035051405962,117.9537693000571,0.4025912233138008,0.4027916882830097,0.4612810717229142,0.1373520835337393,0.3286061153425619,90.02736482217037,1.2707780200707055,0.0257451527270272,0.7164856421397111,30.955117496123712,0.8035906775936941
92.52954922013755,114.53735024223482,111.69890662235107,111.03195109604344,115.85123085167687,0.4636118113579283,0.3876825256152877,0.1386339645986151,0.3455857243519027,0.4199523636803778,82.97591309252479,0.7199976857503223,0.020328338288696,0.6483704674072988,29.20415188574638,0.5884850985823772
95.3676003968123,96.00219863549528,105.60209236814546,109.51218151257368,115.18948410630458,0.2099447145222795,0.3529972940066855,0.4361648885576576,0.3095467823632618,0.1776748803381702,110.87695810451424,0.6717680247105673,0.0419428939046862,0.5787599872178011,6.758983363488908,0.29015175160103673
115.03381282637127,108.8535849754504,118.2757111128609,87.14514475784969,118.01359388720346,0.3198728488466976,0.3352015732619794,0.2611411088936239,0.3718466498110389,0.2733331578753577,96.18897022048998,1.699687792124101,0.0190182067716638,0.4699238948443145,22.798111218139134,0.6499499810826858
82.56765928134486,102.22487524767672,83.60787828032488,102.72003900792546,95.6043884982288,0.4509620350617896,0.4166501870048728,0.42190874633966,0.3104306821093142,0.1785391282362682,94.2310947425336,0.9501183109716068,0.0430485005381237,0.2151520510718913,9.153149794016445,0.3147742120225018
83.26437726009547,105.92467220096754,109.24791998491366,86.96741654479925,107.77746877235076,0.3897687276433327,0.1275685406317726,0.3070299744611949,0.1211916325926069,0.3113674749428047,92.83639819118343,0.7294806567802465,0.0224936560174578,0.4683844417817309,10.73987872819329,0.29366967075667394
87.16190196590932,85.49585797261106,85.89453066098983,103.9631387581734,111.15163232506411,0.3743688676515621,0.2676792985677194,0.2667612666217283,0.1491175401096641,0.2207398421193438,119.21768936744157,0.966058756119772,0.0495657468495428,0.0406079668368451,0.5193278339848356,0.06412088317993835
103.87574805895257,112.3740581207298,103.65909364281475,111.89284989393948,119.06090004533203,0.2777094882340026,0.4454248554520904,0.4591919609356306,0.4814320408030341,0.1401054788506721,102.86706612292863,1.8611083256824223,0.0208163642834157,0.1618353550324315,18.901643945463118,0.615485953417294
95.638392318729,85.9976870770758,85.4158724681983,103.89910386626391,101.88412263421368,0.218484324507555,0.2851651675013392,0.356697529756021,0.3811193958397973,0.4144065154475665,119.67657770395164,0.5663802082214233,0.0373984321290092,0.4146122084715271,1.1646223440317875,0.10718754935512408
87.36941514168123,115.28419850670691,118.26993473816754,90.12862572413206,88.27531723604268,0.2983495240240615,0.3226337066507579,0.4842282756206179,0.1960113119158783,0.4215038971536698,93.74323953373876,0.5741513587382838,0.0420077502721939,0.0015818648118867,10.254135219923072,0.24471230909383468
88.55687409230188,95.49686118765436,114.12908701195784,103.83842439764472,82.7021372693068,0.3847272137429818,0.1560359346912424,0.4705966770872418,0.4421424624505794,0.4118018611586905,96.55876954641244,0.8690885158939906,0.0186583765964527,0.1857814681976446,8.944260780635778,0.32346770622041765
98.91916340688267,83.6132673211237,96.2485645603376,96.14080569213267,105.93410662838582,0.1507094335014237,0.1558682124371402,0.3732793832794298,0.1429080060716395,0.1453262423611316,88.47050792434672,0.3557678737117788,0.0130302297994869,0.1217984229403056,8.254733624927482,0.13645946788787813
101.97815867852404,114.99019129356344,80.6510073066189,110.95995288378596,80.90633363823368,0.2601117867816436,0.1021511555102487,0.388593361126398,0.3160827972699306,0.1312696596858603,97.21456465358014,0.3811121455458874,0.0320498992627752,0.2764102246899864,4.828655465472741,0.15072019723131552
92.17159313905464,115.18652552718254,107.61656686708488,86.87986713464574,99.63138176447772,0.317433099384937,0.1216351491507711,0.1282784423992929,0.2941864760605815,0.2999293002062581,82.48021371614462,0.2692125221296472,0.037083162521618,0.6866825688105205,18.490233310839233,0.22439788975337302
108.87616723911944,117.49373285358118,105.37284796872817,80.9870164573171,99.98807438785134,0.2355979091572813,0.3487085833247326,0.2549433610619164,0.334784231605195,0.2399139749598537,80.02231407731948,0.5058273950762876,0.0426910473567734,0.7579352806382249,23.975118034197834,0.3935802880837609
86.11846556683311,81.91118201899685,103.94042538726336,111.07687610041698,81.44242221985617,0.3859867858635902,0.331714446983827,0.164017418736891,0.3745075420710879,0.4135743690133834,98.12293904421416,1.37067791371161,0.0209105578485874,0.1320467279835154,6.9744492649173315,0.28722866525358975
111.34357083862078,108.25551519246036,110.07947552673446,89.78913490862801,95.74381821973716,0.126349627182433,0.3439842381202438,0.4161718624052289,0.1458611591114413,0.4606609678940124,109.84095698371296,0.5937457373312565,0.0448914356943154,0.1848596890895595,4.103649829650159,0.19198662212379164
84.79003308828877,89.55563800937865,92.1115868590972,92.77746558147145,87.00159552387247,0.2659195145011024,0.3951359284394873,0.4596199387317069,0.4958548603481133,0.3335700256125159,97.48260665848215,0.9111324378673806,0.0466306659562136,0.6775018107077684,10.175770044367466,0.45763736952966877
87.54847192284574,116.0588159916864,111.35574459262423,93.7791081396575,117.90574157923842,0.3817095714012617,0.2006798696469679,0.2160185488741547,0.440307770761038,0.2592975614609358,100.7202159665368,1.4847743385385128,0.0411674791159126,0.1381409552068145,14.929414916142289,0.41765915221339256
89.55690851169295,96.27281813800202,112.54101245738283,97.71545480814508,89.38501291632583,0.4289735817712151,0.1202387258153811,0.1873013687171649,0.1680376355880611,0.3108269878809829,97.82463582262088,0.3056905330869561,0.0103038739917159,0.5930531552883629,3.9265364356144743,0.13732160060409537
94.74141870485954,100.02884289498726,104.8257753464135,96.22425998326094,97.25217324479895,0.1322122190226518,0.2375481749685232,0.4944980439402385,0.4176868546801489,0.4042365651679845,101.07217119685168,0.6158531010403399,0.013488655916823,0.0683827669457059,4.830378628125574,0.19769278144324734
90.557744512057,101.41389193669649,88.77824935078186,114.70104872432304,109.89468281065206,0.1540458797762171,0.2458236426328053,0.3722351885149015,0.1086500948973585,0.273590596390451,111.02416190998709,1.992804373605716,0.0499094941526207,0.5186440806143866,9.8929103951844,0.3752417587433321
96.41115953656735,109.8891138813139,80.27983767237492,93.77956890569588,97.61204592587154,0.4714359156891098,0.1329359227598431,0.4625037354824002,0.1778086498084144,0.1756428893376524,112.1514516247378,1.2946831513178771,0.0393579477726073,0.2125600980463874,3.9678120066993388,0.22114613926278698
98.79194030182788,109.94925910841356,118.51229710246857,95.19988521771212,94.02399398111498,0.1781743835054172,0.4725024329212847,0.3414979977574651,0.4003155781187492,0.2465630424338686,113.52232174849884,1.4049643877881095,0.0350716654757799,0.5996489876952432,11.02869035383667,0.48867585150585036
104.42060906321584,91.25014456766316,85.65401335260756,118.46163481968796,112.38119827236088,0.4493003743892447,0.332774854365975,0.3399339732826164,0.4009284208312549,0.4094570493356647,88.49719632278466,1.1530840140084648,0.046054480324406,0.4154985838947221,22.651627452938904,0.6417374489096309
118.33998212096512,88.71331514735667,80.71236859878682,97.49046302952424,117.34435851966325,0.372745428634516,0.1475639734383501,0.4466906370932899,0.2043596464341055,0.4984776633371678,98.31377825375668,1.9403118095321268,0.0115856586096547,0.1431160151384891,13.324906931957168,0.49964381204316455
85.53301355487035,84.68742091338393,82.75811136983368,110.60071995727898,111.43706135334156,0.2542031727074373,0.147998919039571,0.2264346010356783,0.3294136974402789,0.256578495280968,113.24022784814284,0.5025197855937324,0.040295114496482,0.321783237927711,0.47997564124135467,0.048733550935730105
107.81504222653857,82.13167380489344,108.93153343260816,97.9451523384675,86.3157768774642,0.4314726755876884,0.3728825181681905,0.1853802262416335,0.3155413219853181,0.4150128000792937,117.6751607950918,0.3679023842951278,0.036187102796772,0.411482268738399,0.9575966954500168,0.09220001642595428
91.80504041938408,100.04587359731843,93.18605889078724,118.7899690696637,98.98966966828796,0.4564935006210258,0.2579777339632166,0.4697858880605756,0.1143877838477885,0.3706764808719073,101.71933529616456,1.6782907930593636,0.0439288332577969,0.7967814150525733,17.800253652656277,0.6889202988099428
94.88602041008576,106.92661715872148,106.0218022742366,80.0975712162107,104.73894793202972,0.4127938979368766,0.2700565522568222,0.1043897903675303,0.3748140641077908,0.2370256970151964,99.71999912006834,0.2571686466738015,0.0411161693452942,0.384289915543555,3.8421348820345202,0.13672038445205678
89.75075899076134,95.00934566351688,108.25395562939376,102.29544884042784,94.74620576620389,0.1607251818770056,0.1628435106063241,0.4076656223325284,0.1749557696849763,0.2936393192568666,110.5837908458984,1.2327331584942098,0.0293972342286453,0.1209917446013035,3.0761647958629013,0.16849284713347992
86.69641407348496,100.21928748991012,92.77464094028812,116.517112336323,101.37386561156202,0.4881557438626235,0.4035274791473366,0.3188774594858934,0.3113101410496799,0.1669309766186468,119.66777254410164,0.2524716774900157,0.0128387381158123,0.4441822328422214,0.371550535770355,0.04629317682102388
114.6385597668165,95.60724113934046,113.0974865515184,82.26147608688315,91.9247610227206,0.2785694300061095,0.1579598615625341,0.1334328460924174,0.1436548943836938,0.3426444626607112,97.03728793405298,0.8594281291252568,0.046376061618919,0.1761700533896303,8.039726576607409,0.21363850113457386
83.12703732178798,81.26600722859496,116.75448981292476,108.6747497759872,105.00440257873882,0.1774211931047425,0.1597382059964335,0.4468523848387949,0.1488051852937811,0.3822540455635196,86.60398712939335,1.3890513211475837,0.0405400898363256,0.7036524980213241,19.98150620485058,0.5528868268414704
101.29971237647332,102.78216144867368,105.54761525545814,113.06319178960412,103.87554223182111,0.2668001048589586,0.3316318951059838,0.1093421657988033,0.1000076958066315,0.4268994176075698,113.37227204347782,1.207821142784199,0.0242558425897994,0.6672545335099175,8.215034168118773,0.3668701611258284
109.9432305244353,91.2391220731894,119.07046951265887,81.27588833748116,95.46306381109262,0.2901764634039065,0.1285227745796771,0.2373824412762193,0.3025417745003143,0.1541973907387999,108.4170083391992,1.2297590285204614,0.0493571298893805,0.1029176970341269,4.311351039863785,0.18801779998029208
115.28198206014817,87.2209185074476,85.65352371734632,94.61723067599654,97.12778802067312,0.3185351799110151,0.3115002879349057,0.3411340665376903,0.4241047221021754,0.2651115253547447,85.80303087981125,0.525355841946678,0.0224443288081039,0.4707002376977387,14.148738517194841,0.3449465039749455
117.3357624264691,113.44478138835284,98.56358550762056,118.91900403526412,105.69113616636258,0.4554240113840285,0.2898695011639752,0.2828595856857251,0.3622742793615917,0.3470084861299135,92.94037186952208,0.7657822286728071,0.0248224244904442,0.5572057859169048,23.119608010957208,0.5469403760833506
114.94634927927564,89.84227921947301,99.55856297199932,81.18868853425734,80.35520773065795,0.1045739755035704,0.492972236089678,0.4770774344577871,0.2125143769986223,0.3234333360663007,102.12893568920056,1.4925509484514388,0.0489870279552779,0.2013315877023493,8.303480643945033,0.36771185198030415
108.21812883757858,84.73174489862403,101.9123294844327,107.8402992884008,81.28938344918556,0.4081940694358598,0.4681871296391833,0.3343626560497997,0.1075760531752729,0.3722711790148981,109.25862241307505,0.2907700356132456,0.0367244430823813,0.5011001068716444,1.6986486045962306,0.11013835636586507
97.94965596582728,107.3660774794336,115.589239514194,91.96920402406626,118.9686611873732,0.1372312275596156,0.36847110941504,0.3349710408122535,0.3562678511659239,0.1757030795941603,111.2258633422026,1.2917457774451957,0.0451677962494471,0.3701508848721917,10.082580482023598,0.36556069472012953
113.7816599863879,106.02540288327418,95.67702028984525,108.44441504797994,112.64773076281412,0.2974439451247825,0.3471827177866915,0.2201171645656651,0.1726493045693991,0.1890722955545196,86.22925479319656,1.1548648207610654,0.0455101658694001,0.3856629562787022,25.929347816436387,0.44013488442700666
92.13199499546228,119.71320259628118,116.34477479018555,99.4200576137169,108.9131966310158,0.4432066676439118,0.2858174081180002,0.3644293507906214,0.305955545659598,0.4336509007496328,88.67002682268584,0.8519251264987184,0.0314579334367937,0.4410324423494531,23.886591626566837,0.5493009057165767
100.96035578475129,110.43722208788104,113.07928815511926,80.9289022062817,83.16528118802597,0.3033979468589145,0.1373301251686522,0.1791938774132612,0.1053061660688084,0.4326097132238911,109.76490057700182,0.8358567918563229,0.0206786727831502,0.4561099593120508,2.5841603482113964,0.15466615739877118
93.45869663506907,116.70454530529398,95.93094332573558,115.50048860807698,98.49735650527012,0.3653091333230738,0.4036807672486662,0.3860080938785003,0.4297918754946789,0.4947878012469011,84.64449491096343,1.6481576311449224,0.04389783442422,0.5678384471111018,32.38961083618738,0.9317350015625081
91.55411681246294,116.02580732249982,102.42683075674712,94.41937180120163,81.77628014511268,0.3613885319642291,0.2009062411841754,0.1405560168839376,0.335899171357861,0.4083028245123251,99.92640955698248,0.9184945098218562,0.0300755026833869,0.3619422891401485,7.4124713455768525,0.26659847590377145
84.43732529792895,85.57241310566123,94.59345161642425,104.29331822977376,92.3036045768772,0.3246286856805118,0.2214219072219798,0.3878939391622944,0.2791889984278658,0.2146356405169297,101.8396861756668,0.38975445728357,0.0325740414693286,0.5781084870277086,2.414108787839923,0.13345781907174062
82.621105350592,90.59234949269336,96.3472660359844,119.69079714689316,95.71947619003754,0.4364337952097644,0.3306075124472828,0.2133791991545159,0.2314417337275675,0.3286660461539045,93.5741818850246,1.9335690181810328,0.0316547185353155,0.3887484556641977,15.960309675721405,0.5223206348931776
83.56781674989776,103.24459257895734,116.7856029050516,111.46782795447,113.44873236748948,0.2691694375967809,0.1642076472537604,0.344187972956832,0.3756440264208981,0.1000435185133738,111.85344856507524,0.4781462090546069,0.0103835224163766,0.530253133862803,3.6372598971699803,0.16752693744601457
117.1292718440932,105.46174013542152,119.79690922613996,81.33126279518603,113.39358704574248,0.314747726437353,0.3308645919530267,0.2328256216915872,0.2354925036152535,0.2270635529317283,82.21663242983162,1.6455442026200329,0.0118347641965553,0.2104879292652047,26.622917012810923,0.4746984244001995
114.28042678089048,116.6680156304786,99.12677830543396,111.510236944824,87.8032159648472,0.2781312273311943,0.4247759515437199,0.2876104268371715,0.4974594826724243,0.2504634699067332,111.09777979123186,0.2744008339658832,0.0346553730369707,0.433361123858027,4.253511538083203,0.18514657938583437
104.12520900712856,94.34580609453846,103.84694602647902,107.022420286332,93.88274666984717,0.3797049024669221,0.3195862685563054,0.4049154484490215,0.4553458276039053,0.3046733172481269,105.84130993259954,0.8876972381462784,0.041777494347769,0.3743966017925777,9.943699947548863,0.38891059915958054
88.64953197211489,92.8675163543734,106.5582898042977,107.07496934691244,109.65267744096396,0.2977916836714585,0.477087611957408,0.4734638290520055,0.498798691837291,0.1625903661151179,100.28870302693592,1.1515659566367222,0.0282815433661569,0.2417570342794071,12.181003121924729,0.4488885050335475
85.06146434290824,112.74069561017846,107.52591206163822,81.22020306762556,93.42391397740204,0.101427489454111,0.2749241208292416,0.3933360653440192,0.1291424040515199,0.2494406528693543,114.89490789914409,0.3021193471907913,0.0176163319073148,0.0498496001469387,0.018776418005736872,0.006244201528814123
98.66845023625908,94.4246996154726,84.69667552833653,88.29385138020028,80.9824557964053,0.3325837907150409,0.1850189700204663,0.3924567991112945,0.1918150619903005,0.4362688060855274,88.08985752134453,1.5346515979472977,0.0262654162480325,0.4081531178229489,11.979375632149205,0.4128372220093993
83.72308645410251,90.6520047089818,112.79881062542924,101.065500397488,96.97991562764425,0.2393093350711828,0.3394593789588441,0.3176616028400024,0.2185786865910415,0.2756286495237424,112.03096140497397,0.7060176096052255,0.0407329420693357,0.0078040489664795,0.9035476576990803,0.07055220586403795
106.48651775834196,101.6604224130002,85.26055707022505,88.90493455296757,88.90089443962431,0.4383892367568772,0.3193377142503588,0.1222347843309351,0.3852129163685296,0.1729809991184774,87.51098163046186,1.197044796286237,0.0143448554897874,0.3118642027822977,12.720409548034915,0.37769699465389456
103.99810050449368,98.46497464757384,95.50340250243414,102.26556691527152,118.80463143130228,0.2944251054027391,0.2874155522828451,0.2945947714201115,0.1124056025303975,0.2089554076805699,119.61784388892004,1.6365733566681546,0.0324079554635336,0.2965239221270604,5.002562731310562,0.24855960877227917
92.56773824223508,100.8078173453407,99.21480062576462,108.6657212698338,109.21161071931664,0.1202941890875578,0.2659826810483566,0.3485346909144862,0.3616296502837137,0.1258192014638102,81.31059079559243,1.2844491814089116,0.0380885118560451,0.5070026017067223,25.393893731022285,0.48315570987007206
109.16282885652164,88.0607831975498,97.96372545444753,112.44698764116548,95.26120682162576,0.1475556419859756,0.3646027114651481,0.312475059821359,0.4333648032914295,0.1820568668857367,102.12789036712202,1.0473232307792382,0.026633317669131,0.7899431489126404,11.650205610802493,0.4322428231573992
119.37020469159717,94.59146967168796,99.90667309367872,98.98102379210188,97.3465520987697,0.1481369150305533,0.2448096584549388,0.3548268539973086,0.2943868965421413,0.1394373064391596,86.72067256885236,0.838196633526083,0.034050484788084,0.6864009590920864,19.44039346570975,0.38430741374190946
113.82525473278486,86.21100950192054,102.70658825655931,104.74406309421695,114.04885232277483,0.1285168355705697,0.3710774508635427,0.2187872845666894,0.3677929884068782,0.2179659532306623,96.31900265893486,0.328934150613301,0.0453390778328264,0.780067048968688,10.898398547605554,0.2561592698314307
104.36800639704434,118.40081391151122,114.88670849043716,93.94959793410926,114.39625781163338,0.225917684737417,0.1839258925653395,0.4934867846092258,0.1064281160374243,0.1509009735446539,85.91786680698246,1.847786754842858,0.0185125292682921,0.7607496674682761,28.362312294521402,0.6968586943821281
118.33911256373824,90.28788723698344,104.40835226657634,91.27215649368544,105.9826911632887,0.4345160723766944,0.1552646936242084,0.2122787567764292,0.2051139873110636,0.3787942329031526,87.75301807162161,1.285880058683715,0.0154033262621649,0.0592901934064476,17.55799338158354,0.3803550357282117
83.74571218188088,109.3675208747623,96.79279314381373,103.49228714705748,81.03449610093992,0.2644804712159296,0.4362351290523957,0.3989708782956296,0.3124405324831265,0.1996247102476297,82.43922034905953,1.3551872180628526,0.0124339320472456,0.2255579072955133,17.61021775574033,0.45746379650064345
107.81765820841314,99.83965416540974,105.01004030751368,92.62671889504696,85.83280693685657,0.4169675238144126,0.4463962216378027,0.434513004443442,0.1206855070446008,0.3791834731421759,80.32014181095404,1.0208968359679265,0.039048522936774,0.237590064551968,23.360155650050604,0.5348875624697947
97.41715767984569,117.75916485145451,89.11176106615221,107.03356048141006,81.99374176138166,0.3815754545128308,0.4772302159584685,0.2053913466916134,0.4145387318039703,0.3756386000649253,108.77223544426664,0.9022462729864018,0.0460212332976218,0.0568164363795491,4.988815223875263,0.23273511852969253
108.72399141067714,89.53748747205972,98.0606824091733,94.71012402379095,84.51361373269422,0.4514907884755464,0.3773232121256492,0.4409818146933781,0.2438301388147978,0.1630497682928409,98.13842130984682,0.331645796397887,0.0376157450522829,0.6773204611866482,5.773078743583638,0.23207156516195954
93.82327810047104,94.00499833172742,100.88422556119006,118.8940613175995,98.8007009004252,0.2453408138583697,0.4260206755380978,0.1526599910714491,0.3551780717180312,0.4950224220738523,81.8236874071249,0.545735349621817,0.0490581147654906,0.7162634689411129,22.20828832369905,0.4516763064962207
116.57704622530537,98.46230634250222,84.30173203499758,89.2061158110376,96.300707042304,0.4580059503182176,0.3684733313315801,0.4170521307312648,0.1465905816262487,0.2995335050054279,117.55879275535486,0.9947098839158832,0.0383244294451161,0.4839791989363895,5.108645447797469,0.3036291126748321
93.0147509188074,114.63317150129969,107.14582408786204,103.13233807674692,99.64918204946764,0.3127649693091966,0.4130783038503692,0.2130373382846263,0.1425941145766908,0.3792455370348668,106.62440581850127,0.6729831154456564,0.0215397907916944,0.7127927415552358,8.022705025745001,0.3123990637154814
95.89082473156267,104.48769759328044,84.98428661777524,86.50132752867623,92.124654135868,0.2970376518285321,0.4369176238874865,0.292595877415474,0.4385083116753315,0.3031340007273676,90.57092528133975,0.3277735284354195,0.0202235751546609,0.5714953310862945,7.450661857205538,0.24383969786160226
86.84738465844298,107.08394876099268,80.9907328562498,86.40709966667,116.10432437995212,0.4130794039291657,0.3882980715679066,0.2064330161520522,0.2237593300348163,0.4596782090076917,97.54780588480396,1.2055245707161877,0.0366667746847566,0.352443154516548,10.861414861221558,0.41627423608106867
119.90172592888348,99.50361911312372,99.81480292087032,110.93595048949751,81.447583104823,0.1924028510520017,0.3790002225043766,0.1580480527989218,0.4020633484996967,0.1893159398317305,99.57066731622533,1.0621989827088223,0.0370324670869542,0.1198915167619946,9.655649814581896,0.28150625944231594
97.08085927603912,83.99311527259839,96.03705530625945,119.352873645155,110.14533123213444,0.3376261491005264,0.3256973950948151,0.1814057012134065,0.2965613284502759,0.4516992101771683,102.79711259083456,0.9874027592903772,0.0309524932648415,0.7667973324430367,11.89667444485314,0.45669357677678524
119.40183502740872,109.84194502682406,104.32440287226352,110.16883331708974,106.3636669188394,0.3722117392608105,0.4970617596396663,0.4138217043984787,0.3573821737212019,0.3252808256621672,114.2980111067825,1.6224014804459572,0.0310755632816396,0.5538229604245201,17.615672727821256,0.7384987871844818
98.56264119607631,91.7018533602084,100.8071223733742,90.33973895605722,99.4670538576858,0.4749714584114913,0.3108053749410116,0.2610691082543278,0.4337974317476414,0.4760977675681407,103.59601130936608,1.2991737294594188,0.0266656573089386,0.283347127169004,9.993818081703012,0.4372500580946323
85.84541623684343,102.61580395880164,89.81134763248419,91.7443241576628,99.96112567129552,0.2915667567600685,0.154895409445041,0.3433491272848675,0.396352904771626,0.2494544332733761,119.14904596179451,0.2524765095762014,0.0239968411720642,0.1028802126653318,0.0038425138472496117,0.0021321639750968716
86.50105012086323,118.49519534543676,97.87777261571505,94.09116918507004,81.16786420370323,0.399151543025853,0.3124205370569164,0.2205424521639184,0.351808491377131,0.2555790262065539,109.07236357186903,1.5833423225168992,0.035362100468216,0.6391758112044719,8.801718960086463,0.44772110835431056
113.73017452448931,105.03335661225536,96.65620619365188,89.82131197353903,109.8054967470154,0.4147302015821004,0.1012320111667434,0.4272712463813246,0.2226301110123041,0.4838506253919922,119.54068793083236,1.0945282481817478,0.0399006918416697,0.64161198215464,8.04639269449514,0.4127836604251978
117.81898302966668,95.2323882260808,85.39504273516926,84.36778989090949,80.25447889335544,0.4036659470497453,0.1964161139063156,0.4915196634925924,0.2998322367986886,0.3091695189058391,102.02996605105923,1.154424453373446,0.0425362293442555,0.4344073457425795,8.471229173145565,0.36863116635084786
109.75821763086888,119.25581543606684,119.71271011014272,111.36789017371704,86.48735113184175,0.4638072536375461,0.4673612269927142,0.3787530016866531,0.4913798558249015,0.2315481238349664,107.13796753852358,1.806752341874846,0.0223134727935718,0.7999656730240725,25.55490266104466,1.1211709398959406
119.10837823652486,93.11253772007804,93.34478437970176,107.49347811569756,81.96196748297805,0.1929346337607731,0.1117026885788822,0.238537975391115,0.3410533373248339,0.2221516199666522,109.51594288258586,0.4411343930118127,0.0443093694514012,0.3091362436994836,1.2495107570417754,0.07897959769852601
113.03078919630238,119.89189105950976,111.0027911235967,111.26705964829333,95.61254682266204,0.3318481028528378,0.119354300865547,0.2416364258584924,0.3992019625922778,0.1417307440763868,110.18988138275988,1.298956730811626,0.0221096884381696,0.7536519597241468,12.625808369800005,0.4667088203895915
82.63685556062627,111.70669736937694,103.88632347619202,116.37354756488338,84.6385160066733,0.3859349822622062,0.4053244452037956,0.3275046036467495,0.4544350212283878,0.4818254048902605,80.97718513345164,0.743779529201873,0.0221951286233222,0.5042096547636213,23.22860669846557,0.5474509157046688
92.20492252376434,94.42624614893546,107.33118834178764,111.5098065241262,118.4408163433768,0.1138709931814847,0.3716332096282163,0.1948698009894117,0.263273323601931,0.3492617130038796,85.09897282940632,0.3142447941643932,0.0422400918249473,0.5891379098684464,20.562520029991354,0.27887894433564603
91.81628633296616,99.7454563425699,81.15843720325194,90.11951512435552,94.9601403247856,0.3849089081301906,0.4360763718965105,0.3821547673134371,0.4109595975453244,0.3396284797437646,89.10889544116357,1.0154178345147584,0.048775017382495,0.7336616408617975,15.412661309754982,0.5453775093821912
103.75224826101793,98.83381974396696,94.5790023910799,104.96311866117368,113.14462708468,0.1468236334886499,0.1085721259541173,0.3119132195686117,0.38621641918072,0.1435462353765427,90.85977963505673,0.7463228041809009,0.0472890277985311,0.6649211012374742,16.67688549700692,0.35638981627081806
89.66724531939157,93.71503517041648,108.1969459874808,111.1176239503412,113.0158748693859,0.2717183791502461,0.2024709587022579,0.3268372200547631,0.2562011009695312,0.1805870001736585,116.2147275718129,0.252612681449604,0.0144431733068242,0.2309343216605721,0.2821160715956685,0.03250820599610837
88.37324875588115,101.57067844977662,116.00044394101138,95.67801820365966,97.19532360886222,0.1017570854957778,0.2286100381523722,0.306464858674525,0.4716836332013837,0.1909904059545316,108.90412893889744,1.1126537353679136,0.0215390645742929,0.6937877829759611,7.337056552588534,0.34850732409134083
119.39291775602744,84.52210584130022,108.22407957846544,114.00736508163568,86.0317406653607,0.3049020263854533,0.3265986137897406,0.3596910627435944,0.2314265403497808,0.139792727795991,85.73126442137476,0.7944659836131296,0.0403958610344457,0.4317669955075906,19.643151750525593,0.3823963695703027
108.5781294402895,98.78952888041768,114.11563538698572,116.29809267343624,114.89939612618294,0.4685424960728969,0.4811021715414378,0.2752924552987683,0.3322299847671409,0.1116105573117268,97.0542013232432,1.0097157397390275,0.042249743833703,0.0358630810881742,18.651664242155487,0.3775225920901779
82.57540550316051,110.27421107259896,116.86110299943316,104.85393762683724,104.0350424191396,0.1188862564460699,0.1306669663306327,0.3954985259395683,0.1908937964357399,0.1737788891897513,89.7248618051633,0.2705295042354581,0.0301706611618887,0.5390543556847707,14.755974938095456,0.20393736308491878
81.80021549592443,114.24132088823754,81.85614243316647,92.54038425538695,117.03452261148864,0.1033341331027137,0.1091590177094355,0.2621535009339971,0.3166711722708767,0.3316236727071678,113.19454586283238,0.9531185115223894,0.0106441111216205,0.3997581179367798,2.059102875658763,0.1459101585476134
117.98980570918047,119.6760216190369,99.05609142451544,87.09718185524044,99.51777947316336,0.283164472472366,0.2838245088571353,0.4012568741065109,0.215828053840047,0.1950871272035758,116.71187944078224,1.0732079378826034,0.0300739029327002,0.429299032222722,5.458213061032959,0.2528211941521847
84.09251700332197,114.90144435879878,102.4214893306602,96.1802359666702,83.18122809923217,0.4417296752127323,0.375705523086434,0.2907465796331482,0.2101619302136028,0.1546327278314474,86.57160547254357,1.0655370076330493,0.0112458769227663,0.3292202710973315,14.229819516699687,0.3965684756002163
96.2096270726652,114.64766433560436,108.1362372990885,83.29822070043866,86.39628798904704,0.1149684786999905,0.4409461431964967,0.3373542005588765,0.1183317971647517,0.1634349591579017,96.66283127910042,1.504620838501033,0.0212558177917819,0.0512681788251449,9.226532353215848,0.31825501117650346
95.6923396283002,84.05500330743675,117.36164767973084,106.09168178523504,83.7929200521578,0.2118257072612896,0.2052286350855256,0.3193563956885076,0.259777449274746,0.4528866417047866,118.11347941012652,1.9847515071002624,0.0362744020145792,0.1441706811768545,5.128284660451764,0.2893688955085668
111.52229849521842,94.73623714287773,89.79482578212884,102.79939767758763,80.53488532482166,0.3877642802431286,0.4642930277240318,0.4451274500637808,0.4685476533973822,0.4920045801155057,106.28357770766355,0.2987591155384264,0.0153840959863297,0.6051636810260048,4.010558117208618,0.20902575935629092
98.6159064041702,113.75219972380678,117.12230383942271,93.7021881766576,105.69746352660178,0.224678575223785,0.1838722415414639,0.1660609448862972,0.3512353860063137,0.3723866792705601,114.72387473371737,0.943046463309847,0.0384995817486166,0.1873830130656357,4.34172842427067,0.19613477960255843
89.07293753475335,102.40852283938835,90.16110904612756,102.85426034509813,86.86888469172924,0.1351349976842586,0.4284286386930537,0.4132266125772393,0.3513895732823155,0.2742449917878534,94.30774924016616,1.7492555087473358,0.0348554494544925,0.502181354469675,14.634239527961107,0.5475457296861038
117.64930227042971,115.47669905629166,93.4767299779536,111.0665155569977,83.82016522928778,0.1614629153503983,0.3022369083727548,0.1636677182165937,0.3419915140355734,0.2239858921292276,88.38809464946279,1.344969332126818,0.0271877687438521,0.4334882107085338,20.99502327116696,0.4526391112131749
109.61443634821696,91.29836518450816,85.42567074703449,107.12764871614456,98.79227271277556,0.1989225049215187,0.2764205519819878,0.3322851201034659,0.2469856262285518,0.485441360455315,107.65214915916135,1.9713026082291456,0.0248862020710933,0.1771187943786631,8.628371527556412,0.37781734630708813
101.20558406921776,100.82119136551682,82.37791928424078,82.05520996370709,104.04670015792388,0.1023590543700121,0.465144407379071,0.1002736197930549,0.1866847754653696,0.4985404899418248,85.49705339509876,1.4984779014960257,0.0465866560068333,0.2244570427468613,16.37132006130149,0.4544641818694801
104.95458569421666,81.88698226060458,95.13757327551272,104.51405118241708,106.26722623012306,0.3912381502854758,0.3577993486856033,0.3904371523421589,0.2633184748077498,0.413683892530517,113.5960758690504,1.517432815759509,0.0321268264763708,0.3068540939949518,8.68422889166699,0.4178895836799505
113.13103037106204,96.82929134387524,101.93031124587876,103.14241502435269,92.48181133201275,0.1619472131673118,0.4175569549582392,0.4758106719644379,0.4430747402026233,0.3958643813213572,110.19348627421648,0.3831479297909224,0.045555981723039,0.704149115058752,5.728213485368675,0.2595666329961111
82.15301609766446,80.16903704820419,113.445016644741,88.00927290089545,105.21018656636542,0.3605509252646708,0.3084368661286509,0.2580893118144752,0.4462614363439358,0.3589834298592307,92.19626540107214,0.7316958129415816,0.0264976901365216,0.753044946895495,11.496910446631885,0.4062339756685096
103.08189914575678,95.98532306962076,113.33973234802536,107.93606382773515,80.90965853756691,0.2739601255658795,0.4139166872457432,0.1216415016153392,0.4252477003731861,0.424280869097784,99.94846078875872,1.2716669910141982,0.0337856072147115,0.3094043850990231,11.788954137381081,0.40645198043062686
111.0677629342674,100.2799527200705,93.88077156331389,109.07538626046713,107.44262518585076,0.1914117653289281,0.1150686359647586,0.3854831822119186,0.1799486513718864,0.4984087162884263,111.967755984775,1.1641871852107784,0.0481843480732075,0.0369207728950276,6.076716655177498,0.25304689955516163
92.42352951475796,119.32155485991524,105.94833946847012,104.23118849815576,82.79521453927089,0.1036729780970651,0.1919167924995962,0.116824958908999,0.4130622941800878,0.3314781968695573,117.39641279089702,1.5845349962343398,0.0149634398823123,0.480718694543836,4.368191894823871,0.26384282614261656
91.1727512137895,97.87896009305766,105.22502817238706,100.51054522921513,110.52131733885564,0.4393738138183657,0.485045348269171,0.3440459441501617,0.1927014014472048,0.137059776319044,94.08641983548912,1.988900961669347,0.0205112266285809,0.3340606431629458,18.047122975453217,0.5917040503492681
90.50270849871607,108.08627981129938,112.6638818756465,110.60199902331811,110.83386338352132,0.4465044179918002,0.1980453020074389,0.4574072898792309,0.45131503984571,0.3511236849081041,111.59967273541058,0.6119074628998844,0.0466677577262778,0.3938522385036272,8.189606384320362,0.3195550814797162
115.54028229048662,83.36714169921959,107.88766285496412,118.74712804465844,102.94602599498153,0.3415983282300639,0.4803305874107552,0.4024060407139794,0.3733127084722295,0.2742963008073913,87.77868324377134,0.9996984634921616,0.0268801764884535,0.3535603397591076,22.86804976701992,0.5572671398317642
88.69265247937571,119.95015223096853,86.98709171285915,93.42230789499438,86.88248753668671,0.2935993782947534,0.2555684393326674,0.478528408143972,0.3552476852773085,0.4121454350895112,116.14160556746256,1.7669699570185455,0.0208814155343702,0.5236588452397345,9.290203794474651,0.5147829407144294
98.58051475000272,96.75504038443832,99.6496358604229,117.11933600221718,99.132975433369,0.1148798940330202,0.4409705208567371,0.2670553189778322,0.3948641499264653,0.1160101259283102,107.45000040799826,1.716761120420382,0.0498935884628111,0.2435520942935738,11.066233400867597,0.4183848310045326
100.58505304854576,115.46728423673872,112.7103197605933,89.58888124901777,80.51703820915401,0.457549273314386,0.3639382358396777,0.2830003163485309,0.2214232396040465,0.2244096569794871,86.10957280280593,1.6800885062814783,0.0140883723239081,0.7141051093979698,21.496771114057207,0.6890978268051627
105.17998368808205,113.7939929535008,102.114004504416,88.4470768005138,109.65420362701228,0.2213592497905597,0.1524103410980609,0.2855238152116308,0.2813945416536274,0.264774663716027,109.59315686439724,1.335688833450954,0.0344617204242847,0.3369994769257638,7.570917396075301,0.27649320749836254
106.7815713044508,102.60130149634212,114.53344696083934,111.36969411756132,106.7180836569112,0.3812376949938475,0.267925945071367,0.1356014867334482,0.4408238489254752,0.2700403460589063,108.96230685073122,1.9880886217773188,0.0415229814439937,0.273329136012035,16.367845200391116,0.5412727503729075
106.59034676092872,106.488105371931,101.00658979666257,98.55686578575389,108.38401837994878,0.362114261714372,0.4719585418761145,0.4069660411463219,0.3155195484712815,0.3180089028703163,109.69189827668352,0.8763310361826462,0.0414695599191111,0.7383559885358868,11.955752440990736,0.4862095828549073
104.41977925880924,99.59922249202172,85.06645415644167,108.07715154612664,105.83994282311862,0.4398124148365627,0.4294529172363225,0.1714610928509695,0.3506004326073747,0.4462862633740445,93.79509669698724,0.4535159772374915,0.0276736807696443,0.286514326373582,11.182041608360985,0.29864782472273743
93.68993703894014,94.25292664860308,89.86889536541008,118.47661025460076,114.4080545147489,0.4213229708036251,0.1498864065249171,0.2742771289346707,0.3072932418437611,0.2031238218211347,109.59200999707345,0.4819798392831637,0.0117584413681827,0.0664583991963206,1.5196967096919929,0.08716714383143928
102.44196117648868,96.06612586234056,109.47301054785692,101.10912704503988,119.03404135660456,0.371799754220166,0.2904905970245317,0.2190034834611862,0.2347458102536452,0.4426673420026584,113.06280227240228,1.0124608703315907,0.0436410836215903,0.1242688507785072,6.74112311075961,0.27874945809098495
82.20490455688618,81.37142936213901,102.74444071893492,88.13116890755627,104.1721665420077,0.4464799221937021,0.424950262965135,0.4655475284731746,0.4809226034725835,0.2967311643119635,93.88515638164328,1.6586624733976951,0.0421094989702222,0.5714359968079834,18.265334591644752,0.7202821473424986
111.25692114188708,85.52439044739491,97.62432896758112,107.5466833379742,113.35454282691884,0.1386814489398668,0.4200284029239155,0.3533727713626514,0.2522068760918406,0.4902132610495548,88.31830666324174,1.042480935908976,0.0194952300940436,0.4498604103243386,20.36857655582213,0.5554841757558439
99.85376360145428,88.24614347624086,103.43197022342532,98.18068274899998,110.87701708017944,0.2354740810814546,0.4630535914664407,0.3370337792234568,0.1146567936303538,0.4441340432320592,115.51519685971677,1.3199205697377825,0.0236210969476981,0.4276937124771416,7.281639097403448,0.37258706314763146
102.22304256811792,91.17691379881722,110.17571678884752,100.7098805184784,87.1018620911331,0.4048847901021204,0.3569950185317568,0.3458348560307887,0.1875341970623611,0.1857944516797379,104.82776259924674,0.8765378182071839,0.0305036932446031,0.0655928830826383,3.549338016372918,0.1608966936757884
102.52289292567978,117.93280239383492,108.22065043750943,91.95213445831916,108.43492701171432,0.1116689713587171,0.1616549852214764,0.2345925057186011,0.316289958536732,0.1523234229990888,98.41548676179798,1.5009546073104838,0.0145657483065383,0.1312609642783746,11.178962913002612,0.267528584760267
91.30425244008715,101.70755350165048,101.06383055150212,89.89563515647214,93.91524799519271,0.3230288721093471,0.2053280484847181,0.2015844499769447,0.4791776829625518,0.4969378175353869,115.18975623759948,0.5179979042932815,0.0428225810839794,0.3169715681187544,1.3786442705952122,0.11211730204316014
117.68725819144184,90.02394145661734,112.04108174523944,106.6948232004856,101.30516530103058,0.4245754386403709,0.1217567922933606,0.3914526842174913,0.171370292719327,0.3276885254883562,85.44022574312591,1.160202332133497,0.0468839988442897,0.3584045492794501,25.597562169908855,0.5133130832543397
85.50059477860654,88.18283010825512,87.15910494361616,103.4717703589501,118.93532786873912,0.4574854516836353,0.2520782526976587,0.4715366740268931,0.3833488869357251,0.2204047253430669,112.423384234439,0.5739766723150319,0.0223277732555814,0.3012657329420442,2.571476985503964,0.15547262365603107
115.0895705109998,81.0100753171831,90.94906497849388,86.29029835748088,119.02711367591608,0.137966879551776,0.4261405139073428,0.2832237633971981,0.1290773952639869,0.1412489428540208,99.63285103533214,1.0700362392330358,0.0469611786134338,0.4021953995235531,8.497915617295838,0.27422997542615163
89.4244093839126,88.05252740155176,104.83501174329037,102.24746334299148,89.0340593512494,0.486784552758192,0.1972007817982264,0.4866364711429518,0.3724638318791616,0.2201964407314677,81.70097046072125,1.0033645426578692,0.0420347804870353,0.5868386957373882,20.354880742570746,0.559672705858177
106.81459458148969,83.88028845178756,80.77476264123568,83.29659162825388,94.59472903903092,0.2534911496973915,0.4108153776432005,0.2741659915701583,0.1299003110657145,0.1919256518278748,118.90450742714152,1.307983745055613,0.0391130177601462,0.508563468415176,2.2149690349961193,0.17114879928556576
119.0006531149927,101.88987995237456,110.18904412061868,92.85983008926236,108.77356261933316,0.4441379891988898,0.3784696547912612,0.3004064444699065,0.1981982674462467,0.2898362460359988,111.1226697099537,1.1417041629756106,0.0487661485602639,0.4890283534217381,11.701133499432856,0.4542958993961526
118.6472479248943,94.31043561128212,119.962377389401,105.53639804126664,109.94365649858896,0.4155396231110059,0.1326172788568687,0.4979071274940887,0.4439050175435742,0.2271863131392917,88.5902329541831,1.9575469752301369,0.0229860064673229,0.4462230538089291,29.93235097719341,0.862569561810182
90.086689553926,105.72363076708967,100.4402500584955,118.25610581909744,116.1870019115806,0.4482306855528867,0.3726858119613185,0.3665417708397316,0.155883907577692,0.4623578562820555,116.94782320005066,1.8255452914811523,0.0466257118873587,0.1607426124587944,10.718291394852768,0.44137561442465467
95.86690395700307,117.87479006152934,115.39250211000038,103.61535401476556,83.28471635158161,0.28013671876855,0.4212911033359267,0.2198095161437638,0.2232014662409991,0.4858756719927649,117.4138223462312,0.7646364788825003,0.0139361439043569,0.4837091929030309,4.463160932840166,0.25238067817968235
86.43160962638152,83.07496978695201,84.31972458596245,119.0780949757231,88.48669196864608,0.2986639698653732,0.1239562853532009,0.43428265881282,0.1908920089398954,0.4515015011236101,112.01862400386072,0.4620594103708184,0.0291205660126107,0.1267648655187578,0.3414137314400865,0.046898858262780216
107.63418329362652,105.46113030731078,105.24579459412016,88.26815998384119,103.17386377538438,0.4665759511895299,0.1291064052952012,0.332971691029754,0.4926096422307385,0.4723678458583461,85.086817325683,0.3633155637251536,0.0320804503818498,0.5703318880504978,19.01980641400238,0.3898858722419983
105.02153398339806,102.81621266580444,87.44649869102714,108.92242388298835,82.92972647666045,0.3100973144230267,0.3721972781076942,0.3417048140636298,0.1813013384958811,0.3611990298086285,87.45525332933492,0.5964891478927791,0.01491242468262,0.3618300129706373,12.993654451866192,0.30324801602286006
103.64800047278489,97.45037329605252,90.01146372532295,112.29555956104556,87.03570266688736,0.2332564734003253,0.23518877167833,0.2679952643762087,0.4408707533350876,0.195338330304763,110.16131739616996,0.6386879662692093,0.0394941602426014,0.4651684922273467,3.462898704103627,0.1823577550351456
117.31927039591804,115.38260113284748,94.42350188648332,92.20611723434374,85.49946733675608,0.2003166666981734,0.1029359654426208,0.1620027475675745,0.4914717149619746,0.2735479782025903,116.55223081851967,1.80519239602292,0.0290071585532828,0.6902356724120621,7.616936903533897,0.4070829646129699
116.65311263735823,105.10127435293089,81.27134328573612,100.43997658246442,83.43195791317548,0.1780658769256713,0.486272724302777,0.110847147214777,0.2936665546560253,0.4218408542510065,88.6007255157768,1.868471539727866,0.0282216175803479,0.2984778335612725,18.320311428022382,0.5485003653604122
102.95002739811366,100.3584687328325,83.31384182010888,112.63442372467092,90.4926870866511,0.4091300818454553,0.1756869061983277,0.383115869351106,0.34891544345834,0.3701104864597067,98.433113408944,0.6533230121729283,0.0332575866337176,0.0798099756981434,6.409516246930877,0.21710654477924204
101.65937456666796,105.56155506522136,118.49218134300666,99.75246771519384,116.69263089151694,0.2064419262510947,0.4242937552127143,0.3236950037234939,0.3900312190021339,0.4758294039545457,86.19175838729811,1.5777794261411864,0.0153884672168983,0.7131176049055674,29.51159111752359,0.88300635737405
94.19429365390796,114.2974880659998,89.43304907805667,108.2991904974167,83.54447975019986,0.4421989091562114,0.4129349882107761,0.2158594997725051,0.121633245063247,0.3298577851957666,99.12031371322776,1.7125869274986814,0.0180010064120776,0.2919870301660949,11.964519240725403,0.4623961783601062
119.44201426734637,118.15745599449473,97.68854554069512,100.95740871961014,103.91099449272087,0.1138052212877565,0.3856759096874849,0.3947286685185083,0.3251645044954642,0.1672607650165371,105.70116520138896,0.9106435182608236,0.0172273770728868,0.3252188178274959,9.485834114258745,0.3133650326102744
91.0015023875868,106.97885740820652,107.94247786418065,101.00305969301102,85.9096276994087,0.4502885738273506,0.3383684928019088,0.3059567800296439,0.3270367038168218,0.1331548347254523,80.7421955363744,1.7752896879169962,0.0480773038983029,0.2368187767835177,26.68819690880198,0.571068462422686
116.767437755664,84.60180329382462,105.16688674842044,84.1235438643902,85.8440283653169,0.3961748218955706,0.1243102335556176,0.3313552634063633,0.1677028348281817,0.1830807755865335,105.71708766777186,1.98014148125873,0.0409275953126312,0.3361355926965023,9.224351455697128,0.4056060004207088
80.82153256115316,94.53456335427038,105.58330257688152,100.86176878931488,106.98156604993945,0.1933017002831357,0.1057222553953834,0.4567355324454709,0.4216941085959429,0.1125145790665728,105.58999710742935,1.9436415735470671,0.031167879013181,0.4167766095322966,10.005085634219661,0.44903767604406103
107.00075443483811,85.60694975976955,82.29349613686863,105.0143256173868,106.12897219900972,0.1227944351997867,0.4131507389906778,0.1027213150278804,0.2875995654832592,0.1429189017177232,98.20033947462544,1.548336950342499,0.0363782052549158,0.6746490311198581,10.734401010395162,0.3717815931656553
102.26814940566818,89.83049865296283,112.43060867929016,83.02744061985028,105.29247157285435,0.3366528908074233,0.4993361671537629,0.1688086062165926,0.4826735389437582,0.4461914175743781,115.81609050376852,0.9004098492253828,0.0359991242456103,0.576128228498905,7.123163747736527,0.39163174954894275
84.81646143517489,106.17790865732918,96.70903151293986,108.72412221750686,82.08768809907738,0.4943419872575124,0.4064754534410074,0.44279770058125,0.3378390558301303,0.446913632469805,85.39276070080219,0.6472596025602964,0.0204938004045,0.4106247292752559,15.452578207292579,0.4310899857663564
102.20331953921472,85.79511595520319,107.29526526441894,84.79822525246729,82.94333291807703,0.144604902351765,0.3966617217473702,0.351489434800463,0.1239385930951459,0.2166361485394604,82.05247321814893,1.987522619584595,0.0134643134765509,0.6110774486472662,17.309670571888716,0.5148353059836068
108.5249119273445,82.5412773827313,88.98123271726064,112.98940788502688,112.38753231232906,0.1864427201490079,0.2620701803195402,0.1793413366094925,0.209931857660794,0.2184120540971384,99.83324639898623,0.7333054239338004,0.032197550472805,0.6782332155432447,7.9936652371020935,0.24706522269033637
114.16503031123104,93.04399558354856,101.12192115000838,110.93389410424608,85.47942060044322,0.3399243580498122,0.1539495040280546,0.1964404938888432,0.2268592243920395,0.2796271753104291,101.32138080328438,1.01716971931101,0.0205216995725448,0.0465188690841947,6.12486573435845,0.19704144096031695
108.97563516862871,83.89945397578619,116.53002434507472,105.49240730046505,99.73221250759023,0.1152354531319932,0.4996845808291045,0.2201568010208102,0.214937944294245,0.321948234636475,90.6675674497474,0.7122179391123364,0.044938865952485,0.4737830719631787,16.480883198992057,0.3619103889904206
99.38917018668656,87.25448191379641,93.83669489818617,109.08494661268595,101.63774483417556,0.4416128717288464,0.2827237472243189,0.1995356803358983,0.3263502012781417,0.2931770200102919,118.46510826614744,1.118208004140044,0.019442121768273,0.0346145228380086,1.5499541922968505,0.12026364800960047
101.17224816401053,87.80983578182318,107.61449247814735,95.681356042454,87.31013353754136,0.2692299308089183,0.4935531803136893,0.498380105787426,0.3247775313830375,0.1272015708287243,90.149089599326,0.4431668456643957,0.0329144590078117,0.246492401001527,9.561156905999464,0.2579729284299038
117.75139006385317,100.2719498746242,101.12146590049464,119.25487640859224,94.65624548681974,0.3267670321931573,0.4809888593531541,0.4702770122778742,0.186200339772529,0.1760477928121137,90.80647314932511,1.665848951805632,0.0268037160759619,0.6099330153383549,24.745233165498366,0.7250215902460443
117.720827382498,107.7970144454192,105.323825309792,89.37673207769922,82.07022689551161,0.1609023420046279,0.4279137397649389,0.2960220227957894,0.2352186282636983,0.2299228675358801,112.43945819284826,1.133937461623596,0.0397161130784469,0.6330282647866698,7.329628889142231,0.34931948235615123
97.51135353140556,80.406838479829,82.84010043081534,103.81307022777492,108.97887332292107,0.2101652971817551,0.4530479096457632,0.263871957098842,0.1976070942567523,0.3841619224261113,116.9129470331506,0.9841291016818724,0.0480298486901332,0.7070617688578202,4.533451503598229,0.28750982169662853
86.71793327697108,109.30001650695095,117.98903306379007,109.72704322904788,111.38860878300132,0.3541818227567194,0.3861462218376381,0.428782445811946,0.1404934858275677,0.1007954965800578,101.4455898401944,0.8855030500941496,0.0264628427858218,0.398590338771832,12.438027182186705,0.38781256022865795
108.02850321073488,88.98949761819004,94.43559768623344,117.97067851079268,106.44842315880474,0.1202264964624616,0.3827173036595247,0.4737986160998854,0.2324421528065467,0.4124776665577774,80.76215947786257,1.264622549841465,0.0117741811000735,0.0673100140397603,24.259776263730608,0.44033782112910835
111.56098935736289,118.7477847537871,89.25747682050662,92.86746669306214,105.79206611338,0.3916738043474678,0.4912246317143679,0.2883172325958807,0.1664291869147575,0.406092560235097,94.2173953022344,1.6148041055007794,0.0364572556454239,0.1014281823530736,18.72148538779685,0.5432521248187765
80.9742989513603,102.84876309334824,112.34753518057995,104.417734952965,91.81573135584443,0.4275275456085757,0.3829200302819661,0.4452726693119117,0.2484730333279618,0.3761260012894195,88.95759314463302,1.829481689448877,0.015167394931298,0.1954475792574469,19.172063777346413,0.5885126762428656
108.96416333344249,85.84126498719782,115.79093877114067,84.03660124161821,114.5396453504974,0.2055394556652248,0.278576058375935,0.1969968676622473,0.161813469059258,0.1143812992007955,100.4407218933862,1.7226570870211042,0.0141800601690379,0.2977461688729971,8.66345801968555,0.26881583746432086
99.9123771094493,97.14588013951207,100.02647042301726,88.00825212371684,98.30742318235257,0.3685697032769336,0.4501092353109666,0.2257677737245073,0.2716941533790908,0.1014187793210294,107.3028715707512,1.0296480382590243,0.0364623254530762,0.421248660484572,5.6122142240229165,0.26896208816197115
113.98879263594634,112.03820968875196,86.52194137965317,106.93683912516246,114.27349059861702,0.2651419090125795,0.2125288460328337,0.3296800120498405,0.4634068731404248,0.302461027648605,95.69745141632048,1.7094861105050292,0.0141124934189143,0.5167498893956368,19.97328394806174,0.6479613841182624
112.79070354475238,97.02529773188726,81.92371361384463,117.24677691894996,95.83540463392248,0.3702130639611447,0.382193135922248,0.1609727648698986,0.2386282431247304,0.1452582205059983,101.49439922903692,1.1750769393691856,0.015151085270297,0.1300028051577651,7.594940264016621,0.2659032601518422
94.43906549025375,110.38059777915252,90.5588886196809,113.38991692669168,83.04206243277262,0.2762986415154361,0.4549142726438975,0.2923737402949654,0.2824611932875706,0.1837294183181006,110.39441257648926,1.3668117767560122,0.0275632292128176,0.1511748397935452,5.521426553136565,0.26911832536084107
109.62844802864844,118.63157961766126,119.83075187496696,116.95217440256664,114.8304962162524,0.2240869120348223,0.4746398290139634,0.2211981297048166,0.3925546342200064,0.1168566659657903,89.84588033892665,1.4304807060251112,0.0280930434493594,0.1383918473214771,29.602243386949887,0.5170930675205578
91.1552089783092,118.66593450519056,117.11586375257411,101.37490028100746,96.0831061757472,0.1513255840377991,0.2245911665219593,0.4605683445440901,0.1877166619516209,0.3906978440340032,87.8387159305504,0.9494432095851512,0.046548572237338,0.603949641619603,23.500895181329565,0.5450122923187976
84.37069014232753,103.625363113005,108.0218379408879,96.15986332726116,96.24118242522128,0.167009786759876,0.3451368184472566,0.3347312923005124,0.348779160455869,0.2145106086650122,112.22539787308727,1.100592969172825,0.0210453685198131,0.2416702782416767,3.0663932101517366,0.1795968255928748
102.93245562857216,81.11136383628647,118.31463585546996,91.59622828386836,85.6356344707552,0.1648411987810331,0.4545942996548193,0.3277775750005929,0.1848172678883752,0.2653316212781741,81.48094495363341,1.4620307429121937,0.026037404309036,0.1333691325329824,18.874291028205427,0.3975965365813744
80.21953584538362,114.27566165542854,114.52829503198676,83.81226418070841,86.08965211555204,0.1268365971700827,0.2901504466409497,0.2695563104731875,0.1530904949493574,0.2777489340730173,86.02386334842261,0.788874428645655,0.0383008410542818,0.3451005773353841,13.443846930027217,0.2756729596765671
97.91608925031072,87.42816692265262,109.43284547347028,82.3215898282289,101.98837329543464,0.3558129358370824,0.4713961778933698,0.3812740775838098,0.3009741145479038,0.4080204471444569,80.49426981849082,1.5570982604986987,0.0430807974485676,0.1980131211521361,23.541550594710564,0.5751118302681532
95.31166260455616,98.59785934769006,96.99028470782407,86.12636730138615,88.8112594123425,0.2119741125403382,0.3675126393779557,0.1020248667193898,0.1290204521798101,0.3497062545847131,102.21539173823626,0.869680500670201,0.0239648147138281,0.2954392532550249,2.700446337818537,0.14363761591580482
82.59230795641706,84.61142301196286,119.1157928967566,91.19147246709008,92.28102157358256,0.1770198297551839,0.3754918345058857,0.3547013058015282,0.1254666997631699,0.2569986666378679,104.00342927229474,1.2746065922492311,0.0352430968007232,0.6592112177516176,7.228647260935532,0.3306957770785422
85.08425321728484,110.20656817987006,116.96571240749128,111.59002148266605,104.50463317736688,0.3452008793227823,0.3853926526333434,0.4264336642106989,0.2321771606660103,0.4346864169019138,101.24122777478016,1.7158397563343306,0.0349674354930929,0.267117321019453,19.352519875615748,0.6092354213132409
112.52931662442305,96.16920931731434,114.37989420322752,111.94075398552728,80.06898577025277,0.2417017704022577,0.1027947364800012,0.3440023599348055,0.1966674388631729,0.149752520797411,96.5707611724112,0.2906086092955431,0.0221283048902972,0.139887517588529,7.5140488034426225,0.1395876050068973
99.51176539670068,90.58466304316904,83.44931665470781,113.847841709911,80.3179873720449,0.2033431240019256,0.4311655992317621,0.4656005233040727,0.4846786495480965,0.2211321452001004,101.16116493673856,0.670595079072128,0.0147448477958116,0.1859621396415987,4.132233110275298,0.20666545624279056
109.20654008221442,119.52768483988744,99.28079066824942,94.84962119765738,104.23331817898854,0.2823714832756199,0.4210104411232734,0.2271610754028177,0.2540572745251786,0.1949097956918568,87.7575120606385,1.2320434281177894,0.0373006833560011,0.0274858271748797,22.168369238441752,0.3618692291705519
112.18791310590689,89.61007975101116,90.02805716614145,104.28712056347388,117.5951928341722,0.3289469277406903,0.3637066795301241,0.2273757820346386,0.1096922066046257,0.394363125347988,113.04970899344627,0.4356792702564922,0.0207227227156256,0.7209034637060913,3.2618052376240145,0.17615716801451906
91.93759903035054,95.07018652916052,119.73333205841158,87.04888660826063,83.07872673501217,0.3466389157386361,0.1875995142405443,0.2258590700663083,0.482845435707871,0.3520814180037144,119.23092014825104,0.6098030351859411,0.022731294514064,0.5575741447853237,1.5432134326001483,0.12468278215255682
103.59020955522423,80.97067953686532,87.2173292509929,104.88836722761872,106.38049602765332,0.3381911025565538,0.3558762949854174,0.4817778139175028,0.2359436293971979,0.2123663904420622,101.62491530584218,1.5609065610961177,0.0328942069493867,0.3706887955120109,10.53063650933684,0.4269278290364056
100.41700998590478,95.34992184917532,103.04790337687392,105.73543012132956,112.13928185166604,0.2506969921076898,0.420379637630891,0.1483835497559903,0.1827298791810737,0.1912982049912795,94.97422153273558,0.2951903287189825,0.0164323575712613,0.448691857719221,9.636263345961176,0.19700359331481346
111.71003312839387,106.59203062059792,115.76930332913862,113.52101014381677,85.32984032871761,0.3545509564748055,0.3566332098516953,0.2487545533562578,0.2104769090205042,0.401860772527806,111.67130866236684,1.317564329436057,0.0196599319490526,0.203272784836537,7.90801663900908,0.32800695116468354
118.26717765293934,115.66969209271682,92.8370871803184,80.80737674428158,104.1590378703315,0.1126906267799317,0.3954950842992374,0.1841095977483431,0.4611108227791325,0.2654772982890128,87.7228772433678,0.3097748452925531,0.0278431526778482,0.3229504489792131,16.129951442302033,0.24168808830231409
97.53670307465552,109.98266650344527,100.98399058034492,83.05961741003787,89.78749681019103,0.3569187613369775,0.1483877239071368,0.2015537633801808,0.3802434377422241,0.3201421801328827,92.8309426438334,0.4528664697049149,0.0451393311633478,0.2558684940347968,7.69037068983987,0.19956588442768783
115.3009502450612,81.507587828602,109.46678677593148,91.67774031805727,98.10559212169989,0.408190952385823,0.3253609359043008,0.3277324722928971,0.4433035926917742,0.2698759669223363,117.59922333741304,0.9330963813350082,0.0408902449864757,0.6596347110340142,6.88493003189168,0.37792590325591624
101.24021727646434,90.00325429228803,106.07841771990653,107.73768872391506,83.402379186831,0.4580178878630015,0.2488860992179996,0.231437682708019,0.4117685106959114,0.1046185597985314,87.45176690471743,1.9383452093006304,0.0227038741452153,0.5947402930749374,20.010413034599253,0.6412516698581787
94.95708303405682,109.77509204825166,108.86550239364529,101.78413375620956,111.10699119472056,0.1688768479355215,0.1287062959151131,0.3048420372036634,0.3512284005314384,0.1041503783450028,84.48462311346329,1.2052332120562503,0.0220827554688973,0.2271043924457763,23.655711297737128,0.3581644394433453
84.30579572159373,84.7284507137812,106.2995720118538,107.73335471580516,112.5810742128428,0.1645854194161351,0.2210165434382822,0.2176905340914406,0.1388530867578092,0.1691389824202145,101.85414782578091,0.7963923018168645,0.0494937964836955,0.609798262329048,5.876977411058788,0.19461540746257025
87.24147511093028,100.6708663772442,106.43325188542327,88.9479829531606,100.67711462375962,0.4388207043889485,0.3802324566456015,0.2184377530653386,0.205362985726434,0.1320796808613407,103.49669346731034,0.9698211233798166,0.0361353709354128,0.0751468927196819,4.177752931321215,0.18857221932985083
105.53780097562384,88.57798045910721,95.02253641000566,88.65355240542831,116.11771617714396,0.2395623749591935,0.2592278058510645,0.4616726625549781,0.397246285606084,0.291661509739603,103.8860041604368,1.245351359987526,0.0374213612973042,0.1620556666693153,8.55310907679157,0.3229036896774108
89.47195527719967,84.83338503943187,81.40621246108574,81.798138896454,87.66344939867268,0.153942907516032,0.3624646596033317,0.4744049251084193,0.1312179408029415,0.4394431071445713,86.57912916163652,1.3339789098272945,0.0122049730154963,0.0851034327571655,5.8980948740939585,0.23545154331007573
104.3283404522781,80.7059949804449,91.46975699028587,82.32667565293197,96.1463508119667,0.172045822087663,0.3805123737256247,0.1735424148973667,0.3400054219549215,0.1950498336916892,108.84578909154268,0.7188307541554897,0.014198901349292,0.1905970615294625,0.5284841282820912,0.054439764887313516
81.9430695131943,104.30167106483312,107.5369706207606,109.25350198575056,88.97373594585021,0.3166792248613091,0.3400631476582708,0.3474081300428573,0.3731195511226983,0.127611830153977,89.69124511730948,0.5952652664243571,0.0217781454001475,0.1809550999717154,12.011165863714105,0.2752816687679412
114.74000647846972,107.61152669323708,82.26600877199282,97.63066834805709,110.71025973489924,0.3813549615351748,0.1618390896941654,0.3708129812547707,0.1496150456949634,0.2917658842207021,117.92410203787595,1.116791315882125,0.0436804448937077,0.720443633245547,6.3056982603376035,0.32015381930249764
92.4357570688092,95.2623509562906,105.18415309186172,82.21923520463591,118.67740162031669,0.2547073703927223,0.4869385426573069,0.3523236662977826,0.1352823653005259,0.3803545845751845,89.11828709394847,1.3784896879032646,0.0464267731849483,0.2619116306271399,17.77188391799864,0.48589984837485756
86.97924042438912,81.06687998585042,80.2129192816168,95.98217499997584,115.3701346190151,0.1776553597115933,0.2144601450853426,0.2513772161778567,0.4104901761233597,0.477632375514556,80.69245916403668,1.679014988824196,0.0176411738379007,0.2841743788953138,17.173057550147014,0.5183130226755039
112.79048316871716,116.4818319299878,101.35129277315596,97.94984935500658,95.43443904427178,0.4697340707391935,0.1682734527176051,0.1241653909578319,0.4314132077118047,0.2152873051326027,102.71380773269664,1.2873918030469047,0.0385678706890277,0.079800500193647,11.327271544383347,0.35296611969147196
81.85672303165224,116.38085025220614,99.8470436913891,98.2026972420604,100.60669948056469,0.3331304415291684,0.4914509860945243,0.1745688021488281,0.249942356742742,0.4470395784584464,88.11391492426849,1.4617596475425028,0.0449655052451661,0.0527859570254593,19.448233173246322,0.4802942500228246
111.76618072456802,88.97884343930255,108.39602715979692,108.43078963416131,113.98211129032732,0.3599922188312165,0.475021202701157,0.3526877259835335,0.2214279872163269,0.4220434422089952,105.14295301389652,1.0969637069503175,0.045156036179236,0.1755100426249206,12.969216617927893,0.4205544173976376
80.3473439385548,86.81582172940529,98.84187408179022,114.02161549845914,118.60467446511936,0.4037055019684311,0.4734475764315454,0.290466772885213,0.3011357148537239,0.2295292401446701,89.16853442283791,1.241758701137151,0.0283522905989132,0.1076369108185877,16.789501327218158,0.3858927078368937
103.79474458717606,88.48535901692081,87.38338783298583,105.5777581594507,88.40276588237619,0.2075033338026133,0.4986111276565198,0.4909022064975578,0.3118585852004712,0.4820342329455346,97.12337456759208,1.3620332400559303,0.0203511395492176,0.2756879813180957,11.007682220979833,0.4390472039918416
102.12349695683544,113.39247716575608,95.5927859384836,95.13888758967715,81.44561347564294,0.242462179042577,0.4399977296298746,0.3539472631381342,0.3868264456558657,0.3872811729616972,87.1805760315205,0.6635796771690158,0.0482513579849146,0.1488354903684751,15.24944933823637,0.332065396757955
90.1633831369822,107.92765838477098,94.41564980528786,86.33195669159687,84.23070935041308,0.3543314600025053,0.440931204528045,0.2568053002628971,0.4396755803852358,0.1733660655682194,97.15245428309656,1.8846297735774136,0.021063325538098,0.1425370607742739,9.617435158003529,0.38664798238353004
83.80213512602836,106.3653373247158,104.50485915174195,100.7408402240834,100.01305792636558,0.1799837680800227,0.3869372881568013,0.4000519561310349,0.460920429947027,0.2098731619218911,85.46081354893585,0.8543430570824571,0.0201078024438896,0.5180293462381633,17.824546792911608,0.47110306504710076
86.12547410751486,100.0241689904035,82.39751106401519,117.03433834410752,82.32110216010427,0.122427780954577,0.3029886901627578,0.450136186150717,0.4885863414587413,0.4431305180818926,93.51892230903378,1.30820423679838,0.018227315224148,0.75368474589746,14.740213824841243,0.5952842681980945
96.94120779575674,80.02284225612689,111.4460175513298,86.6468075414252,116.99664071286712,0.2959825798690421,0.4453528944284124,0.1855883695476143,0.4684678604939434,0.3267383844072189,87.95726467271211,1.231669865320144,0.0313014184244957,0.0099853425757205,16.106559280185557,0.35857759701467584
81.75910991442258,112.83149338257708,106.26551251262352,89.98942875543563,88.0967843692238,0.2557454343208408,0.3326564728657287,0.413603283946878,0.1960486051059065,0.1407519211074943,112.64407491132434,1.7433545811355369,0.014287374054607,0.5644448639272815,7.362920571750836,0.3874552659663631
94.30711733508087,113.1361153270142,114.47826193341822,87.01141518097303,94.13792158737324,0.3932480414648726,0.4809875865331692,0.3547912367896958,0.1570333816360898,0.3573541477828227,109.17416334378042,0.4488076563730739,0.0328275067950463,0.5273581377614646,4.802046464972197,0.22714667641816846
89.49965535609016,84.90571390551591,105.85797550115711,93.83484092942142,89.01536179105337,0.1466528384723534,0.2214099012079647,0.1126390804795865,0.29500064963516,0.2285416742031605,86.67277592655574,1.7974042794819656,0.0477475716259029,0.4680435634567579,15.67324998577841,0.3733797462933887
114.63991094007903,109.93271723614264,110.9504459478537,81.56783564733121,116.60521796924266,0.1390087559381588,0.2236109209130607,0.3590280477664652,0.2156326222001883,0.157228846957172,83.3161821011071,0.489776338785539,0.0301987686834501,0.5538385038486676,24.22604423030962,0.28919537955265223
102.9895351189694,100.15211218738077,80.42341384111124,115.9064884173642,101.75561881944004,0.3179189860103114,0.4012909082345932,0.4320565424825832,0.2888388452452575,0.384428968369488,81.02978424052117,0.502928160066554,0.0486139033464543,0.4069595953530511,22.161356980741832,0.39400151608846273
113.00613849362142,106.22043842953175,111.8677445404352,107.7172699423121,116.83855609343308,0.4333310993776408,0.3691556922286902,0.3109085620333225,0.1239757468563611,0.2160137498383307,89.06687184537763,1.7589459576749789,0.0462281378323361,0.741534186737197,31.420530909647812,0.814485658193389
89.01936745358199,88.08400418931629,108.50166247780489,100.05579202333875,103.9664468133948,0.2279260629782906,0.2580045003736316,0.4803570813217251,0.1835501369411371,0.3166219644029175,99.20709463986844,0.6999283361915478,0.0416920666668625,0.1265799142401279,6.4076665015382455,0.21981259685877574
108.34169876764908,101.8971278800001,111.50773790664783,92.7546942374341,114.35961774398768,0.4964872426776882,0.3475178243122632,0.1835642894712726,0.484076372711243,0.2345170676215267,95.99532787456802,1.3206263243498533,0.0343222899680978,0.3788411680406948,19.725546778228875,0.5880325776394796
84.30705411702402,105.36015907844748,115.6053003010719,90.10776511606818,93.07338699695651,0.1191482838394524,0.2725447069838721,0.1962622784700192,0.427545509238138,0.1879823336989021,118.85996127050235,1.0613187914236062,0.0452271147136677,0.5224307063356735,2.7891794771656686,0.1851010478439513
92.21767113970957,102.57054847100136,96.51487262260594,84.31837139979609,115.6514888702584,0.4279416088951251,0.1144684066139238,0.4716629271675159,0.1168774107140054,0.4754159375947967,111.68982580767808,1.8849659419472249,0.032199351687228,0.7269589996184499,13.375876338252638,0.6631834732984134
88.18706516634697,101.3632004395412,103.79219583749044,81.63007374590167,83.82849310617348,0.1294765103325984,0.4490334410233693,0.4325328150598871,0.3377695350429641,0.1143944336262723,83.12746730991458,1.6186469791296334,0.0182880525439592,0.3899484454916124,16.19269994729814,0.5259966320857439
118.86758841718206,106.5804936059753,81.34260708185708,111.76796882611995,100.34171237109942,0.3484571227078459,0.347138568330744,0.3228789899908678,0.3526102285786883,0.4872429612981174,86.35729530133192,0.8362391111277454,0.0470071789939134,0.7815970027101797,25.57146999003937,0.6706149446240668
83.00798288313902,107.23008392191164,99.97407223473874,88.19679204443693,115.1080908835528,0.4982028990627867,0.308198322658336,0.1367202497156942,0.1535876174580711,0.3881403517360061,81.06396207499427,1.6735213065084475,0.0300875952003159,0.5251862933202418,24.947283356619515,0.6646060922306282
91.65519433201015,91.3822654181323,90.91094327169117,110.69823108356204,108.24474681522128,0.4927854348892263,0.2744220894927791,0.1392154983646595,0.2412178210019794,0.2540041108482089,85.52905445753026,0.6451298558115481,0.046309922976506,0.5593700306260234,16.997181957572,0.3593527719106191
116.1258274188143,89.1735687833712,111.45458382171232,102.92182306112385,92.34718438610672,0.4986381335541059,0.3746333413177549,0.1471464344282985,0.2348306867769663,0.1194234849995703,101.17668595305162,1.327249865579149,0.0257258346516956,0.6545657776562394,13.175584391149274,0.4852769200924804
81.41816529631002,112.7579019940444,89.64285486053426,105.26972144859678,101.95471744239252,0.3612242032445797,0.3690957075508266,0.1229986980295653,0.234207976519505,0.461135346774805,83.06952141300837,1.5652716005180636,0.0234289726249911,0.5871346432528922,23.621018953044683,0.6703982981536586
80.17798154587136,119.7737451975905,112.57317423200516,99.45885082546728,107.21365480969531,0.4307264120299218,0.3296850279244865,0.2938493441898414,0.4971407648267971,0.3888782238076509,82.39471789240508,1.480527334247812,0.040639652945076,0.4181015374422747,29.943472326786342,0.726730793834278
99.0637694636309,109.78345085114924,85.37314183275576,97.8540398093612,93.4214870829144,0.481054084478325,0.1286340857412733,0.1848604625434207,0.112444414297952,0.4471670458756701,84.72646017183736,1.3991935053612514,0.0353778182941338,0.6180936575036573,18.95325455361232,0.5218502268459994
98.3862097397614,98.01890611441456,85.72375799116777,119.05954282836116,80.61968571152512,0.3776925764661322,0.1710606611368549,0.489676242976851,0.4823188890458816,0.1898391219698827,106.77654580292854,1.702445453691673,0.0275889973991041,0.0285863619218033,7.112038443683984,0.33889836952387487
80.40291779269596,94.93765274134633,104.8150539738727,87.18612907259713,101.32776015616643,0.3588039012170841,0.3672411666942343,0.1016067020085795,0.3755119169073998,0.1885360779088216,80.7743249963244,1.2233647746484309,0.0451435629678391,0.7462138323316395,19.959163815977565,0.5110403514961792
108.91087871853917,83.76242436160605,119.37689632063734,93.46802590957176,105.69661655148995,0.4605275002407357,0.4354028530238063,0.4621174338683828,0.4030215849377387,0.1659621754190337,118.78504400776252,1.8746088355170132,0.0306630645399027,0.6585198916121897,15.152036685970193,0.7878363868342626
84.42879432746302,108.37945554885306,113.61825388249945,84.21140569322489,85.03452617480265,0.2442217251954063,0.3835725894345678,0.2293300173032849,0.3840131734466966,0.2344634899890418,95.2314505405821,0.50341710037339,0.0105116451067086,0.5101289401219217,7.051459377723075,0.24250330719714439
91.24189657548912,80.47743261501317,119.4420517734892,103.935362998106,104.3035779985418,0.1710917817404834,0.3072655273558144,0.3744911038014331,0.3068782749131035,0.3567469193197159,93.46349444094882,0.8724900384285132,0.0377281542692107,0.0550035776251508,11.162668246052817,0.2746304086147473
118.35848678606544,113.28117017277708,112.56971723873396,93.58009479606504,93.39453573858582,0.2752204072417323,0.4113325315933379,0.359986569057883,0.3298426536341268,0.2741486861902242,98.99251335871452,1.620236020619242,0.0125262668558912,0.2359390786446126,15.874229564965182,0.510855146374474
91.66951839250588,93.8678304710528,94.78035045439402,85.60014755922373,94.23791450808376,0.3142910224551822,0.1204038886765847,0.366687870673414,0.1817646917061685,0.4440595841567367,100.71447178466522,0.7890974887139244,0.0292440916381947,0.2029025501649044,3.5155338846507735,0.17490272110882868
97.8698814097891,92.37389354986634,86.6138787263019,94.9364159271399,99.23631092865745,0.4249375072759889,0.3111818664826611,0.4388524273249664,0.3683212975263763,0.1565040179565253,96.80053555855336,1.0251609377419844,0.0176831811157105,0.2056199858602022,7.477445603007542,0.29100141858075357
