spot_1,spot_2,spot_3,spot_4,spot_5,vol_1,vol_2,vol_3,vol_4,vol_5,strike,maturity,rate,correlation
110.95824194223853,97.5551375900821,114.34391679645529,107.89472116237455,83.76709391550598,0.3882913546668514,0.38449510458986813,0.1810780124333297,0.11466215806729485,0.22151980872282773,109.63091018516755,1.1010702914250436,0.040915182309091705,0.19358679879731025
119.02489406547024,110.44558807961411,111.44257221107816,85.12454530702183,98.01543751582268,0.16285452194358033,0.2583153916862776,0.4917384476610417,0.17242854836208837,0.22754957736918757,119.83225862688337,0.8445343263112509,0.0315427941114853,0.7838521599106579
94.83192096930325,117.07059955394408,105.75460480322658,112.9104645308332,97.73656795309324,0.390045726527829,0.30367311314476864,0.11757125742935398,0.1646760072645287,0.47409982190927835,81.63909235031035,0.8135129862660064,0.017504703448234373,0.09078345036428273
89.08954887139107,102.18339148063339,82.55269024416701,113.10524687970329,105.26657596488259,0.14126599709561138,0.35403711488388234,0.41693025953636464,0.20617562508996956,0.3900312012554761,89.79677738645735,0.29780171395170685,0.01699354135829241,0.6061657638623572
110.32350960341495,94.18103872519474,118.82792097579613,115.72484485288791,111.13533988295048,0.1679580716120721,0.21390010993351616,0.224728812353683,0.49857399622568943,0.18582891808718294,103.90962993534258,1.4256509346348334,0.022049291752622005,0.5099561015219578
87.78554831407871,98.66884014908138,81.75215063148914,86.17157968270192,107.32195812969819,0.151682985853434,0.47027657499256414,0.1647722775281411,0.45171196785176215,0.360182651058676,96.60777813301056,1.3302259642391663,0.022120502823176576,0.15603415862554482
109.79048623631269,118.7003892973684,93.03301432552608,94.81838824139476,98.78223245103231,0.33074459922820754,0.40053548461863075,0.39039958285922005,0.14421047576732549,0.4997864441626757,105.50224826186572,1.420435660401352,0.015466981843245364,0.748270345812597
87.57885436337143,85.19686021341886,99.02819704903735,89.07637396203536,106.7925597873004,0.4767558905794914,0.45863678514476647,0.34891565357696275,0.3091165325329257,0.3145114335526673,103.45617332555143,1.8968463446137012,0.04338642648845952,0.16113316092608176
97.48607675489323,113.30712784231349,108.01060408008996,92.49466565528164,113.29039205580804,0.10597477769129299,0.2997878007781772,0.349507827063968,0.36348248350997936,0.2328557860205252,111.51957871598037,1.0778982944204025,0.021305065114722008,0.41246776123138224
112.19057429987208,95.49913516120698,91.53312415720977,107.29982015899901,85.59009934437239,0.2885129401174198,0.3545242426650298,0.2713222041100727,0.4848540795934101,0.3821768439408001,82.83611680562984,1.7930982600289231,0.04208986010376235,0.6324175521549379
87.99632809900433,80.29449079004021,111.47697510008554,106.5940342636813,108.2066151450534,0.1005094985003562,0.1093117925929012,0.37612008138734976,0.26505803901820113,0.4357883796849066,97.62464279713794,1.0269006820012345,0.048938007283978055,0.6108569211644461
111.22916124087871,98.3566310215336,102.74964783811575,85.5918799251063,84.58120294143893,0.16920616379450482,0.10553076562091675,0.2552329400454849,0.39442564172297956,0.48869109335102745,114.40215158759202,1.0858245480577329,0.023278456248225048,0.2557664041768941
106.73611847161887,98.8438482457253,102.60944425924755,110.59995429664102,105.38873280002363,0.45346155174042224,0.29362984477485554,0.4251269132785467,0.12813218314704564,0.32890893903395335,94.51047621387846,1.3576669060010569,0.048809239751943935,0.6714178931216626
102.14317602631984,102.36828642981655,92.15800392250449,81.23271338271758,97.4686955692945,0.46971936520578805,0.258554058996296,0.48404025186524624,0.18827403869164214,0.14225352381335743,100.15155221080981,0.6278274489248328,0.01764803196138823,0.769677296011497
88.58338691278117,96.34114574898544,114.13612293072664,89.35757943461363,82.33210966756263,0.3099049344326804,0.4628987487924897,0.22451168749789768,0.420064127759581,0.16767890635211238,80.86314505174533,0.6303732144749309,0.035898132307627416,0.37921585956235027
91.25535568087986,91.74375031066734,106.4766605890758,102.28128609365113,111.35592836425654,0.39822815840037584,0.3228107765549724,0.1700067901577489,0.38723489977504344,0.38550244538257095,88.96695580337195,1.1422057273843245,0.04964720596611452,0.5218522397143323
106.5725416130955,96.25547445760282,112.5608153866414,86.67891679630816,80.90848292535442,0.30617409165737614,0.19018705505706987,0.15291755689799863,0.48290201938391575,0.3623250153036621,98.54620486329387,0.3700671810105142,0.04233487658148094,0.2916112620349073
83.60191443102568,108.894374023858,98.4750892100555,86.45087116134407,100.04179100413454,0.4236965934293536,0.3787882116200967,0.4317894660769156,0.16499632789956936,0.29878008981881776,95.95872505057375,0.6641515864919894,0.019188031470106583,0.2832662648298335
86.09248410852673,107.85281500310944,97.84625102296123,95.2408490438593,92.06048356591506,0.36684990820091734,0.1413559599580872,0.15998277973136332,0.35359303770037864,0.447482321701528,108.58619507640572,1.6384712687666476,0.020293306083244006,0.3757726926557509
105.21130372475554,94.47250442213561,83.50599677264404,84.72023608482061,118.47590658198058,0.36416647157663906,0.11448192538243025,0.4881731668361292,0.15580276036249804,0.1930248934209959,104.47519926366178,1.0615334978209192,0.020497224266838247,0.15770647664467613
116.34322762830428,107.98828535242998,90.63479845838079,118.76705509390897,111.15003615863179,0.48998691276188977,0.40841319866134995,0.47463067215140264,0.42264787712321195,0.36069379000128,115.21130088657995,0.29658838371095364,0.047719705503198956,0.5515212174160763
108.67560756635982,97.97446008575155,90.88966247380637,83.85563848613997,116.10409586175366,0.2138211995452024,0.23075257667981017,0.4789084292177479,0.44425024646225786,0.2437961793769306,114.19082806789604,0.35629748213400625,0.019816462785116735,0.1324600358012181
98.23105159334445,88.09453459180921,92.2382649660261,103.16878275767584,87.07091131756927,0.24930696704828154,0.2190777561103539,0.2304520570500016,0.44426698651551433,0.10420274263593875,89.64879363065238,1.859151912502106,0.030384612564005507,0.004144801687086197
114.26457136369501,110.3407811934084,108.77851823803746,97.28372159100415,105.09235362809773,0.2744210484438099,0.4771358714111632,0.31705454207312356,0.2801783160575614,0.22494792187983526,80.70554916135484,1.9242572845955124,0.023995571802537367,0.35158088303190715
103.36391875650942,105.9938640621928,83.37777284559556,96.63229608682438,81.6645669544757,0.12956505194476153,0.18979459121100517,0.1361833639747485,0.15067977188617132,0.16540661765050793,114.17883078815049,1.371931716187771,0.02445077601018067,0.061136225050426776
99.75963276978075,93.19444849331141,85.78096755464188,84.13611870890206,103.50578288710848,0.2208117728337114,0.10440667199821418,0.4800575542372991,0.14952763707078984,0.25325954894383484,93.16483456420131,0.5736539399480566,0.026328714991830107,0.44995101066840554
86.82371874147545,117.00480473507189,103.2424455880158,93.87479218139349,103.63661965925667,0.4518110238859122,0.14262718807630492,0.2934417007016483,0.4379134390165583,0.32278504961365606,93.884388369624,0.8941508630419152,0.023801797768294244,0.4162952429152723
80.9121548411879,118.34236852965782,99.29213747771601,111.30940909001146,83.30919999689755,0.18413743816910402,0.39420381256503256,0.37253642514700314,0.24487436261876971,0.11851806463255006,86.33579192793897,0.7845673489122826,0.03399710235615251,0.1098115182731677
99.46633323352641,99.62827977418084,117.51305819899932,102.86912209504301,98.93957604227815,0.10314587595843756,0.4301571532508687,0.22862294462362742,0.15510795944236186,0.3074204904651928,107.7202906458893,1.6240235614375158,0.027018863723069664,0.19679751041423055
90.67902652367574,93.26275989370208,100.82689609886151,97.55645841220186,80.86448319521321,0.4683333182900361,0.10339234580895909,0.12245741627056579,0.266817973034029,0.3703863627020254,91.2043567344318,1.189906948970089,0.02764046264014384,0.019561774724858608
113.05167696777431,115.84643087359066,85.60996355994443,102.16144574156198,84.34302964541774,0.2904401835068201,0.4590193753861619,0.11763382221499126,0.23605634785749743,0.24053915575548832,87.06972404248975,1.6143989600757196,0.030239759152785928,0.4751624823722077
106.88960372159247,91.24935135356033,106.37690538767608,109.0797845714753,110.74589967670627,0.2360508903945367,0.29507436484935623,0.41623081807784423,0.22715304656112695,0.39779328265288105,100.13562964246313,0.8808935678762495,0.024247140953738228,0.23429295571821723
84.30963783823586,116.64047380550431,89.20855963579524,81.49650224704719,102.19409877565934,0.15858618851162856,0.3242899422535801,0.25003521026621806,0.3156843209182283,0.14309990014889978,110.01663623685769,1.7716450610842363,0.04018238329944987,0.5703877513793711
94.83689135449755,113.19158972529652,112.33005888257208,92.68555571290861,118.11597580278979,0.4813851387043634,0.46248564672071113,0.43055852171625164,0.45711312935522075,0.15867514807259445,90.78394390099874,1.0010341557765852,0.030139294185338915,0.5038607037267272
91.63671352560475,100.60228516926858,90.2386036227041,117.44174280195853,86.58431270328073,0.3014887092078664,0.22716366350260936,0.4549543765216635,0.1757750729997866,0.18797814205678895,108.88156003955403,0.9804046196671768,0.030368445278235928,0.2988700724667001
81.79642477569315,97.40388240012152,119.69502256223348,115.66709065019656,109.94432077827797,0.37468578254200435,0.13555986363506728,0.3929468707666559,0.20725091532564896,0.3643741461068589,98.47900438684286,1.1059222665393529,0.018393805729255946,0.01737853962476246
115.63169963514099,115.73786558791453,100.75433441545796,92.63716207323172,110.88049728443951,0.4492151145442642,0.3438445492939962,0.18507349331444362,0.11966621021568664,0.11784558867802636,96.15090892956408,1.2856600689827233,0.011233470292496302,0.2561315506612414
106.46645052671045,94.94630915494841,83.77866672246061,109.87158445396105,90.49842063691459,0.13552475280560317,0.3319271649878864,0.2392871416162605,0.19724279095835928,0.1877226231188765,94.38083472544676,1.8146957430267243,0.04237100464340436,0.25989102028424854
117.47252602135117,89.63882300022739,84.91031729645944,113.24450688499624,86.13137266497976,0.4794326127612396,0.14752663035682978,0.22192576430906188,0.28859090480767724,0.10017981042970217,85.8232386127784,1.0510722033954274,0.04421927388822655,0.2661640593246051
87.17073232630956,103.97531166083374,114.98248163349858,87.85738662858293,92.41294691600379,0.4683812749902898,0.13963943630404155,0.372988240274469,0.3515461908649954,0.42362554204189495,93.3053506739691,1.877738415124468,0.01964987186618629,0.7627547503649008
111.09619352964711,118.87305704243869,100.0296474480937,85.75590010205003,80.55745150832806,0.36055509222486104,0.4077549668863918,0.268499443515411,0.2954817978206493,0.3806648408657678,115.17006122509927,0.9389195868920404,0.02440129205997066,0.13164770412328314
89.18624119995421,85.27288871146084,107.1063469445143,84.87330018514125,100.25319726482532,0.32737068842202044,0.30461542010668796,0.18222336242181975,0.20324330432255017,0.24339889642375742,84.08667697888235,0.8180022154480027,0.024320716675313703,0.21604767004469166
107.77049742571546,103.2446643688361,87.9910260664023,112.16498104729051,108.61628518463206,0.10371375416940128,0.26694537983209476,0.10110739030556513,0.32600617436853474,0.3816115075889396,118.3320006040721,0.7663298128078777,0.03736849340929123,0.6659191621876063
109.55936015662166,85.24231006229253,84.95015214601378,117.1025020402603,95.90312775299762,0.32485945264605054,0.3774079892819504,0.100005267422483,0.12377678931372382,0.37938497635022217,84.29986109951271,0.28701600822476236,0.017489436822130125,0.7401260193404915
92.03794767123759,99.54336181406134,106.5145685105433,118.2249302818788,91.4578490752822,0.42116005918270827,0.38708062835575785,0.36520489702142067,0.38295306552462405,0.3958359703184663,94.48126569197416,1.7360018960742485,0.04914853529426107,0.37462848254275544
116.99233717248109,80.99437965545025,102.20792169307299,105.35900446724341,84.23589615003013,0.3897509993470277,0.395203391075336,0.12960788296607234,0.1253086205978499,0.2444479772917756,104.25224695202176,0.38865904108461,0.012474459009131586,0.4320390285041511
85.61358388255651,96.76457277265214,118.64927648572727,103.84170212937491,117.32092886400845,0.31103868581951827,0.4050476215686911,0.23388312751640503,0.21004683065345395,0.41257932324741187,113.51365614432595,0.8350798670277205,0.04895069975942175,0.0422867068529551
112.17443662451883,98.69526406221166,111.3905379700875,80.7134713590795,84.3657598706294,0.199734740581598,0.42833655072578536,0.17085341988801545,0.24378940914899072,0.2604302437705561,85.74331272296016,0.6882993761776547,0.012751283517050394,0.6464307432671664
113.17714459530946,111.87268353300647,89.30562967865734,101.23078362396214,104.24063282800043,0.21980417892305715,0.10134276555480506,0.19420370312849916,0.2350614235515495,0.22544995781066512,85.64408896233728,1.5527642848381378,0.022700561044849334,0.4756482956921948
114.70955815104045,104.12428629354903,96.50286277094722,94.9673617362873,97.0352834549404,0.41422219859088283,0.11894710501458922,0.2555794798620963,0.1150061822317765,0.4722590264516038,105.13512498646904,1.8820275574240717,0.020027730017292016,0.3832080474975115
106.07724102319897,114.699625270093,98.15587528305198,89.91358251805433,89.46649451990325,0.4160837748124385,0.49286463969520544,0.4640642126784075,0.22632510884643375,0.3766333649322321,91.70986529619111,1.6792421218754765,0.020385371216870705,0.24206046566743186
109.84057120973786,112.66275053695642,84.211123194165,82.66235427820713,103.77734655025807,0.22262163499136337,0.45528447517184956,0.2643011479869366,0.25035501676169286,0.46562749769333334,105.78008388071962,0.8099970770751923,0.04978677946507507,0.3550167880536817
85.84692976770793,112.98656761825364,92.41338695696298,85.7548773188457,116.83881889949801,0.4346961150479417,0.4865654213457207,0.12659523422977875,0.19733555121554397,0.22034309914681827,112.82332811718123,1.047575351179126,0.028334070072358518,0.5882496255043451
86.62126890941113,91.38880329351743,86.14453580768235,84.6196025466142,80.8459206534576,0.26974082438190483,0.2892520183794144,0.2165889712266952,0.4161801692580114,0.1892976577940226,83.0748204395018,0.6823145687605656,0.014780422594527786,0.06461931864485058
82.21581636657041,86.9856588374341,82.13527730508702,103.64575264443886,107.22858107198026,0.37860692531964524,0.44070732623683895,0.3414792956638345,0.24166357035712835,0.17515649687866053,113.7797649231113,1.8669653348123967,0.04929119859863476,0.4054513559717829
95.74521827328113,92.71964387808198,100.1810494808892,115.00019768938435,114.04526507288824,0.15373847776147842,0.39766989565962463,0.2876527990334064,0.11852782046694706,0.4935358027770481,81.50341425417766,0.4578030055322896,0.0197066229327507,0.027710451985050802
81.73900248051167,87.25993638386096,89.46979484417584,89.97550303328848,102.8493060697109,0.368521273195596,0.43767302057079094,0.2752754685268046,0.48217544832321,0.17981000836965091,115.95304741155252,1.9159202973782363,0.01290188167568906,0.6178023560858744
96.65049702812769,81.97016479710376,94.94456553838286,100.9501179487055,84.06687611614863,0.17405444917552643,0.4561338939081435,0.45668682560229124,0.2996077941996169,0.15031454214159146,119.02472566400127,1.673899447978008,0.010967225182307376,0.16881431095329802
113.33834215154239,82.07847465860416,116.99367476072248,83.96452566319502,113.74299806391011,0.22208658328130879,0.4016609352137871,0.43839676320052134,0.23906189909792686,0.12449347272674714,106.69820809843131,1.495260996921043,0.028529230472956385,0.7227101494428421
116.10612575710468,119.1828272234637,112.08103521094374,111.17910163085315,105.69933103982191,0.3662906726291123,0.39579881657531746,0.269605870345477,0.3332390446471477,0.4949485990096333,119.37021219776696,1.6044888991375617,0.04673329472797065,0.3808756624058872
111.15985418312516,85.38208833652588,101.44272143790549,100.56891480761658,114.3028857649023,0.19799943974386378,0.32919107751970034,0.344384165425057,0.3196428784097852,0.4476518231775183,112.87967368514416,0.8438569120785826,0.010678418970715989,0.3658109811469139
98.51197462374063,95.40357984401413,105.5825308494844,90.65853270003385,85.59073643815827,0.3420030127688466,0.303156008956516,0.14920601066446926,0.3812836797173702,0.15284294459788017,81.77462000535252,0.7678013879624463,0.03900705724116099,0.2882815619635095
99.11509096094983,96.67557474379541,89.30279762115495,94.70047240460512,94.6556979930499,0.11062795734568948,0.2954124652253849,0.32897810885909295,0.49962162454955206,0.38493071778211463,80.15243776809868,0.9174865147433914,0.02041687327002402,0.4130887205697918
93.09982257650182,95.17856318907715,107.42973381823782,91.87505898285141,117.95431706861362,0.43943612809103094,0.23855521561230214,0.303565873031987,0.48970759626474225,0.26695542085711055,80.83193957689062,0.5678231847363207,0.018762418620730026,0.2704223252356681
116.65392078152712,99.23641713200314,93.13444820018755,101.41739159320012,113.94241955094498,0.4229161699209536,0.31039564709779843,0.18958474061202565,0.3321674548843532,0.18722481134812863,98.07627839677522,1.5561301490931816,0.03815159141478948,0.28793970407458824
106.10349362240407,112.1756731178831,101.30889104262961,105.31670517070484,91.52622456729847,0.10121079595029646,0.1943584061893373,0.17725753294203617,0.2483684708797735,0.4554387615237153,104.93530444470657,1.0813267147605345,0.039914930580538806,0.1564901877627646
109.39572649241163,88.09618372502874,107.79192515273994,114.42876273303577,85.28411349206176,0.2551412294394704,0.43807505099639643,0.32224520805263257,0.10304588168902679,0.17549468516128608,99.25887290802116,1.8001674270595045,0.03236061020792693,0.27617155980677294
104.5751896216768,83.80382992919738,109.02862513085708,83.3797287529408,117.43759290802504,0.4725112180832146,0.3416693784790874,0.4718187434289096,0.22404800812138115,0.38662495131309715,107.08521303258249,1.787167641234492,0.01809021740001109,0.6493720794599526
85.49631720151208,118.35520983636322,112.03536704340387,103.74728017865417,111.30496418518187,0.40881006395890396,0.4902798410945022,0.10727059326758429,0.48089488604929853,0.25663608704166607,97.98410536451514,0.5227442875194535,0.010252325652006835,0.1965526649334459
111.80459355932344,117.84108251269322,90.13533415356748,103.60303581433237,83.80196790257605,0.4351969622979468,0.3178851672884336,0.3258598172133462,0.24375115527458005,0.431389036151279,81.70255212441555,0.6329319701791261,0.03949111171914121,0.6570144918383765
104.64662800096485,86.85165216371155,102.59802445889767,102.89722056135399,98.63940611924909,0.20560542833513337,0.2968965544714426,0.32406979950699016,0.39700843737099534,0.28865413481661484,89.04666819404082,0.9686203949069715,0.033984579775696695,0.6890501762326622
100.9052710205249,110.55693560026351,111.96978866048266,99.68612862301717,103.9837376609045,0.3721131595357975,0.29411763853919015,0.36372825478343784,0.3696573904832593,0.38377662421169756,119.70496946418841,0.457925304330859,0.026901849365513486,0.5330675161662851
117.24944942760408,84.78934354004491,84.68414263600442,83.50836047643074,106.31453140162111,0.42931991754413046,0.31628902438396694,0.17731126554795731,0.3718563366476222,0.13084723339686477,93.8345535079466,1.4565092983306687,0.018543278071721063,0.024547139840939283
96.74433203161519,110.97285664567373,106.8492565323437,93.34551033312952,115.93466189446143,0.18758200898447364,0.41686301146591964,0.27402805773202643,0.2992176670604868,0.49495876739341205,92.99062950978917,1.5407923968388841,0.040477375777536954,0.44882680528322755
110.5012858828261,90.82139763640703,94.56768071088216,92.57759920817051,86.30446594499999,0.19406899433956717,0.10782109981437382,0.14454904380713765,0.19780074386433186,0.39036800975858765,86.11168196076697,1.5123631278928804,0.012835810788325666,0.6665191222304213
85.91133490168767,117.44509853502976,97.51616148795013,95.33279291109639,109.18742834709512,0.41032881279390476,0.32619558160564555,0.20201855947926456,0.30869675781072947,0.1059830223735737,119.48574888475838,1.0728680495316205,0.03570809620847107,0.2926266743416854
102.119722610116,117.4455994735385,111.21205975637568,99.17478256498161,95.05437893923305,0.37272037709671857,0.3457190221636671,0.10871861575261743,0.42680465345311824,0.40537061406484876,89.21837286370395,1.7256283882678367,0.037535936689180385,0.22625783433003788
119.46526179697288,108.71040944014574,118.04778640015365,84.73914308868166,114.0213471676313,0.22328949822732524,0.3541506602529224,0.34059718538598927,0.15727211169074812,0.17730372044574635,105.87306269015414,1.3102300567925504,0.01893029159525658,0.2571014439699166
105.4829553596483,84.8768671334045,103.53031999876883,107.44385460421796,80.49210743554411,0.37328245449125186,0.4734206585080034,0.33051372827950126,0.327125258223818,0.35867267788153545,81.68189832608782,1.9888206083265665,0.029332996530718213,0.33846111775993387
98.17271847366986,113.01598044785285,91.8143610137636,98.34192327194205,97.69256508271573,0.2762313200712515,0.1216688174005375,0.2586015386898789,0.4601008840471559,0.4219787201566194,82.6588932025342,1.6770168816910633,0.030807974775980178,0.05613534035391857
92.07709565769966,116.73767582062217,111.25176141726064,84.42353643984443,119.88138631350293,0.47096942743082615,0.16113263405296424,0.3023831028155318,0.3338912619251775,0.18397020399718977,108.67006789280074,1.5139529276203583,0.03365127694362319,0.19014807944325646
115.16800097230981,91.35633751456156,113.47586318643752,84.25678127485531,119.96418921896955,0.18038809570758804,0.41281317305712095,0.36874076682088264,0.3588750147260641,0.206794983193206,105.40672651386897,0.46577990440560935,0.04604751870847394,0.5175480412438654
106.62738944426147,106.00500062235187,83.61762907936532,115.88133595586501,81.15998012817877,0.30270776969888274,0.10922798139573114,0.15197842104017117,0.3073003451043165,0.22386891025276512,107.20649582482622,1.7070500658554417,0.03185660400041115,0.37798739358974354
89.63312232164589,85.7208750066654,111.07071762768874,87.92816908851592,116.42552908523541,0.48626790275860665,0.2885938893068043,0.13342566254274027,0.10713693890212497,0.39010314953906855,89.23881628585087,0.7847513774015862,0.012692738362164207,0.19787307400078966
106.25076157309961,81.44650841978785,80.21719336514802,82.06631668057595,104.2370071059091,0.16860269522012555,0.17512494760202363,0.2695228890562684,0.20562423566138588,0.34663083189847577,119.39555930088963,0.9831000172035066,0.023798876206730647,0.7447033260380339
112.05927243437661,89.54211282509554,113.97635371692292,82.28927760613041,112.03855414566705,0.29427700288950553,0.14458024059089203,0.41389633916377944,0.27034354176569925,0.34433372783572025,102.33500648632983,1.0598304980854987,0.035133073874159856,0.23643390822362234
117.11181720689122,110.88433596417522,107.92483135914549,113.51920874621533,81.60605198188266,0.10157693301307269,0.35056001337461484,0.2131399428123738,0.29774829728399743,0.21908824152851591,118.78192689074754,0.8297934257127422,0.02332562949715049,0.10345429828756077
88.07128442876221,84.99694717222572,100.18123960771946,109.80752513315377,105.20047378305594,0.4985042978568971,0.19233692588464943,0.4651438405957027,0.4671866527319668,0.2684002611737471,86.56682211901521,0.4397679002265489,0.040717609124658036,0.1594786929671111
114.0452439904774,86.20851969764364,109.38484367740647,87.72165963475616,90.830350052712,0.22160124620934252,0.2524142187595165,0.49573563495671924,0.34751849093504245,0.31791209512825547,96.2039803936512,0.5988867338046182,0.017596216243770987,0.23726784529011305
108.39618789125215,119.20819139594727,104.46174423908278,82.18001259965182,104.65235879710131,0.11436715253577093,0.4391372121588103,0.1335221823228796,0.11878894681375254,0.2099432344471968,93.42742075953848,1.6560662952564595,0.015720204576813567,0.4180472574321266
81.69402206320669,115.36582845467268,108.38313140402482,86.92511385690013,83.66884023296792,0.2903154420230073,0.4581155840017602,0.41603151963313545,0.1790528578023372,0.24883181137091062,110.2029970682345,1.3914727314055007,0.019241306789039493,0.05305654397098883
87.34132915521276,119.2010871821677,98.3424256983396,111.36323793365632,105.45633368431108,0.4120961058475531,0.31083697898763896,0.1697967768096317,0.25842208107133335,0.3503743218038827,109.90285744420365,1.8999726091906737,0.04504340021191471,0.6839536604029477
102.8965259983455,85.80521018660198,117.8409781423238,92.05370530058872,103.1206886323017,0.48929026992353386,0.3647248219425636,0.10647806489255879,0.3820033106530113,0.20034592298289222,99.46175173278813,1.6868696188900614,0.03723738804220234,0.7019813154913755
107.99103778356265,105.96932620981235,117.62377638782074,85.93755959680232,100.33410953787768,0.444863565685526,0.25355596329045543,0.1798460151017201,0.2871788746040938,0.2020791897260022,80.64592016869345,0.9538853955842017,0.030801946060749173,0.25468047364791063
96.16137562963064,98.96674917930473,84.76870104790979,85.36378439491061,91.1230218312503,0.19432859539914024,0.32930472030939717,0.40693850834035183,0.4339817496639503,0.2590679481881564,87.00822836719777,1.6258607632461506,0.022013491421863603,0.6202499401467654
92.18818415043324,97.116128547254,104.43950188146513,105.38516469673053,96.47243586342282,0.12672150543877572,0.2935899993862213,0.2735125908113544,0.17879157930121578,0.4584579604576481,82.01062668438655,1.258751086810455,0.04674363359774159,0.4797541859071226
96.35132437714788,88.70514106787849,103.53224993636033,92.68163645268952,81.44239337109455,0.4896593012082756,0.12069887521323258,0.41829855194297305,0.3582866231766155,0.2045745032663632,113.88058276996716,0.7510268949437028,0.04555105613289767,0.6763552062093596
96.73600176627441,98.96530700360681,89.02371472816844,102.89831732488463,102.63087601727683,0.3540624473131252,0.15145727667338982,0.1277626033189989,0.49739563002090426,0.35454794338346407,91.59086269191069,1.9564062983375434,0.02597601818669744,0.22157303996148656
108.08008724441486,105.9179392880484,106.09732226084127,92.64856607296173,111.49728887943816,0.20128904981329343,0.2800135823615064,0.48003527291913617,0.2754900273547239,0.4601778128009377,84.71690547602692,1.8748592383697238,0.04010895350683024,0.4881885924603088
101.96577534398718,97.2567278071956,105.04049923764228,94.42629337801017,100.50956978427033,0.4475236791913847,0.23766252643633734,0.3784036016308411,0.364199401513037,0.4084847482479368,94.16689461126364,0.44634729413680063,0.04654255663173606,0.05815584598528032
109.46822753928882,115.45611546894831,116.84228789180767,100.14531700732397,100.81100458962277,0.2463716657069942,0.1208945993992531,0.16841569644500443,0.3466214750695037,0.41004007475894144,83.09157264665451,1.7189875929113878,0.022534136422844932,0.007561642404629244
111.99481643055346,92.57802766976805,113.49529449380275,99.76566586069694,84.63426897341074,0.4024194538142384,0.33347263404601224,0.133903258285957,0.106915450874325,0.41285670292882914,119.15428539595987,0.3859517595803547,0.023148733745087892,0.6997583081928992
82.88236588291775,113.67972844157853,82.22271667627511,91.22445744534623,93.36520162006184,0.31975057367594506,0.41308484109260313,0.16511538459175557,0.26296926830845746,0.4676677148311893,92.60031605391197,1.8754335891008345,0.03183225171018862,0.23563822428505735
86.91977780766375,92.55573479207956,109.70770266900342,80.58731374240283,113.08693698082746,0.16863919649886627,0.12461076152501774,0.36138695351269934,0.3378145362487025,0.4808122023430933,117.32266795559212,1.3422905749235725,0.02633466355500405,0.3563286071170808
114.26192094298233,94.89046292766193,86.14451596242539,104.03361631780324,84.78690223459577,0.46258736842195036,0.39977215608822847,0.10766289515130088,0.29215478736262407,0.4584407746148156,107.30914763442102,0.5415189277828301,0.040459183028104695,0.18542350728976287
94.5967744431301,118.3371672360389,119.81857890334548,110.88419565418343,92.43846039683065,0.2734604352457909,0.4848582878451979,0.360995192257593,0.14378285101711766,0.3037088300746734,102.64427949695974,1.6802092626638911,0.031477210673456754,0.7014459649985018
107.5066019666437,108.21625461936051,95.51366780654598,105.63554538344638,80.42910579902706,0.37824685425805904,0.1261475888958483,0.23785981282830698,0.38683242522159456,0.16282854492281365,99.01987988489827,1.1526182213361382,0.018474218344814088,0.30762735757786985
88.36230634408966,101.00353211869044,86.55005217033184,86.63627471506135,113.45217162200952,0.23933595930820906,0.3759641289868936,0.4102163607456456,0.30740471753016824,0.48274301108000384,107.49520427213551,0.3542122806907419,0.024255490687228702,0.1432950035280726
119.56532010734422,102.23877712113793,113.56278923526854,119.6128665730509,85.66383554275099,0.47013234351959865,0.28937482156311406,0.16410976404452896,0.40917262555358336,0.19725583015725762,107.45101334184673,1.6472479233855342,0.036849562096926934,0.4863943085814273
97.92982453017405,95.7029086336768,83.2019713458474,110.21320691178978,97.35116109290372,0.43712852399964197,0.3348577364620393,0.2576372025590986,0.32255334343301767,0.3131235073831709,80.42084243043058,1.6295918307310764,0.012137369752821462,0.16437066086656815
98.77307736761605,86.02691895252961,87.23706608923473,116.2841448862486,81.78596355897116,0.46989313835996704,0.18574521990462514,0.47126338102067056,0.1125364165839422,0.4076813126132307,116.31134982113358,1.0936049069877571,0.02368668700578512,0.20855190899542944
89.31409139774826,91.68237321258113,99.60790169606346,103.45780692059184,99.73159903402666,0.4678672522846261,0.25762087639461184,0.1292268747981069,0.42186701259748405,0.437145942276694,94.71853681750609,1.52944191636496,0.010643844463747283,0.5382360436647654
83.36461338227528,89.74669816222854,113.74353539050165,105.50354801913836,105.96596200537098,0.23450295519538142,0.3074373142743625,0.4237876272040598,0.17681719090004783,0.351590302556508,94.13092486171982,0.32025957577286857,0.04283467825284347,0.7673755578224384
106.8081302140542,110.51612076158116,82.3243392688579,94.6643353973045,101.58109741046715,0.27225226380632767,0.1697663009017054,0.43257608290038385,0.2298723328799707,0.4737704462620065,96.26362175531978,0.8066865444258406,0.014687597269917755,0.6038478944746448
93.53825933189304,113.77915493148745,99.30290034349176,110.74510357837516,114.08062067524676,0.3275735479279208,0.30580399255389534,0.26932237768774364,0.2602683559425222,0.42718650993484164,107.41131221235736,1.4281391694817345,0.013088188834055008,0.09931390410731655
100.19165931613992,116.382089754854,103.48495762147923,114.01097195334887,93.62363182366097,0.37100033979445046,0.409476052449369,0.2684336638444834,0.20457488988109418,0.1347460874112728,95.04070944198747,0.6535600196682305,0.041463720666651036,0.25004576926615024
99.9526783412594,101.25644164018311,84.19918863584283,95.94210026806162,116.69350690206704,0.41066239599361787,0.2661105722070817,0.3036894368386732,0.28773729407881815,0.2724551425476961,94.95324247708811,1.0382199144248059,0.013580274504355701,0.6370919606505123
105.2332896145897,87.1002632974787,93.5542254243842,87.66412038650799,80.99292527194291,0.37355983082713995,0.3434936463034435,0.48882151945772223,0.15556156305969268,0.3294077252930867,82.53859518513775,1.8809068278807677,0.03737050170963793,0.22011788832470627
117.09841834016106,97.92829313027485,92.30140289683145,103.93908766230946,80.29257825172063,0.1252960653609256,0.42316736748328,0.34652453330043725,0.2713515263970152,0.4208942618575785,96.66566657707713,1.6968156125028195,0.025194543030373724,0.5920556428510587
91.12088426403255,108.12133862795571,105.35079092277051,119.27223790170142,104.81430838632176,0.28200104339663135,0.19111443812537887,0.28900030444413477,0.12833271865493567,0.45914444385575504,85.97913908175015,1.2264939584097352,0.042867978356757624,0.37743395328210005
99.1002349451093,110.4573025273603,116.13311487856213,108.82783786873406,118.52844894197518,0.3923833498937844,0.4041263144860111,0.44979732160737695,0.4166290355260335,0.2727410361013759,114.22357016239121,1.2592535790128858,0.017314050179453564,0.7075268219686025
111.28020682952709,114.67205753047706,84.56416284734549,109.29654011975151,97.60354798109475,0.14745456061017986,0.2493459119923811,0.4736338857518889,0.47963619649255185,0.40714834620951823,93.38044332789147,1.802260530280168,0.013376682942301637,0.2873192764494678
102.12415209645101,106.16409637929428,118.79260466822278,119.38312325726498,91.52912981951621,0.181772233228555,0.17777994338566427,0.4519086043522882,0.15676636920444992,0.33365499093299567,118.43469592246682,1.7603534286797415,0.01913629808976466,0.7476571653408352
109.35013989751664,109.99934151741074,93.85971445252196,84.95479099456884,81.63787841142879,0.25130067291162717,0.22080440318447062,0.3709528102707922,0.48382763066077517,0.41105349529611945,107.38112010267929,0.4045192851701944,0.047285401392412475,0.32594774488311523
111.09372510116714,99.58798967267623,119.42160677979705,98.59893824774612,119.1166791629536,0.29446503724062156,0.27628460328088655,0.4630656753289547,0.3312428393895016,0.2986556092264781,110.24606139309294,1.0647604158712398,0.043164838926572684,0.5809885687943475
96.4630400877624,111.7472860223989,83.39277089247328,102.21846840551055,112.08239147942896,0.37313434781256927,0.19486152685181057,0.12549419502995188,0.4420445761941376,0.3429046802797827,117.91004725610983,0.5839938937500212,0.021431492297342866,0.1561556459360751
116.98806668879556,112.90332362469726,81.47882908804696,94.90809365226937,81.94793889255405,0.16595084049002753,0.21921917060029888,0.49597340503581233,0.35376945298546214,0.35444485638684897,89.5573906326666,0.39563457490372,0.018244565647653057,0.4246315604227891
84.37129164458231,107.01222514669936,108.53032785246793,110.94882731006506,114.61826192222651,0.12886546528348883,0.48759669369757275,0.4571131558234883,0.31911297690528817,0.22375556658034942,102.69163878769069,0.7616921401856179,0.016273675515111552,0.24810801150545514
109.5772587390604,112.03486368426528,81.95854839293116,89.38140601765194,104.87591093500983,0.37922209135443674,0.4333497577887476,0.4144485639293014,0.49081894881915156,0.354742159466777,81.62903217978248,1.3186266593542884,0.018848136241162435,0.010181239560499745
114.32501218499293,80.18000499758637,100.585173684654,107.09149597457589,81.18429156514453,0.22849017262354612,0.29917104522741345,0.42652686718024657,0.20613703488615098,0.19256330197759658,84.03034751822777,1.640148061498928,0.01820175773693198,0.3498190043474363
96.05422230213551,115.82539525534787,106.86451235423435,89.5063345344239,114.11124518527652,0.3899338321305883,0.2777709706061643,0.42662815807588905,0.15747343446359557,0.2342785852597627,94.66347679875152,1.8468336466700421,0.04552751473972437,0.13799712897654084
93.92125693638057,114.13378684576239,91.95774604475622,103.61281003532596,95.87760270991336,0.2072399626360405,0.3791472592265094,0.40373168533065984,0.2824010783546225,0.29121175055957427,107.30007402499761,0.9901732358793145,0.010799436334566637,0.7668681974449632
90.99300203020269,115.46230248687476,87.50374727757965,83.39246364943052,93.6770775418264,0.1528127531156518,0.380731237525221,0.496927053439699,0.41116873633272377,0.18924492927505124,113.26774409622138,0.989065378294416,0.04520490038441994,0.6468710146159543
108.7055659056627,112.29726423905126,119.94973480267059,91.8544822804466,96.31767804525128,0.34924909583769426,0.2179827242657012,0.11207062116651319,0.1719291422623334,0.14103742890553655,90.25616809893891,0.5181919587361051,0.011656988333482188,0.5916201004171845
85.47285112118504,102.99487718492134,119.9032014905167,108.03524040482634,103.80851361653487,0.17837302142727768,0.4182417685796014,0.21713285361217272,0.4028159803780448,0.47954502193710835,109.96308854550429,0.5909722466961751,0.043073393220539075,0.3626656253569516
95.69476371687176,116.61195041142219,99.87666384521398,85.37467653252246,94.61513852796534,0.3297092460271099,0.29416357680402183,0.4000508702361055,0.13883605595723603,0.27128483499395406,88.97164629792199,0.42936605872642464,0.027029889457663457,0.2072838593366524
82.68666675391067,88.07916150755126,80.70675123999649,98.13119666000654,105.38161059807189,0.2995298379728243,0.43242052415935106,0.4256870640925198,0.43930614393999246,0.3791491711470808,80.24222424465324,1.957825956063374,0.01308822218469897,0.2594904402391071
93.73169849515631,96.81527086021109,118.36837091378304,110.07852486299662,101.63426547779805,0.31222232287393503,0.43115172853735284,0.4493129661021079,0.29219383706352553,0.4942647631555087,82.17652099822938,0.4732955137270116,0.04196020828769854,0.16349133080352962
91.38163500447301,115.8798719509198,89.40388467522638,93.01370922066708,116.36259257691793,0.44992724999167144,0.3041878661685632,0.12771503813884255,0.18979682034875853,0.410559431750514,103.42234491222885,1.5741242885217164,0.020257588343942375,0.44151092851134427
101.18168221140289,109.69271797671907,103.62979176655065,106.1375683603798,91.97533166059303,0.1444617027994739,0.2879200265277053,0.341940876841891,0.4513387313482061,0.43884554515739194,99.88590184377254,0.806087507791869,0.045121122104835966,0.6490211196548876
89.65488246506652,92.8996938867466,86.2176625633369,114.9725746116323,91.32987733000456,0.4057111684238931,0.2630776970444796,0.15689970173691883,0.36785972382313914,0.17251544899538906,90.81700911717729,1.1900086490730457,0.0400903061683058,0.14992870162636285
102.45957577657538,111.67897700565496,111.35296437502853,97.53545034336771,99.05029234346902,0.32452579336344634,0.4922712729853378,0.3201239103229099,0.358222746904179,0.37103018876646954,80.26191434411307,1.777242871182461,0.04927081891869186,0.0036379596285863514
119.78806995740099,106.98389907916096,112.58553772471531,116.10215876876927,111.50359344917356,0.432155343070202,0.27399227124281955,0.2990039604209991,0.170388805569836,0.3458719550950008,102.72041397013605,1.8882930400798503,0.04327491562523609,0.1004852133417372
87.40717379814271,102.48682934950288,84.07576629258179,106.11688506255993,118.21397712751244,0.21830320252975569,0.30304989955547984,0.4066228774039592,0.10702796187279465,0.32556621063374924,112.70426547318607,0.6704030580152232,0.019638456137877486,0.3687457194584295
100.50928257200445,97.31889971471068,81.43371005672653,118.39098089316882,84.12010736520635,0.1693780069242759,0.21175333591354148,0.11388531203479918,0.1677851040743609,0.4946517573148608,82.74179511693514,1.8447214558801466,0.026368608014410926,0.014876825273968297
81.64316373219388,89.84266446019754,82.6212173567353,98.20471369647049,100.6435120502845,0.49940910447972475,0.38793916795585903,0.3447427419084774,0.41080278123970604,0.4586217088740647,109.4589782957523,0.691091760198565,0.037865212060055435,0.3226143020388957
92.50279796114336,82.03841930299544,84.46401472996907,95.38017511959713,82.42113803306144,0.3077220238261633,0.11411359976708049,0.38375832823202105,0.493841000828969,0.20322118238878453,105.3817040785627,1.6583951046026872,0.022642598250980445,0.08892645932740306
107.92758902439654,88.28082166099247,92.08286275134554,95.7650310871239,96.66438532276592,0.28538622618444,0.24450976042051248,0.25618699769194536,0.3885599975501428,0.25136175590242005,99.17419088804539,0.2766881595023539,0.031860144745945874,0.08621313511564521
80.06642830699202,84.4828148399479,114.51058254963513,80.04932250047632,100.326694232515,0.4764336501834907,0.4158633815054241,0.11105881003507806,0.42741955281349,0.40914296897546343,81.93365419904208,1.1866550834708278,0.019505884752861854,0.5700888134912575
99.58008026028833,93.32376644042552,97.25308080585799,111.22324550106337,113.64814824859826,0.3065974913524934,0.29872695869856547,0.4342107613867814,0.26991411566521395,0.16378493731731938,116.94285665569183,1.520172201658428,0.03651803444346509,0.7995977674852406
90.41394173661,92.89961763870919,89.69931412113331,99.1945360220426,107.33033430635251,0.22515953313961307,0.20608096134299575,0.37242361186058015,0.1715493400163381,0.3579089745731229,99.09763955706971,1.7181431955719233,0.02368535925089677,0.15558529496946039
89.13011501853683,93.22942968219466,117.21538470356602,81.94277159387832,98.43078420958264,0.2863867789055048,0.4358643717647127,0.29399949728698715,0.47192157382775324,0.4601876511542351,95.98427843524816,1.721975551190718,0.012207121533483134,0.18367129371717736
108.46232166387111,86.01816046229897,81.89496080021928,85.52821486554123,116.75292774122732,0.17411503164160913,0.3744665409407535,0.1858498996483101,0.42932172249218314,0.3542892618146277,114.4590160835094,0.7730187084851696,0.04871096249385657,0.23713458709064145
80.37039127284494,87.53287899245407,81.25134051606578,84.42517870248813,104.80597146513185,0.21764707771266045,0.1996494513534026,0.271831062018172,0.4202891885844524,0.41846464361578073,113.82312915934952,1.7430118165917317,0.04375614275526963,0.628087473438748
89.66555634956343,102.76848201722707,103.60781531064504,113.97741332359116,80.18965571647496,0.11335049022197419,0.22091488618836005,0.2691403853878871,0.3342328053776973,0.15981080352587962,109.09043812000095,0.8163822985687273,0.022148670904352654,0.4047150116052103
114.13477837369467,104.76476345707896,86.5097394441983,110.91749552541137,114.21966167162343,0.23411320821156992,0.45423880822718354,0.2906190053654598,0.39765729041737574,0.293911402598536,113.17439931600035,0.6590928937104429,0.015184992007601733,0.4565416102274766
90.1705393501663,116.75174723610724,98.17829721194632,104.13697817333286,119.38598134470575,0.28599303056018544,0.34877021003340164,0.20374580487584704,0.1999208397225,0.49574154195664366,84.97313923931762,0.25257822201036595,0.03940904693061256,0.43720572033288196
94.46144314556797,112.52637383280452,92.73596471313839,111.96854088965964,104.0293567545057,0.44759680372768895,0.39510195857985786,0.15485781562221332,0.11208988447390666,0.1701650016788372,110.43662220321367,0.6625016964834582,0.01882691127109499,0.7498970825740319
88.65422780901605,96.56104375156946,92.70542537454247,83.12433572321456,81.1933908039879,0.47509238580300805,0.42651590809959516,0.30923040499543053,0.4875122365473509,0.1586328411609204,93.12136331936512,0.4572679416314474,0.03421816294929708,0.02788237578872348
93.85914621628723,80.76136591269946,86.619510303271,109.00733283403476,108.32364942734351,0.32366017600241476,0.17328885055948395,0.22257144192172237,0.47605400758529026,0.44731140661947344,114.69979173873111,1.4311390545482428,0.04116316513371903,0.12633248417888227
109.54321545829531,92.68612684519915,115.60077828470781,103.75322192113791,85.04105366986506,0.14071951425223445,0.1998175222243754,0.33780298783282026,0.12454111493632976,0.32003385894057496,94.80925863947436,0.5033783485815504,0.020896954535330022,0.30569038568390455
85.74874645822136,107.72381707718806,86.91775745768312,100.29170806328173,119.67097903714843,0.33379657431760423,0.2163868725321838,0.21724919205004936,0.19163170750802833,0.4742705480784172,82.17215808480302,1.2744211560529903,0.021385465405003568,0.39042477556863936
80.16030418933357,80.66319207590227,119.72338327722026,103.38555336536662,85.07639902074052,0.25554845627963096,0.33410762524555615,0.22062982970140582,0.3810656017659617,0.14057650842345704,96.57520947081463,0.4713185795191396,0.012464506586608892,0.09114952790223595
115.89208799016374,115.21521200510769,101.44801652445501,104.87168119443027,90.92748766003506,0.1286566172378656,0.39771350423275453,0.39066718332614003,0.2060005344562649,0.24201868508987534,110.27108140305445,1.4827324325082292,0.022793926301311496,0.7145357274751266
82.02078785488021,103.78270435563458,91.79020772811052,106.54484186641407,113.44980707370405,0.4829042005331289,0.14173211799812574,0.17325882661866843,0.27201534598929333,0.21283956242221005,100.0372824391759,0.7497046278837668,0.033898042738593114,0.5422871288452766
80.72642175657457,103.8285509874291,89.25122158747409,114.95553991615205,90.14658026247314,0.3596034194528829,0.3762406891786738,0.3105552335560381,0.34447892056110796,0.273368332808138,110.54535647235873,0.7902186783234337,0.01623187304293773,0.7457946862877031
104.43080532941673,102.14163360358447,95.84666000236996,107.10483054399177,109.03078538861735,0.4041549014900664,0.1168393991385079,0.22515653466235236,0.37377201655795766,0.23185804315015301,81.41094963464428,1.370674301451347,0.04812331177188646,0.7526409919649215
102.67751181277546,110.33688948739017,119.33668303971751,96.7708955160322,100.58332207542124,0.1314141121771798,0.23800537138671013,0.3845979087154653,0.14879394610132712,0.3898525456846619,87.08656814404117,1.8931543164927451,0.03889662933415419,0.41002644352191303
80.49879511764853,111.84114225241514,100.80920268183975,96.31845721442261,83.76287852357584,0.41018228654303024,0.3541202977690796,0.1976936194232577,0.4221181428780246,0.18577700071138614,102.54431724171175,1.985301837424706,0.018156035490781455,0.6824065909023997
115.58625686701589,95.80028960162225,107.3032639283688,85.97496625472603,118.4619851816413,0.4623283808685402,0.38265827965683286,0.1218879706588239,0.41971484746466525,0.30257341614396294,95.41255015390526,0.8752113202415204,0.031224666898259798,0.5894036733147888
87.13767047287324,87.98167971597961,114.35931442230856,116.50330976567724,88.48589630093205,0.2810595585252206,0.26820447707939477,0.34265202657636673,0.38983140031318453,0.4583906462898243,107.20702974680799,1.9060715031295676,0.025657635363303212,0.2884065374070545
98.79203552699312,109.3397961825132,115.13462935243206,95.16210780149221,100.68077947397717,0.2091779251788901,0.3523105091641695,0.374537044587252,0.36991885591475704,0.297200259113188,118.50216932481688,1.3215625695287532,0.02529412628354706,0.5258794238371178
109.6686564207894,109.24543906611181,111.31840520104339,102.79735274566106,84.184603872191,0.2564090192814804,0.40495152682683666,0.22000392161632054,0.18322126495929725,0.31833167750404956,106.39447842802056,1.8363200081122204,0.03239952798744869,0.7621979346024776
116.1589316351216,114.62290157284113,111.92389743273333,83.99449908642919,88.17589468325717,0.2070443430648708,0.11329326510581561,0.12063029735292218,0.37800421055474986,0.4892583383968293,96.694515795304,0.29874125928252077,0.014326026359531348,0.6112072300677804
109.74401460430607,80.92560378327786,119.16898534829119,95.08578721422722,108.77250134763294,0.28187535345043,0.1588244502338937,0.4272332842117412,0.20457435878948793,0.49825058464155225,101.69456073773362,0.3080524907338708,0.01861254503405613,0.5675296949296658
115.50284353952173,95.78519552600329,92.76529954398664,104.34964515592986,103.23957494992203,0.32530566633082403,0.19305301942404027,0.2984019078097376,0.23415250873185944,0.41178879385077916,116.51305926784681,0.3805044609821494,0.015987212186657943,0.17749719473635653
96.36559910499189,104.07099023470835,117.41525478265979,98.70561026506385,87.86968723002525,0.14232635432322233,0.44280108681301933,0.4069347577056539,0.444545521560595,0.4579974984166659,106.91956986648852,1.65768775338416,0.016959167774280484,0.6649027927211664
95.08823931532015,95.76427930372475,85.2443477210488,86.51486002218219,107.38248293574709,0.19191112917723252,0.3084023228914483,0.439968888066551,0.25095518884644463,0.12416303071825299,112.12717991018111,0.49142383643795806,0.03620869792182145,0.3117318023692547
93.57911016835611,118.1959356742323,89.7438698143443,83.95698020419289,110.14018252001031,0.21665374261540662,0.19676812458992435,0.44802504747564187,0.2855385397636593,0.3734176949785253,92.06073636406134,0.5590237703696117,0.049846595510317004,0.49926233428742095
115.2414420767148,91.12453427485951,88.08352406581912,87.43064539484348,100.8804920546605,0.48484765987663414,0.2196751409540815,0.4044798230109583,0.10910564860748857,0.1416464701246113,109.7728462735309,1.2744498284759298,0.036044244611673874,0.5421816820122279
98.73666564987084,90.37759359418138,81.80692467957705,99.25965361305123,118.37329390542433,0.16474603600131124,0.22496733474900338,0.26119488605175134,0.29080635629290175,0.198132538513359,85.57725477359448,1.925530258620673,0.049388940882255865,0.41219314133771423
106.10076803010654,99.82026226514473,84.42768296118464,90.0974516219835,91.79095798298171,0.12648612784405439,0.3710092367360973,0.10946454141370579,0.42378825394348996,0.4716619300604806,109.99102465620871,1.2424468523907695,0.03308029422359178,0.13246820012248514
110.59214210428937,115.06843189058478,116.06567414265754,119.38274433003016,119.29466732418129,0.38414756546385376,0.33838420690993276,0.36280741173145314,0.3608888186470377,0.4726820544266003,115.26234371209698,1.5320426515214014,0.021332344783604282,0.5579650024318475
118.11996531071927,82.87288562011537,85.5117414371122,92.17866105904132,102.11593016257845,0.485722348477587,0.2706846567632887,0.34683167045936725,0.421122821493669,0.10041526286885501,116.00929868213687,0.5785349611078122,0.04489219321748408,0.19779385922020332
83.87911554821918,113.8318783120857,104.67024716309237,101.6945760920882,86.61245293469165,0.3108063667310863,0.36115053592707913,0.3868821798950327,0.24751576375851247,0.2182577682446369,84.66360244210591,1.8498045930101257,0.0126876438072309,0.21229165158089514
90.1302189760079,86.41248099929032,114.07732631179195,103.36911440244873,109.40517710078534,0.1728570266271634,0.3231262196210738,0.4677213729008486,0.4583912602896193,0.24398637086307695,113.19528210294936,0.34778413499084615,0.014097117536558353,0.10143319634853915
91.84131451640103,94.85010548353108,96.19419857706134,110.4005988697614,110.89411950698272,0.20314205597528107,0.41551752906831085,0.38999200729767536,0.3021359324549969,0.255612103815543,84.39746091072146,0.7449332645441564,0.047904976355074,0.49595381320392984
88.27254110056127,117.66155426952396,84.82621349774746,115.84488329694521,84.01582582599237,0.14951916149806999,0.4140554356368946,0.346985777432679,0.25075267189520667,0.46751519042671985,99.13587813131052,1.044017334826454,0.0360074079741503,0.09392459307005022
90.58159244605244,113.85914144271828,87.17968289384349,96.5427172523988,97.99437199776506,0.36386908256474493,0.4716955467374985,0.2897649841358576,0.281847129625572,0.47489571612563186,107.3008611874466,0.645801270805713,0.04715848095603743,0.2761734598436757
89.8103589209284,108.40980805343946,114.05338597608815,114.98300559422287,93.57288582946244,0.4839165712974133,0.48430692755155447,0.4275589575629771,0.28496245792973546,0.18411971770762353,99.36996446046997,1.4115814246976857,0.015315460804444894,0.7116177585707679
101.23401577151257,89.93625615462607,89.79186006200581,86.45016251407696,117.60076043230059,0.25337635251113133,0.4753189966071155,0.24542171803211998,0.40268697072941506,0.46920174043644314,93.59638408840588,1.4378867581064958,0.04073043814230639,0.3624528237438745
115.5195531442232,111.09434853310769,100.70646085150916,99.62431662047487,101.18982664729992,0.48815686515257184,0.4790696587501425,0.3220230390889104,0.29675202986034815,0.4950562035071945,107.35284629983421,0.6207515325769173,0.019392418023466883,0.7156037732376321
101.46272054308358,97.38252338790761,85.2701933156827,85.02655411474144,118.08998863382733,0.18727168183212273,0.17501210467390504,0.48527291909833403,0.3756779287296679,0.31452160391926315,106.43515100427575,0.2650347202807729,0.02373416737201419,0.39417357272248693
99.28123038345402,118.12822099620756,86.5430751084044,102.17666208159734,88.30869013406156,0.1528199171365223,0.3052960996065317,0.477688461408622,0.3411565293394687,0.2618514489758139,103.31570620662268,0.3800551839836416,0.04595965505738548,0.14306704668433207
90.12738424506406,81.20218315044715,84.75813242960845,116.67393630516783,92.86131965929327,0.32044120058605136,0.4544580348071138,0.465139464454131,0.26003526626115814,0.34322440097372886,101.13714659106927,0.2507487987977324,0.02645021397106284,0.6071325574300501
104.32516847658366,98.60056527957092,96.01804980981113,101.27544365384273,87.48955778461367,0.21168104507313232,0.2804341184633906,0.18795305471325718,0.3125889047462301,0.3312960539858648,108.22959596489352,1.834439002120373,0.036821463877870206,0.28275795089768546
119.54415594078307,112.73231474815452,109.66458530926062,98.7503718805581,86.11508488505343,0.23513469445230928,0.20884732025545927,0.16041024265258078,0.15581746648246392,0.38458444628564703,96.12148226804607,1.3379149666385743,0.04549104216967384,0.7731284839918334
116.82663433094271,93.6554826952691,82.00426758787735,93.69614707242515,111.77828121983538,0.18865520142908135,0.14719080844262422,0.4995486759057155,0.2039666007556228,0.4584193261712529,82.75072990969353,0.49226173189784095,0.04483495713487254,0.20970338035761504
104.90834979952832,110.03354338979439,111.7454153544951,88.4781844432217,116.9513326437272,0.343674381500767,0.38602806672272605,0.32436756459985416,0.17232447802398757,0.4388206285810411,101.49818040764895,0.4118976138472705,0.010356290152932646,0.6577179380704754
97.51958411681491,105.56054597056658,80.09235090346968,119.73473993644711,91.2358554385662,0.43118910659471366,0.239874186140107,0.4055402785645855,0.31721610333777117,0.4636196562240259,108.93822208975347,1.680791012837465,0.016328611027027522,0.3950882804592927
82.48252426160622,98.33048166146057,85.16120228728167,86.09306840630303,105.29131252120841,0.42112974852158713,0.11639830792081232,0.4517103888765034,0.487426567191396,0.3968624810500415,91.96639630464267,1.6693192926085794,0.04674486556542661,0.6737058128291094
95.71709566280933,116.8740980061998,92.7662597843228,109.04720513535605,98.44397720619631,0.1479654123388272,0.4229503559348481,0.3589956170494344,0.2355305270087921,0.45361222047706673,85.6300455254373,1.8729143703749858,0.03249663473289044,0.14642898466637064
106.39805204517116,103.98781426863962,98.91135891035992,118.00244378497749,93.70854571019824,0.32622667538126915,0.44117117240776094,0.36804549943369713,0.2154064414819713,0.4900074783444146,116.47364776648476,0.5287285921953276,0.029207999555186007,0.5069347863111215
87.0894200499709,107.12376243519313,113.84030245231635,81.61014959759694,97.98530753690721,0.3284022191758234,0.3067020967305836,0.261403851301302,0.15453768123107495,0.37448515201446464,114.54998658984783,1.1639808302791637,0.012610314330813891,0.09054852722859136
115.69950758749306,109.9847447569147,119.67230865990513,101.25655246388975,106.39982875204605,0.2723196792023256,0.47384500414225683,0.4860388674475593,0.40705634213998043,0.1969979054810141,104.73736877165277,0.4625830992292609,0.011002089637498052,0.6444126769793521
92.09921124551713,117.90142398663968,94.65341954226145,109.54042850746515,96.12560816476328,0.38639187232158656,0.1081687003860222,0.43056020112335713,0.2974474268362116,0.4746958599540746,111.46428614816304,1.6423692383555442,0.04813658948070805,0.18852290040077035
102.47275720251997,108.79130140086184,100.35736607005417,116.28345307638034,96.7720395171124,0.25110401653038605,0.20526944179353773,0.4980225355024157,0.3122711486048301,0.4452730169641753,118.75221259097687,0.9718483716625035,0.028954043300197678,0.3420603825163788
105.88287192573301,93.69449733200216,96.32626672924053,97.6020043293421,85.03228073249142,0.4644228656084035,0.30738748511256936,0.2822855702076751,0.3211543819089401,0.43909580115256563,102.77035922907363,1.4676947240109208,0.04145669262018424,0.5247803651136448
83.66894716236027,106.69959692587031,106.22070953372209,106.51638856840381,80.79065781370767,0.4858640926403198,0.23132884374788648,0.39545215284793866,0.2141497909159838,0.3443812165326022,89.76726738401359,0.3030489439037516,0.01880005573397899,0.38257170333569707
93.0618737068712,87.91239389036788,111.12605690176049,114.4252160558452,89.86721508904589,0.42191583528730825,0.4545945298645173,0.2794864737116987,0.24790227302635662,0.20138064480435514,105.55247962130485,1.6113792449106508,0.019482878099688218,0.6231175453759251
106.71396635391946,85.17451213833098,91.00610102406853,85.54617984933678,91.34083066396917,0.15336686816727504,0.24596702745746965,0.44879112189913895,0.26752380648425533,0.22691726632448883,116.58374704401815,0.6516009983133257,0.03241021281576826,0.5505364077003417
106.98946189397111,116.4130764074101,88.10089631696744,101.68316139802877,108.0556440497373,0.3956528978345659,0.18623378865037551,0.20251472099507298,0.474363459335321,0.1326358770468867,107.6059280559392,1.7249076261616627,0.04504103344193665,0.10432460275175465
118.11689873942262,104.40241931548695,90.20427724109523,105.01912627655744,92.81964646712065,0.2658524720973693,0.3307004769579217,0.19210428624584225,0.21240499369388788,0.1887381458994658,81.04961564597613,0.575252346857002,0.021543197424183827,0.6187702488043093
119.04513562766832,95.98704540654548,107.41710883044057,80.92910329387034,96.00245784539021,0.23807422882425666,0.45940230203137933,0.27263493862866606,0.26713160660937274,0.25463235206975576,116.68530415450063,1.6326701657912244,0.023151999350232853,0.3387858519050057
115.00430453290046,104.40909777732983,97.75771545583905,117.43749997742904,114.15937504588916,0.48564629077502974,0.14691977448792626,0.44875016837574655,0.2308644270911902,0.4826046366821414,110.14701021015873,0.48468503043983746,0.03202513224878685,0.4782061800654049
92.88862695291753,101.78193608165358,99.59297024369852,105.2881000045945,93.36445067835022,0.22609089849746355,0.1331497453025282,0.30801675374100634,0.19114623172396417,0.4011959261893504,96.07324053589592,1.410980167054853,0.011600222870709165,0.17325855971122542
89.76820003063553,116.50687341022144,116.95497997994025,113.73291543047915,119.12817723058245,0.36292224733118184,0.37458766316895076,0.17739579544425466,0.3834521059540562,0.22453241079213493,119.49967557396263,1.6137027691165926,0.025150485929810874,0.3384732739012498
109.79966103118754,110.58668914247998,110.50360367850563,99.22430523769226,98.25808778057086,0.49946961122402844,0.3927070652296025,0.3361646029634051,0.44684711168621927,0.3357246798877709,108.86717331342189,0.9259074894462955,0.03225131558566784,0.6537288951239767
89.60905104596013,105.79276777437161,91.57280544409338,90.31233638809418,103.43845496384219,0.32109994671021336,0.19492624112215184,0.37124479813017,0.2498577712997846,0.11723305112485215,113.01764327342767,0.6775820743330672,0.010193072090253734,0.7410090963329624
96.39929552900173,88.75426435178528,112.64224067011324,114.42279677177504,86.70798078711124,0.42642471854798314,0.12074926665949676,0.36892004913621035,0.16268835659396608,0.2730278066283456,117.72666236999348,0.8529232906261087,0.035520140686638405,0.7509566739204089
80.300281312,93.44519874117495,111.9004334272301,113.56695464937297,85.53316280464198,0.44363666341868824,0.13776781964565865,0.3668602714210484,0.34504749699443416,0.4470118985425171,81.58313858884264,0.7690354032236638,0.012038439126189729,0.5600710711743047
110.97343604732205,84.62816669237718,95.60250360626117,119.94438060047663,87.70363292923639,0.1690939485296267,0.41991500185432196,0.28004847869653127,0.27145756499729823,0.24471374033594998,110.97679376146715,1.357866603121184,0.0387983567892688,0.0631283078878746
86.15854330310506,96.91201330187174,104.78674103879446,117.31603129653013,119.23284582132138,0.2542296584783672,0.30798385057009003,0.14271992916938633,0.2700263479491832,0.3607924860238092,95.45385741431208,0.32798305284009066,0.042067138436813076,0.3541066455154549
82.78562546365579,85.51990069391621,111.62951895583976,90.82528609083442,115.39396238025442,0.29927694137532584,0.16633178753984912,0.24522068071665282,0.2771846697703719,0.36754992585318724,114.76300051595099,0.32251367452358065,0.043551790312292823,0.15445695078707217
106.53813028916346,84.47379209522708,113.30117139696029,87.05425520032304,96.93981578718615,0.46030652901499913,0.32015020503512737,0.37054725124694565,0.13087585017576178,0.48178681173903726,115.15583423732932,0.7536020147449095,0.03693552427298182,0.5580916516506422
102.08739714237319,100.03064596321113,107.44651662460602,106.1074693947702,119.68168022112219,0.22608347614220917,0.24171669987516858,0.18913711225660507,0.1338680287062197,0.41601871605674046,113.1447388201077,0.734703382964199,0.03246282418311868,0.12909691402072862
119.97687636896751,100.65837610542565,83.80796347843456,109.11373195874873,119.06656312866357,0.19619603268246913,0.21307509413812525,0.17271851064250904,0.4899541121195521,0.4124139189116818,111.16802342611174,0.5598729168049972,0.022302459768447674,0.7820609740509022
92.73305550516082,98.44835543350295,96.99107699261823,82.05676618227717,106.89057724893779,0.4719598599922802,0.44468934682140415,0.46251871981810466,0.2916136207396772,0.1682165749428402,111.77131338499731,1.5044261565302555,0.026984548742665634,0.1556285470723772
94.1335078027387,111.49855498526009,113.28480301127945,112.84923146391381,96.6666399215952,0.23075213374301776,0.21698060679268144,0.38685353504054254,0.11026907452293698,0.15681688596719084,91.8621000288643,0.2915851165953889,0.013482242281207965,0.042170978044568756
92.86182728963598,109.95283118668219,112.05557735370891,99.65029785565464,115.72124078145212,0.3731540481019444,0.14937694152017658,0.11931674030816009,0.14368606584447635,0.3762696612172386,96.26112824505563,1.86741084643326,0.03828406229589072,0.6748375222109854
85.75634784314234,115.1627511863584,83.84380931887524,86.14102088218456,101.35360053095842,0.15573010376188004,0.15852174445459255,0.19212007870363973,0.40036428167860905,0.18014116490431042,84.60219562812244,1.5756019463103283,0.010987374721379154,0.16181703097523262
82.7007392074966,82.11228405600441,80.02074976662823,97.45266638777053,110.9849552516892,0.11415015868968288,0.46234534223037627,0.4505273697163691,0.17392760035858895,0.20613703590938198,113.22366087446457,0.9551759786985123,0.02653748338149655,0.01921019879425261
81.39353401119662,106.09030425863422,112.92509269664745,86.72003394311484,85.87454939285617,0.1754230285774564,0.38781381558469197,0.20000355367569284,0.47257990295140084,0.4310564097534276,105.84025903298635,1.753135234885844,0.030248428066935812,0.43846203029449105
114.43203894482144,112.92498439800379,101.55767065056747,112.76799517175921,83.7102430969798,0.33536045102786927,0.10357528988548528,0.45346776256666665,0.3911046586130217,0.4151629586164026,104.50866860466473,1.3317686554388801,0.03600358072013866,0.7753870172970261
95.77926071755017,109.51190224425491,90.29807837295854,110.09315657734211,100.16714417563256,0.12873008182879642,0.3834240680874169,0.4218357894496575,0.4826541424628219,0.3321881891129742,89.8431215642619,1.247901732799034,0.02372795565625907,0.21399811788201442
110.01063951792932,98.58718551429318,94.71617360887271,88.7675686591453,88.3351736574006,0.3032167407997086,0.27015871599276475,0.3805150723858576,0.4683285218858455,0.3399020194864143,104.6014433620636,0.7977812566556166,0.027711513315565664,0.3269783840976147
110.05963242285584,84.75641392135842,83.43929400443781,87.0516546008852,87.01386045815687,0.19091345660333592,0.1070295801236707,0.3476452473070111,0.4458391552076211,0.12639011102936376,98.18206900724616,1.410433178832631,0.03349504047765603,0.1897335245647546
112.924304912276,95.9402649389685,119.6155382944193,85.48845031162449,106.14159302774573,0.25902848358453834,0.4760187704323612,0.30067079834272215,0.18826329191543723,0.24146256470753938,119.81075226662468,0.49446574439788404,0.04692699163339212,0.44638796647235135
97.94918028805003,95.71672706788296,115.0033679621633,119.02382583313599,114.91435835096715,0.26325582647792256,0.14691580576671687,0.36431689753936447,0.3368657316369906,0.35908915114623097,114.52273090949751,1.1685737651620938,0.03687888524683326,0.25823133644592605
87.69202716140532,88.83191684835737,106.24295516380253,91.56334326552766,109.3890052312232,0.34431662747207514,0.10666882731533588,0.16978513982652788,0.16622880077834423,0.1391805945191958,101.03931527626229,0.45319260629437375,0.0201773761028124,0.4730908193248218
102.6568260323858,102.03635073961613,113.14187699355143,108.42131086970711,81.06311059989167,0.39419030927931054,0.1480548857913967,0.36727762938013775,0.17135612386147017,0.14732407129917055,112.33822269194701,1.0290071471940112,0.04389054482397374,0.38241674647448476
81.97836548584063,104.06233809824063,99.44768302489102,90.40738621371966,96.74624349259207,0.16501201944643173,0.303361382615208,0.3581930039431023,0.4247699440230547,0.15142488218585226,86.58020003433353,1.328474616978812,0.01220257887209537,0.7431322172599886
110.31641274931442,113.0644593863172,102.44892271560177,95.41477923428411,90.82787045980427,0.346474698954332,0.4095358397644989,0.22496206860315376,0.13188623174697509,0.16237838522660555,84.05601996506407,0.5221310156932597,0.02089196247938678,0.536013997485809
100.87673883077014,92.58998474257524,102.56380548188892,107.06609530038551,82.6431684367758,0.13662345902418271,0.4548847724090712,0.25068066734409383,0.3093394420543144,0.4074752607217259,105.22603198701455,0.6387093211358132,0.01432607136075052,0.5460752456031099
80.04269860090989,88.49108555362972,115.78045990875124,105.85163052914237,86.87841407748091,0.24859936884828954,0.35964106185104516,0.1306719412873751,0.2923622590274402,0.13860758646812307,109.0714331175557,1.673201018954884,0.027881545617210353,0.3891734255915341
115.61055847294475,98.7982376114936,99.04367026714642,117.4216777537062,82.3794676873336,0.19931365627209124,0.21733633103818747,0.38703352155477866,0.3696416745157015,0.3988320355724263,82.12225757277872,0.6974975176598113,0.03547708763014122,0.2425160652526187
88.60713098514874,103.4308530061889,87.81946038328016,107.18108036835831,88.56369157346882,0.12470201889493407,0.4975656848692188,0.12176801148390758,0.43029911657566167,0.39610757339221425,88.03853404791282,0.41722310161982734,0.03123981285091481,0.251170584494135
83.96627882395258,88.27940638563359,96.9093613708825,87.04553196692319,85.3876809969339,0.3367047161967279,0.2755428660579949,0.40285294130807314,0.3959431213075385,0.1548713341959218,101.49071907689896,0.828707712224239,0.042450488085519766,0.403193202378253
114.41127544875764,92.81588814389231,94.43034746073015,82.21081638004911,94.29478494008217,0.4170529891843481,0.13142279897398612,0.3002184568514139,0.3580327306268777,0.42867554295009114,82.512663983553,1.8864948955373406,0.032699526573482934,0.15352894328182246
90.59228709286319,104.41940269367154,88.21561190689627,115.53461812251362,117.1866648367822,0.2852440872372215,0.1947432310260581,0.2962638461826426,0.20008324417484805,0.3114901525824594,96.96211345134799,1.4641194827464525,0.019306677850279855,0.10594143140033899
83.99324228707161,84.29611825154309,84.61305752443951,104.78277025241248,84.87875856838491,0.28500327324260716,0.41220179350015773,0.19603604537701158,0.17999407367613582,0.28967413582678403,99.28319117833205,1.2570100604385148,0.03145687444673709,0.29789206637995064
114.09529271721065,110.1708605975157,112.79235432952096,101.04242107544084,119.86708846076614,0.12020174607634027,0.19173625137420236,0.24148196567507677,0.2950518850243641,0.20777468449014563,116.8723892855337,1.7207343376210835,0.03941958086130787,0.10438036783641147
81.76700411776645,96.05059856744454,92.95746675750544,117.94581994850564,103.07443833990371,0.3242545978833625,0.45136586657806865,0.3174909845430408,0.21473580869457273,0.12479238880092597,92.62705985583523,1.4053276875557628,0.03011813457035358,0.18460926753557497
112.24763861778901,86.81364774634075,119.14536575601755,99.94558187505261,99.74688305082583,0.15466652189932947,0.3244869474188763,0.37348353524175193,0.11986717742162822,0.17421993188539267,86.74673893740137,1.6695045354100828,0.027678781935335593,0.42801902497573696
118.83538914182951,95.2292944486858,95.90100098219972,103.39010811219747,85.12210442191147,0.22763250827062823,0.22790924355220096,0.4833628056711844,0.18150823917696904,0.12500813979164357,80.30033034875898,1.400024753838718,0.031163894135997017,0.6320758462258106
92.84342505647419,87.72833289780522,84.13133916428198,114.6457842532408,103.57324664509903,0.24120593172492766,0.1537767884118718,0.15063278605431565,0.26298026444685135,0.22255645569997948,84.86432424174593,1.7624511852988578,0.0319223268943814,0.17981726960941585
94.34691166111645,96.34677509466852,97.26076014749418,105.32596728578838,117.07077565955973,0.13669071046214382,0.3417213717709797,0.30067990640814,0.13083986758052216,0.4450977896056577,110.0346399528463,1.3420143071518194,0.02242228523438529,0.6333315866988779
117.3111847862793,95.65967918122654,93.17049838391078,98.04186000741021,102.7173692171397,0.2138852232849331,0.4845523139788718,0.4726154530225303,0.27363865048750113,0.191426776175334,97.79687529864586,0.7135310213780455,0.044169054042332984,0.012433292128061258
98.47271645798993,106.35013639266803,102.17596093519055,92.82862186776305,93.82923223050531,0.43394108501208906,0.24451433664897873,0.16542027786851932,0.3206430863275765,0.2957609770805063,87.9490017094626,0.32195674998959856,0.01830732059107637,0.7976181855235395
95.14371150238924,83.78559072997555,86.64250529655892,108.92455208581545,95.5638684608832,0.44000715152558256,0.39171255193573284,0.45045579473470154,0.39388116495494974,0.35686998425911887,117.32110777288268,0.4343104321101029,0.011313284868331462,0.41355116075293924
88.58155890240575,102.50689642299429,110.22158169893709,90.29689449381486,113.07159527694978,0.30007086091080515,0.495021315798579,0.48366592960006893,0.4395411926142999,0.4101276855142112,111.50153273754897,1.1467801248313663,0.03965968863429864,0.3807098812193405
117.10019438500198,103.89578116295363,106.75790635966318,82.10303961292222,117.82079564087626,0.3310238200474048,0.20390134421048273,0.450175610835186,0.10432645395158309,0.1909759867175733,84.57458765399392,1.9505946660412128,0.043692550839957524,0.5204446819894633
95.69938937059776,116.95601602181719,103.1591009900097,80.1847519537331,81.54167997293743,0.2614929780337879,0.3344628620936288,0.32435172814414237,0.1703263305541139,0.14191927992541273,90.75829419573398,1.5790579508932665,0.03570945091879833,0.38014073101332163
107.21675222679687,102.50672055327732,81.06129748824297,109.73839844889541,114.08581348276726,0.18893157103411187,0.23948351555859346,0.1056214751680345,0.3769823282199424,0.1990909742949966,113.97765930105183,1.6070246728613948,0.02875780571650268,0.3264178290010564
99.85669929757233,98.6302976142902,80.2189243533851,111.46598849974397,93.22864266984422,0.24056177461934497,0.23396067623355982,0.3047319203514087,0.4439198888378444,0.15975598140221647,107.6972667118968,1.4116274634071815,0.0490082178497494,0.29678663352936624
115.15054479130158,94.92242350232212,102.60311642522822,90.8136715279731,86.42353250339674,0.23629084529250802,0.3768115230927135,0.11769256531217472,0.4319914540648895,0.4847300561989706,117.82180857049485,1.831104232118113,0.024830409481748,0.7822664085245749
110.99631613525312,99.86361915385126,101.45951695009003,118.61663813926941,118.54319648888614,0.34305488103279635,0.4826033484122886,0.2652247317726991,0.26601269226205476,0.14249956376537498,83.04997752278561,1.5370538091986168,0.026235914131781272,0.6891973746591591
114.22568486809614,87.50437171060135,103.7709077720632,115.1258969862215,94.9785574579575,0.11417877399990789,0.19780172725381356,0.2912514628404591,0.30307295634515563,0.18703015269657333,111.0164489167492,0.7021359690245674,0.0336445098904532,0.40192846633179147
84.0442466374234,112.43851608959687,99.27054205448687,102.57570721436714,119.28577185271378,0.34512226986457106,0.17248234993535516,0.23048445610764007,0.178283806075731,0.37866543999605506,83.05645663374258,1.1240939990488257,0.02721707533611386,0.6691620962101994
104.28845721976288,96.99917542664406,94.79937471388791,96.70477170616182,84.73596332714675,0.30662900328892473,0.3944404396290462,0.12289926783665989,0.2701448320940566,0.4867834315925682,93.46647742768731,0.9576002435545203,0.032211935067534836,0.11927150361666516
111.79002233670288,113.50867432748164,91.37588538293636,92.15186473639777,114.97337025339253,0.12144780588254545,0.26735147587838487,0.11615928754224823,0.15866132838832,0.2850105806292206,110.02675072701304,0.5394339316903045,0.04866254850133491,0.42355597303553705
80.95881422111822,100.81829775068911,98.54702858726004,107.60507078313839,86.53566800597818,0.16300535907362104,0.30750216998553725,0.4690926731080278,0.1801630232789707,0.14287460388487913,108.44039897010515,0.6391598632962207,0.019499947690041358,0.3601369851801917
106.73322963180615,95.06936031499505,104.74859112678568,81.60380039491103,98.46908788738037,0.43011062479318085,0.2841079389655021,0.45304443953765516,0.2224493178661549,0.3510128020748359,80.08471292560974,0.7490243794072284,0.01594251703177758,0.2599057041076702
100.89003575929489,88.57305611419946,85.58494616716483,87.53897212049206,93.76564312253392,0.4693254217206657,0.16867831977916237,0.42029142372216133,0.35260669993805094,0.4251786978508214,88.07771731402418,0.5538764137365009,0.026942049335786068,0.7347519556920905
83.87240597219886,117.89279182918418,96.1997624598327,112.35878410026996,118.97668492435386,0.16827733798124328,0.2736345881348049,0.15153489139078108,0.48403284319414586,0.1250766891840538,111.14294706214245,0.6302896986625299,0.0301599425281472,0.6659946106692244
83.22941120010957,106.06677871739976,114.85636346964856,105.36937735866914,97.1610448542965,0.12619335919775532,0.45926247687268096,0.22030485925507,0.33880801313886005,0.21499021156292272,85.04590050458886,1.853688381791615,0.03852786337499558,0.7256687615348045
97.24305430551753,81.43595544029435,101.38403005157102,119.74171987147389,118.34830103887737,0.35950335025101265,0.1769877477080109,0.2835477832205877,0.31339686991215776,0.23345715611485202,93.05515623838401,0.8506686143663537,0.04820692722523499,0.5081735447651184
81.61596915368652,108.23188014517953,92.07059466787723,116.11956613624547,81.80458982837114,0.20068024450758082,0.15608266706848672,0.382457734523168,0.16731308639776932,0.21685055647525786,87.35558027585292,1.698154206770952,0.03754681348278268,0.3009769625424785
117.43496408044322,113.49902975151107,84.70017529010406,82.39297349269197,113.38830657307744,0.234763505846607,0.2817467187918681,0.3810274798200268,0.2711780538614822,0.44843744857419343,84.45818141642584,0.36268240257330686,0.049487006224572784,0.6054500558507242
86.23030683898318,101.39592611903481,116.62979431514839,102.69792454197294,95.88933205891297,0.3719142586480738,0.435394686452072,0.3865415845323763,0.15945271993483986,0.49117092074563606,113.46502981292046,1.9681664317874537,0.019853547733745043,0.08685358015370959
97.80064219415969,82.52468682815484,118.75009285446396,92.42616740324331,87.57453966691415,0.4146345063073462,0.32908870745360497,0.16609237629525048,0.1690722594315898,0.3457324699440567,82.4536697940734,1.5883855472568689,0.018355603547226602,0.6824636639087375
91.4418920736158,118.57492779565916,83.77144213952027,114.69212162004726,108.31375577605792,0.26647885320080456,0.3703438002060583,0.24897108995988107,0.305138068582638,0.17518321518558483,101.44199793291696,1.8367531173788163,0.022261390035950977,0.02302345271332014
113.20076716636112,119.03590161471585,113.68618622067487,117.73529405111412,85.0774102716368,0.16208045771753066,0.13025790547939625,0.4278557219594209,0.3221545006318645,0.4788564159626649,107.70682046836964,1.170344900264237,0.04148495690429902,0.6545699075098157
111.8315426066788,101.82702776324192,101.73982380319443,115.95686305282055,118.87215274586845,0.3997945125437312,0.4075052640997976,0.3036233736788062,0.4261815746102603,0.4768253781255267,82.30360874617553,1.3604413568505913,0.017460588899358795,0.5631524034633025
108.19353292172724,99.31753557887136,98.25615431607382,95.45365828892727,94.4639611829065,0.38869610093417506,0.14223557635480055,0.3604079437014025,0.14817328489643677,0.13088896896746716,105.33707082592458,0.8814333013437172,0.01784760198673735,0.07076833916690654
95.66027366737725,83.59012941004781,83.09744341041753,111.19479375489247,97.84291571680905,0.37716016204637526,0.4339141727696154,0.16353659629174666,0.1296594431864179,0.45460915767681753,93.36262060964532,1.00605463670421,0.026469430424578423,0.11759827834649227
117.22737954178481,104.4888403437581,81.40703928737679,86.30093365269917,88.23279172052031,0.15288373479634756,0.11403443749749487,0.38842174750659564,0.43908622163813715,0.3057893365856905,113.34180895096381,1.563799925074976,0.02270177149585302,0.36191316318553035
119.02944097558643,88.7481690460654,100.63022705152206,117.44707726560785,119.0877091965743,0.31597009763751516,0.23474420509095145,0.19538527954649304,0.4020928280702345,0.43971376324841704,111.90638488871622,0.33744511999808413,0.03585912356575243,0.23989991487500328
89.45441741534178,81.9647057500016,86.14407330151035,82.53313914810232,87.80496964369345,0.2284979032660787,0.20952767395026056,0.20711668781802006,0.12023816720894245,0.21243000993615244,111.75620148866585,0.3139648369492778,0.045606681313780324,0.6938341256501759
102.74278858814941,116.49795185182568,101.4887553477736,105.03958226796323,88.07469006438164,0.11026036678760201,0.4153630489873491,0.202370731612384,0.3760620757405455,0.31727535421622244,95.94653936648234,1.7811118335248777,0.01554642287367599,0.15426687982179185
112.023344826954,104.71155634022332,114.565473167709,117.95372428023137,93.9160310302637,0.43498545199087946,0.48415149102280874,0.24691664565166602,0.13533632795585487,0.3998583057543691,112.9019275900165,0.44251337008656466,0.03187019707797743,0.3336639688712132
83.62316234141757,89.0371583166713,97.51366262703348,117.82774607297893,95.13239289493661,0.10852093047967336,0.18918533379449853,0.12130026738925542,0.45925934864792617,0.10211883268062892,105.19928016044102,1.5118024113447779,0.013536028708524555,0.20837682300184499
110.8309285466148,101.61906768683019,87.31235081723906,92.82936475813807,106.12767540091275,0.29709686600609275,0.26959965086359206,0.36109786581925585,0.21589763542769994,0.4494781601877834,95.14734261206097,0.5991998952706519,0.018859736402511797,0.10174573077821858
106.91413578739574,97.39038987236185,89.14582410648458,108.87627118050705,86.75492166450859,0.3937382966325573,0.27291777039689313,0.24321049980501655,0.4263552989990338,0.4028241194143083,83.22679821821674,0.8908655512324213,0.022364061855814528,0.20779313451380502
117.46678767460506,87.51614316145907,84.29249451330082,99.90590809461516,100.78198392438776,0.259600023209619,0.23654874504405088,0.11555519586501686,0.13268289817605827,0.12156738222169389,82.6727565071495,0.7637121840214635,0.033164117829869236,0.6879896772527951
100.32771659112979,97.46669957355358,119.79259571318434,99.45122450682328,99.11786322959324,0.10976619453921073,0.16114895285631237,0.44285672707223,0.41926372430234604,0.4382295391312788,90.05606537753529,1.1080871072731848,0.03219515969012296,0.5724001125968213
96.87064250858245,82.67303018805852,103.71826524598464,89.1187108889273,105.504359209162,0.34952014457018876,0.349625240496268,0.14957269862120667,0.3795861414569547,0.2120105643481892,91.9833857801867,1.6966576015269133,0.03572265006719143,0.7313920082691218
82.03333847793908,119.25548405012006,98.76020316050689,115.87021486362794,99.0224469293174,0.30770133191448046,0.48188904152034295,0.448246157727371,0.19327740291831685,0.3946602462801174,117.10113165788576,1.7821846589835189,0.042756256689109526,0.32422346308116334
82.41323274296887,112.88854184375228,105.92734918668538,111.2702819029578,97.12679454035494,0.14163629998368443,0.11069699429761304,0.11126970991274408,0.16809859368720495,0.37797936083751715,119.9975221547604,0.638577919089303,0.01748919512509723,0.19233014990161862
105.5174697698658,114.2491601518643,105.24261771487551,93.90694539343613,106.501183774648,0.24532235738320748,0.10637697558667672,0.4952090525507368,0.3133513612927973,0.25755208604452706,85.7469538980072,0.8408848735291066,0.03973529909843218,0.021054028946313075
106.8741675445627,118.42347850026499,94.83649286166677,97.00327070056525,112.48491844748236,0.3075399580195326,0.30798836394342,0.2880946308371975,0.3451795617859883,0.4542506479473226,117.7107295985088,1.714604503579511,0.03668083819777575,0.39612634374913025
100.23049258970966,109.46292372462932,98.38837857814369,88.61980567250802,109.80815371124044,0.22068547683083461,0.2947874491383849,0.10145759847870749,0.4439257125272811,0.2223615555652465,108.26160046741,0.4068612533871475,0.013188441397011955,0.03178267487648796
85.2462067673884,87.94334654125232,105.07299931136835,109.89079200768279,115.78751547471259,0.20851875933134756,0.49901486768441383,0.33375717549807515,0.1492172984563961,0.2062099879574284,99.94432673466099,0.45456946743675475,0.023787812802106865,0.0034199897581649987
90.90345989663567,84.42897034402218,118.24186638090517,86.1769235208857,87.90667929018558,0.24129063530652456,0.4944240191482616,0.2722486711659432,0.19205359531712363,0.3278923869651269,118.18746557395617,1.089267484454267,0.01110797395526697,0.48376651224214107
91.65317814233863,101.1756541610515,115.31302264136312,110.42184090919469,108.3263021537054,0.2619038632228042,0.12198415525674818,0.4443678449817302,0.10627501091332157,0.4593934542981907,108.54772729285202,1.6327526231959562,0.013607375269644683,0.13186077512963168
87.00722271424014,94.30730526103898,99.13619704346712,85.89703813942343,90.93718808506691,0.41674348144072093,0.13032928405696445,0.38944443112522154,0.40837667285572754,0.3409228293714738,103.74618088476304,0.8379583168985474,0.021351472002266433,0.44782308201193893
92.33332815811377,85.09104793316158,102.00958767633031,108.20112786096772,82.79726525907445,0.33106832006244935,0.11987481049918963,0.12379854872911303,0.3909154599342788,0.14222607156756395,88.38107056079005,0.37150584160794065,0.01972464657737409,0.4588181618407788
99.244924070526,111.2884478107118,109.91960515809788,112.60292384875017,97.92962532682428,0.19673764028259103,0.2995346375293435,0.16566546944507266,0.4159358242200103,0.42295120951163545,89.7777580748316,1.943768207611335,0.046006950777551694,0.5790713284026606
112.82228330559442,89.63012284857078,94.4324224567006,87.05422305671205,98.69938157714287,0.4368572845043568,0.11982724830988199,0.2711492644934498,0.4387670690857344,0.24528775612267958,116.46006944264983,1.8930948139499344,0.04575154251499215,0.30650292179556193
95.68240089661774,89.63708465657248,110.07122836923126,92.55387088446587,90.91217320583343,0.37832815132920905,0.33569836167600386,0.23888344668287145,0.2105619316361695,0.3610972368397627,88.60155124778343,1.3908274785400514,0.03311470070306741,0.564124404846002
85.23561323401981,97.55286807207796,92.11858515349208,94.77091365363874,89.4398905048221,0.1534496548011588,0.44404900763510347,0.33057737643228136,0.14460140205033567,0.38141105807734543,81.29224057178632,1.4432837229456759,0.0394014223634442,0.2927723707515876
110.52621959279602,117.2001338941887,99.91727411155551,105.7199369336333,114.68689106426824,0.2724450199529676,0.1816325661452703,0.4844277171699465,0.3878591140057702,0.33719744933119844,90.64908391538184,1.8839668648662298,0.049984052525310095,0.0782296777433726
119.95318549334635,104.54065938919328,115.59117866159474,116.34432986222568,111.65805951230489,0.4395468724237447,0.317547915952861,0.2765882449331616,0.17577874394428333,0.16135617004727149,99.22222878448926,1.3767609757846138,0.026407707911901154,0.2479920705030975
98.43725564292441,83.24616001695597,80.63222221760536,99.08802533131698,99.77258134138471,0.2727877265487393,0.28238983161100634,0.39332500209229093,0.27683400401475056,0.33726368022616715,95.27859042928633,1.6297217512977473,0.030897017042516232,0.006053863467678689
96.2944955145189,102.72669405165459,102.08650813217709,113.46452164130773,84.3462841304905,0.43300740963049844,0.4973338782042167,0.229010126060513,0.4607817854913475,0.42242034874143963,117.43211994440225,1.061152770146982,0.03604599756180627,0.36996903332613135
89.00710664422182,111.72019915838521,113.91347468894618,119.79296854483471,114.91648065548337,0.12720267612782124,0.23366357234155652,0.18761718393375337,0.36575370896919923,0.3221196544870753,96.74296177762005,0.6490045467604487,0.04682232849674728,0.5922489340337326
115.59596028289324,92.5739177051962,96.06646536037505,90.72340419282204,104.25197592770863,0.29794042103582147,0.405425505523031,0.2333234783247934,0.25310091822130626,0.4462535792901797,115.56210750659261,1.7069312656317543,0.04188066202896526,0.6277980451524368
117.55221416828154,93.7856354604647,102.28007127525801,91.8519852181394,86.7919989509083,0.48888340370400263,0.4105429363071329,0.1868283899108905,0.14506065286553893,0.18368205910632082,103.78651735957082,1.4476683765865808,0.012576871101069585,0.18567737588603325
87.80742119274623,82.3178137815252,117.9717409203703,96.11518434030518,113.36483568008433,0.26910454600915856,0.1946788110990553,0.4604164592288047,0.36828916070697615,0.2666916979132057,100.9649868964741,0.7567337997624941,0.038518011364811956,0.0845145008600424
107.25317890758765,87.67684645644341,87.01848986316351,112.47952806042179,90.5884684247815,0.20952469314462432,0.2522644020563858,0.2904202381466921,0.38552894087029144,0.13573662329155156,86.40782530617572,1.3407322145314535,0.02007742121023362,0.14834405756825894
116.53140734807903,85.60221618757963,107.10834457817879,112.57895504123735,89.4102555366258,0.4395331759155783,0.151024012452072,0.20498003278897517,0.49743595830903353,0.17608345361770047,90.8412765512089,1.6788469687529142,0.020196067861661966,0.7869703842168859
91.04829453826264,118.58075544556806,90.58390421384632,97.19828199600191,97.30062372969465,0.14045687511453828,0.3553621207675194,0.25725163194048994,0.13673417370740348,0.10149697133961802,114.6866710727611,0.7231041460909899,0.031889529802099824,0.24968220731941884
90.12138999718735,111.03164345748363,110.87397372916621,95.13272056895143,113.40503164322935,0.13166463055259114,0.3090942315087627,0.19235717805237693,0.41102085372758,0.44300345322869716,111.19828845931096,1.5942661902633377,0.03785203404922311,0.34342756408055836
88.5229973759601,80.17223102670715,102.84669448222964,119.76311089809514,81.54577239307538,0.15793320708611774,0.23480794829378807,0.158629650187279,0.2146770814327789,0.19568176750022853,97.89693457796325,0.3766009307356881,0.016369112900335894,0.0605012523903091
88.31992294833842,100.75658569948337,112.39762945779484,83.56168020300213,95.80938615035578,0.41474596037487466,0.2381918712056265,0.2982259194976705,0.36955804218919264,0.4289026596608747,116.3608861707316,1.3436604422466218,0.022580459238557508,0.6314642425994461
109.88303202519546,94.86172833625446,87.55345681902556,87.81983309586349,96.40195147659978,0.22048363612898073,0.18368826708160768,0.491381349502347,0.2280590178589988,0.36842723967235025,112.76714812347416,1.9981338441075178,0.038644840170002255,0.35879228041557654
99.17668299223564,114.47257671264056,105.69009674271975,107.61607818062006,119.31948686143627,0.3711364162711217,0.30561177823981645,0.1913789781938228,0.15658296838167052,0.29480645796577243,84.48337332516019,1.7661557904481624,0.016080079728397555,0.0699183150893127
96.47373761203895,96.13417612996514,116.93387870903248,89.83502348020235,109.19260985211466,0.30437181468455077,0.409346702709919,0.3839333775808774,0.46481651153434667,0.4883442247550527,104.23721975209212,1.782401591507445,0.04398833905398702,0.3783535379777736
110.18292552872538,83.91151989781773,98.72925622774336,88.02249885286216,87.41501091209943,0.39114053047981634,0.13060449953210138,0.262047323686841,0.3435209479362732,0.33607802857998303,111.95372826963236,1.4406250174669784,0.028241711766497042,0.5706196975751585
98.55312441851504,91.5771883003226,111.84241790503484,116.3041956556193,112.10882421153462,0.17257751433223928,0.33317789178034857,0.23987220315257765,0.2355707379374864,0.4336028021204945,112.33376511736698,1.057077473292729,0.03343961000834055,0.3784303120853757
90.64123490486661,90.96537574754433,90.1891340046987,85.40152384224945,117.75193472414844,0.268773263467288,0.31095838162578104,0.3251491444137915,0.32519871194064653,0.18524860551334885,83.65364711640505,1.4351271809288626,0.01321593593501977,0.7749062078228449
96.08191192628277,88.98757898183496,113.86684202032974,95.96781210631161,81.40467244438666,0.33978134525960285,0.23384944357764784,0.36200811783846787,0.15827903958629086,0.49764623785346784,88.98444678121446,0.8120865899462277,0.048180049772052556,0.6973310019837395
86.47766280998525,105.5700136142468,111.31621096686897,88.43737553954851,116.69582357064569,0.4088173165813582,0.266900573393723,0.2205407403457132,0.25512081392713837,0.38848330910955,96.52157267235671,1.2173449404831662,0.0463012901988529,0.4118455923039559
114.03988480208658,113.93523016244325,89.10644587196856,82.02143954600231,114.69694157930334,0.3621631198338261,0.38083700480023497,0.45559967818061575,0.28251809052416377,0.3678084593790659,90.06524377764772,1.1944398432862884,0.017603148644802547,0.7524061668226553
92.23200914954269,104.75665524694104,110.3986753480292,85.1317303404448,111.23353418076192,0.2766031819839473,0.35523923124795065,0.28992945478517884,0.4106654509351573,0.10210404931349322,84.3575258679198,1.2015281141161194,0.03652409106115589,0.6491102380958231
117.54045835844263,109.13499862985637,97.64890993922232,115.06712555006811,101.09830520290237,0.18628438231591274,0.21857505006529784,0.4781578025004465,0.30281848518676713,0.2457407519992565,105.15201718643846,0.9709782832907633,0.041724688749292915,0.29461600867307514
109.79083711267016,112.82023775434416,109.97411446796023,91.51419504192616,84.71375603623325,0.26172484624546877,0.28072891337301453,0.4471321560455884,0.4849343462720551,0.4376658558960923,100.29893806150919,0.8674032031322871,0.014878696073441163,0.6171278695437562
89.53354117448241,100.11499747921413,100.21107689172383,103.3057739725815,95.80407350191564,0.43666270536757945,0.1796060443821845,0.20747122870490214,0.33841967222323965,0.36245496537652444,86.19959017194216,0.8281204001194312,0.03309814237637057,0.4046818672008862
111.47565525800111,116.52615001388831,89.86900213917885,109.46092870807553,107.1188741018018,0.18108214937843253,0.398512749098607,0.17998542116783472,0.2052042586357657,0.22271821519264426,103.45527985108308,0.6432790019890778,0.04401815720553595,0.43128937980573334
100.9236199711726,87.54120935496641,111.80929034330838,118.4250514251533,108.87345328934454,0.4383965665961268,0.39283355874835335,0.3122741742896725,0.4278997192539581,0.42517129893436945,82.48059813625856,1.017457678641235,0.030268563897628595,0.4164968161746594
116.71439986502936,119.36741059791999,94.08202696956953,105.52894211705348,98.95730950552311,0.25593323837948934,0.412574914994968,0.18249710880066303,0.3012915399822037,0.14729669215546815,95.32164237093244,0.45605489386208914,0.046951413596992425,0.6429428323193505
119.4651498745292,83.752312960309,96.49499657188898,115.02156178108945,91.36205242106061,0.2707177942365032,0.30814630790687625,0.1319673431664281,0.28504510469269995,0.3606682171840533,111.70071854161549,1.8277536990616416,0.011912075876824506,0.7348595525735887
111.51171402555491,95.31132651121023,119.19914159560633,115.3411934569483,92.05281430650462,0.34563529389789516,0.1217415551564228,0.13813587436328045,0.24054249838205644,0.4370742891664423,115.6019854626081,0.3719466494988324,0.046768427318946953,0.2556141490251059
110.8077245415142,93.47426175333075,104.25451360862141,106.33923073573168,113.1838163634282,0.447902421266945,0.22384514788317042,0.3875568340965826,0.33095623694065723,0.49336890350377305,89.8093853119823,1.7154827508099917,0.04908872190910486,0.5135368594670245
80.9780336352806,88.80631564609199,108.47671242354315,102.54092947878149,99.82420312804572,0.1378575649158767,0.3191522968961019,0.3370150595485015,0.22306742838044646,0.11878129899658832,114.38035195956854,0.6721847146376662,0.016237684038924654,0.5027270923139181
82.20839826831921,93.93103533845824,114.60400927642593,81.23571348144128,95.85744941459248,0.12084181427513041,0.28144722168025527,0.3769895157775677,0.38007031432125105,0.1723879398887297,115.67031120510381,1.7431335640863586,0.027238007864363603,0.709997806039294
117.8059315068309,82.03522938180059,109.98823004178547,90.30450464728146,114.6643532861469,0.44318885640231453,0.250864970387898,0.4857471607889672,0.14726385377025475,0.4345818794541928,104.27529218415758,1.5104658408076501,0.03483059690645335,0.35776934950763606
109.8427191583746,115.42820683433452,88.63699161725064,101.2517101927442,111.17079774299202,0.46333526129817915,0.4290702104574926,0.4235364564798736,0.244524006161978,0.3853372426883892,119.2871159049912,1.861706462208605,0.04572953153155005,0.15212842554293068
89.82798971979923,89.22985221068868,81.0872853399034,118.34061175901809,108.40067520218494,0.3317386264045202,0.2697916525724874,0.4972446784214719,0.216181887258048,0.2652576088751136,89.84703289571227,1.7729077047512294,0.016381046915589524,0.16246870323470664
105.42241416040738,109.75978890779963,101.26451674781757,99.04535284361641,97.98128964494083,0.46114441493524694,0.21560331163850965,0.16107245685141514,0.22399989986779403,0.4037246708407164,82.75896928409175,1.4769031662447163,0.023361118322832344,0.0410211905881237
105.61756848414565,88.06139901569533,115.52234780059479,112.4700948487706,93.98254445808135,0.4439416038809064,0.14577799504894445,0.34868507242993063,0.32691476223789717,0.3675191142053461,113.73772607534227,0.5154379404107834,0.041917192468040786,0.08058279586325084
103.14437187250098,85.64109199800059,118.89384991734391,116.11570750521133,116.87590025996802,0.3684225484507184,0.48378698810661136,0.23861168337069572,0.21990676869431153,0.3324901143287301,99.63722636798217,1.2108293096581033,0.02640018250847663,0.24097565748741412
93.28652190813807,86.76538829531422,88.47088653865241,83.60005564180359,84.80442520405538,0.2717673836954647,0.28950170892503135,0.12771079740179714,0.1592968707814372,0.4741499746371448,93.85815516407287,0.84469909384454,0.034197738990977625,0.08205033949777346
82.85218136739381,119.59292276819494,82.96230733476294,85.30168323805654,113.09018382362946,0.1273165806680487,0.33605823707224836,0.40183001160715615,0.104745411376331,0.18909925917335393,82.20931325963605,1.8001073623707422,0.032400220928666464,0.6968731425099265
103.20960866971772,110.9766881827733,105.2364803109062,115.28700281315793,105.53870111058963,0.25082881233975474,0.3027269788274674,0.2366381179022642,0.35959970325962,0.19055900690028507,82.58497915284194,1.7763998645958736,0.04892686782706384,0.28961483553223716
100.88500371612604,108.50998775045198,97.89571007168438,93.84255291618939,98.7060980980085,0.1101931745716076,0.10062842032730167,0.2382048047798537,0.24466511967769888,0.47944164695461755,83.6286580272757,0.799565541697744,0.015661248956672702,0.2947738599130427
86.78856420394243,111.86286919210765,90.42815125343779,86.1412618534819,89.85408967132906,0.11791228500809453,0.3120260240540724,0.33112532570553854,0.3797100047590879,0.3554938400562643,87.34570082222615,1.4254742637364908,0.047937622483504624,0.6060050985965085
113.6828060708896,93.20805182390926,107.441994780236,114.25638522622957,83.10978667700168,0.10325579748957714,0.35274306936360467,0.22895517587989286,0.4091475845391208,0.17534615445427965,118.81603696894223,0.8419984473501234,0.032566028627515224,0.2410701003189768
110.60097620712172,92.3066186551612,88.6648945673617,107.55605809811888,116.39186490932934,0.3864822607908718,0.35019813347562445,0.36091635413099,0.1703790748350217,0.3676696005329849,91.256165682486,1.4368333669348088,0.04616609032221305,0.5721458212661535
91.80076834849581,102.75335221537276,91.59336455397965,102.17142342905711,104.87448122617363,0.394791363456766,0.29576410449512225,0.2361462731950181,0.16662193971527034,0.21598421004429624,112.68189201809058,1.3242743276889486,0.014717685473961559,0.6579384044391885
104.41341555160719,104.94185478570984,85.40319168870096,107.74161878346878,106.99001425520893,0.4055313449810084,0.2637602898185023,0.3810852967973031,0.39603652999939476,0.36966808964971587,80.77655121597769,1.1441589167911386,0.035660120555195504,0.28814243074540163
107.30352488867533,82.96282210954826,97.8735536965661,96.36140528182919,83.46845934572796,0.36941536947317943,0.3443232817304206,0.30736879148548546,0.17912667474810792,0.43712135476874014,92.87260244392803,1.7872105246183476,0.04360440145378175,0.3822495489448454
88.89471711587242,97.63850527192147,109.71625239432329,89.48248307938653,113.18999640499646,0.4857056689950382,0.28659362624006657,0.4732955023538623,0.4991978150893134,0.2944783650343282,116.24769731944178,0.6805879649439326,0.04147526005654401,0.2577831629046826
101.83193142957853,110.4168674073847,98.90223933347428,99.96776901688894,104.78877557518561,0.3897421494999872,0.3575161353002091,0.1949059264002989,0.11883577750172752,0.28134212446978274,87.4016313152595,1.6455666625231076,0.01039753290136983,0.3385313690322603
117.11882432663296,99.67250325651639,101.14630152433165,104.07987854110118,109.50060549190903,0.41488199895850897,0.23005386507587877,0.41377548847727375,0.36192067278518225,0.3782165407270349,91.36094081653904,1.4566385152015127,0.028088218648488025,0.46459771920290627
82.87401341944937,100.62749754087889,99.26366356824174,116.8673993695028,99.74026321745364,0.214296355350956,0.2880189531372188,0.17268152001008685,0.19863221123189057,0.13594001723696608,113.06059526852195,0.7422187720987171,0.014613868974742079,0.27971177230739336
98.73282138777324,118.48799954138808,98.02305854403527,87.23537721288362,88.67664491223154,0.15070936251848321,0.1842053917183346,0.33209368455033483,0.2764844478190559,0.20677580502622483,84.8556674580829,0.9879500705690731,0.016113004311109496,0.37130639084819395
83.80750153347897,80.02272517035777,97.27782644001928,110.76970325192886,109.33865771199343,0.4444449787590756,0.31005907653679443,0.46924378945431744,0.35398598491102706,0.10631503861148667,82.12732763089537,0.37077479841539096,0.038251508399234045,0.3969789581682129
81.28596351211401,102.79931614376132,86.17132501653904,117.64305139058789,86.69459998576717,0.46539027640627806,0.44298533427233056,0.3541084891123597,0.3139094222923272,0.281170429327434,118.63907019948977,1.2957591509807498,0.048263181181251606,0.019603032339255578
105.06556870789926,93.04953448656227,105.66245303857409,96.49034385856301,110.38572209225579,0.2928699383067327,0.40768825633693995,0.3052566409434743,0.17040987948097625,0.1232710268691971,96.19167034748705,1.803809155457144,0.035363897647328064,0.1309191740079502
89.22716501311432,116.2316741165704,100.00838597253409,110.24372590851411,113.98920765604908,0.150474510514605,0.20057644353495446,0.24709364857588267,0.45696640487008355,0.1956348928798672,106.31485079112461,0.45618224094653687,0.014095082432182379,0.433099487944399
119.9531444381922,88.95782662375834,91.4756965425382,90.01732346927552,90.5148532863913,0.2278394232010139,0.18920581581070955,0.31829672748245336,0.34683467851779476,0.3128510127588643,85.08463645605406,0.4809973050104691,0.01975986367420632,0.0021205315932945725
103.2977896615751,119.74090092583373,119.61112348371017,101.07092925449231,105.56108841058695,0.48074266048677605,0.4981512070616497,0.4349583959222253,0.4221184579561209,0.24642111069984343,88.80709591467453,1.080491991800913,0.025154975896956585,0.5633549136241895
114.39882174806424,117.3173383381402,88.15442509318176,101.14166915769812,113.31348218646049,0.3319134024647994,0.24058896757955406,0.4137423384694957,0.1687324556367344,0.18666868571785722,98.39923032639696,0.7421526821012155,0.015014302047049784,0.7243719913855351
92.12808306538366,97.59236169921867,119.42484406048032,119.40186786883484,116.24427243060727,0.11547762834812354,0.34357586933519696,0.37541530351558283,0.10134491449255152,0.30431430559770023,107.0061286971511,0.7346255949741485,0.04391872409500247,0.6036552984633032
111.93793379312231,90.76522002891222,92.83400296268749,101.891313648195,102.43109498248049,0.25074981539590957,0.4169523127275071,0.11555629839945736,0.11942627552723142,0.348083639490352,91.72991644506365,1.367672734704415,0.017780207328830913,0.2513209628864531
100.22011277428268,105.46681119665224,96.33292090531955,109.96696629262132,93.34199705913421,0.3366555418319056,0.4324360091992041,0.3369067556629445,0.47974833143660056,0.22575385689376884,115.38535004160167,0.9679486605625062,0.015182043089349801,0.3598727761373275
93.2270798778541,85.08903847567312,87.54848840115677,114.0208351568543,97.85129354321766,0.2591685625619201,0.4910698666011667,0.14300969734871127,0.4183619412785119,0.10462748586417613,111.24576014493016,1.728133228056328,0.039027386886132595,0.5205734368563765
89.11471146211335,110.3736440008955,102.15924503267438,80.84624045693174,92.65445829346861,0.2946052997613409,0.1613609349474698,0.339544681491226,0.41926798788313124,0.11321692094027491,102.06231563434156,1.0005857113012715,0.01507329405062285,0.5443495509044844
87.08005644485364,106.23491443931363,91.00124162521011,82.59787116839775,82.19739956790677,0.1655090906366981,0.237044152464761,0.2023195863422696,0.2532879559225021,0.4807473199269807,98.3684473375859,1.3267320928718747,0.02641277788594055,0.7819975198274921
103.2690919183486,80.86893822816359,113.95168452544354,86.21588477029103,104.2626534078172,0.1404824509760962,0.26931284346630885,0.28283654864303315,0.2121368207316651,0.21140262307502788,104.78170170970036,0.9463099130195867,0.030620332190046805,0.3943846793999202
97.78752112042983,97.71406084927611,82.87188569440184,112.11009000848863,115.7220993901301,0.3859008646997283,0.3471375370603931,0.42513280789326124,0.2620292889912209,0.34268441079186923,109.26652665788181,0.6980411200470195,0.013209171747795892,0.19962786650960906
80.44066669536915,87.1441670278847,116.15616755181915,101.97974451200233,86.0015831299284,0.45743525627303383,0.44053138868655417,0.4680093569999836,0.20759000901129,0.4941684738128481,85.39801181162879,1.0748311862993183,0.03223152816274115,0.28975347386158434
88.11161810436636,106.39944976948456,108.99267288987492,103.9770723431974,118.12593519650103,0.4265559661885666,0.4179231224165213,0.3670314403834637,0.4933071893488262,0.27662529121859214,114.10565450243541,1.5108407456591961,0.029206560101999138,0.7379543657905474
99.76254414647109,92.01087648570106,99.08931639903186,94.38665174666444,88.97663570698745,0.3966157219049643,0.37952451519540864,0.39283556257882624,0.4005859256677027,0.17630235644848535,99.5761113463098,1.9174159961820711,0.0367366511490782,0.5061676611851229
81.8385299736056,94.08849974260497,108.4563739083897,80.73751211500775,97.56714052823739,0.23962058788096094,0.25690159833036197,0.3991999255919848,0.38649919028772173,0.4333464820942877,117.41375959238206,0.3237919453347964,0.01876583719894669,0.691401124134278
105.76037605799473,104.41616436697228,111.06593743554863,112.4207886263919,108.46823283677551,0.4154076631561344,0.3384135517557643,0.155979394594977,0.3541821036929461,0.4548237134549916,118.22169584456461,1.1806971584417127,0.024265165762532553,0.5792684724518371
84.11190784578997,99.00089776017442,104.13623829950434,89.82264155237806,81.70207270587106,0.3572697453558925,0.4582505714310967,0.4996212072547598,0.2436808932094132,0.38931587773914045,81.2286728407234,1.362940516075383,0.036386213562399135,0.7723442766653348
88.94361283504188,98.19577606930555,96.55721276218404,87.06667925308646,112.97662170733972,0.31598345304020214,0.28198872028326627,0.19594683147698447,0.1983658383983724,0.17398891470398842,95.37923903075588,0.4000109217929926,0.011423864889642555,0.40098404552338596
117.02746674946899,88.05393276210862,117.18291662268886,80.71443836700723,116.99849890827781,0.3525934025995766,0.15682123865724124,0.2725545879268203,0.3093332957088777,0.2752937908755879,101.04893652985061,1.7010492918641247,0.01463179771174718,0.7599242075080809
118.07715160323632,80.48207452063701,110.52077187106993,118.80806290279374,116.23608875271114,0.4419718053895666,0.27726774391754416,0.13313283718572105,0.496879816469059,0.43799343642408506,101.58381952509484,0.7329159976515867,0.02134207325260335,0.7087121739506774
118.82840644784852,102.01294022790557,83.12624559541553,113.99156791220145,104.55313023236046,0.3640173941624,0.40252944832344306,0.15127627990193765,0.40636591764126995,0.18309957668483806,112.89573467388036,1.7810959054261806,0.014254254956287519,0.6744755730684079
104.58946976753157,96.69014439434744,102.87367906084437,86.14319116344458,109.59080106264601,0.2955904518295903,0.17119311572971344,0.4015139857328768,0.19837355220497876,0.2012833673966771,85.64415949715074,1.217062183062878,0.01158049876021233,0.7512745943071715
83.0006922940617,109.19123068175168,113.95913690499415,98.89874710257953,100.39321464228198,0.14368893973611963,0.3882425827855487,0.21833785231235114,0.30731200528078695,0.2328974229468157,104.89930758779691,0.5161381234434156,0.04949529690590738,0.42043011341801056
92.48857091688313,118.7783433490235,109.32497898238182,94.75954213201379,86.99229544932021,0.4098805035288934,0.19059346259760052,0.47633380001855674,0.2285359899558831,0.14154064851630027,117.7038795138105,1.5436365578834081,0.028230399287288578,0.5942632952176661
88.78318368808365,98.556891444402,117.70273601257352,109.36585383043672,88.60974992716599,0.19612209312597298,0.12957637162687008,0.2874954923969699,0.2001004882893876,0.45441841777795056,119.86764775217145,0.5251498795850946,0.03134736020398489,0.4442686157696343
114.38244533675592,95.12802092038724,114.06888731010075,89.66798391924524,104.7464244774527,0.30685144808805853,0.19334737949171454,0.28050813196197655,0.17839770885616973,0.1714917503699674,80.40342163918974,1.5106622679845212,0.02019619585528206,0.6210087665413533
117.06681952325127,90.31576036591177,107.7170636234342,119.49250479828575,86.02393148972014,0.22026258805337762,0.1433205859075787,0.17545901476435627,0.47521874919816876,0.3667210538789848,118.90269131593769,1.664346883931441,0.010307489676819177,0.6110019965694983
83.53609162802698,106.96780769779265,93.58943790996122,82.84977909466365,99.01222471534416,0.4684410653829063,0.2027387765871135,0.4428053343203695,0.24490912274159357,0.15767799244899428,84.88840111121185,1.2571760039741164,0.040028967416327325,0.6067233535677717
110.15082718575823,91.40489601660755,93.40187510020539,113.82797602587888,100.80287649045952,0.42188284000167875,0.12386005274510006,0.2619411355739865,0.42772586740465746,0.3468739701786037,101.47802150877449,0.724411780488,0.038950119289131224,0.34275930949956357
113.70927875225888,97.85557968574838,118.11900646240414,106.03178358870947,84.63595461276998,0.30722627815987724,0.2414535686014323,0.1300223321552081,0.49638879441435957,0.16990949069001937,89.85479237133758,1.0153410863794687,0.048901629715575864,0.6370302994609243
115.40371952907202,99.57060763323192,85.6655587189162,86.10760535365682,107.50135740439487,0.20212338999041754,0.19436630499784713,0.4631765626742813,0.4054753570894122,0.2829319197757346,104.25564149576132,1.174035796199261,0.010844083296192438,0.7011914698000751
81.89490026917959,91.46375059655253,85.59150361879472,97.64309718469137,96.57415087977445,0.4821692135807437,0.1211133523145767,0.4574681524886609,0.12417093427526367,0.2564522783738255,81.4810636680159,1.41511692451494,0.015480829375625955,0.5090040194895907
100.87505738755424,91.1854531641012,81.28174357512708,104.57544426140743,94.94872011529405,0.12160195135059589,0.4995875967030742,0.4657558010002407,0.3339195820984925,0.18713782959929823,89.53330722691176,1.3593696919670792,0.03848564195057115,0.3637223478516779
106.05339994960185,84.34667883217074,80.551094211762,89.9317699154117,98.26189291976209,0.2107110900789877,0.27981734642284817,0.2291120729969383,0.1085255621739763,0.3625024032468539,92.02302532795889,0.9507425763844854,0.023202945493702224,0.6825986044940133
95.7628789667387,112.41210221093866,95.11350576771295,101.21764718412315,103.74062369768768,0.3453711616373205,0.4617242812875363,0.2907416160421802,0.23788358471935514,0.3046068731671068,116.62428728318736,1.576791143055839,0.01255092526041766,0.6227602556575896
80.87325566583246,100.60533507384756,93.79325037595352,96.85120510733019,84.01149593981,0.17787799635833587,0.3502161407299146,0.4080131531160647,0.16138468535027686,0.2273532870541317,103.34518187393849,1.5999786386371326,0.02203832544734706,0.3756800755554499
111.31282262594581,117.6961700323409,80.890752825184,104.05491051245392,110.55376269153433,0.4471203917465595,0.3022126994535288,0.3127346586710187,0.38896327882134063,0.33115712608853065,108.32838889438895,1.4685795983952425,0.013508677019772103,0.4638952427856981
91.39230354599557,111.50222339452867,105.29420203065206,117.16650529084279,119.24019245415091,0.12783190722952767,0.4215846847452144,0.4691344148993871,0.12131089319632489,0.1484999025830204,107.04060733268281,0.7262707323620476,0.04350423022444559,0.5486602024527549
81.69384455994819,97.79751044108025,101.87951150312873,85.8697293283061,93.45143321709446,0.38079008088299215,0.34178957300581025,0.2530067995886983,0.31569945957614853,0.38133542720042357,95.69153346396732,1.0714435017506594,0.04507732621618399,0.5506572662392742
119.50589791025847,80.64921825369886,98.10031726097536,113.70618486872785,92.95605050877154,0.30179058475237175,0.1560753298542597,0.13577441165331608,0.2755434940753527,0.46915390313953353,80.56084274248343,1.0073247537507735,0.03547559687948298,0.24882970972019589
99.19194011020613,119.1218298315192,98.99507345902816,85.23685248585996,82.06885966665564,0.32311166988339757,0.24328802760713963,0.4634824678084142,0.2554528624715753,0.3036585923737501,84.28083053064803,1.6793864129035145,0.025423890241494877,0.23415333503979108
117.81666289759794,90.63237653100262,100.16255626258203,83.62807064359875,96.9462048220242,0.14659973225148848,0.39496037820775254,0.3801211828574863,0.41769759714373167,0.23007652537110537,98.352339376148,1.664314966635343,0.0407515698294505,0.709877516871642
117.20422077000497,100.09651974523754,118.84540607209311,90.35342548949599,100.18180958815748,0.2744212876264768,0.16733668461087936,0.48580195043859975,0.13443093896315306,0.35960532146992297,117.65179115471601,1.7656415830951149,0.035263610533565574,0.7496089120111953
114.38123167237302,97.93009418214976,91.17949494280758,114.21901453671526,95.59557875490435,0.3821029578260745,0.16309458946039185,0.24612928233219594,0.11725062670499331,0.3226433030346564,89.95031229734164,0.6545576174036103,0.04167927916776744,0.32165210149464496
101.22893164240936,119.06108265660583,87.45933179023456,92.05602546880743,81.2427840027936,0.4979752571294497,0.27195398272886356,0.4960032881491746,0.15049016952358502,0.25698173730711826,107.93274878473815,1.5597954922279198,0.030436294186794242,0.7307015152322404
95.67350839640211,88.00733722339439,107.20139741631566,87.2528583506341,106.99251009623478,0.46078598801938875,0.4506781926629889,0.22943663114791368,0.3714442335073327,0.4544640686231163,113.06383372405428,1.7731986151824815,0.048333796179627346,0.3765538068243318
90.5390171275727,94.208713364848,93.9544260818559,108.67007000654438,98.66037052553372,0.40675098646129115,0.351390478773167,0.16103024582400904,0.1292010770282254,0.3458488719266244,116.2714113673104,0.5413587968608837,0.021601347779539815,0.13376190387023082
94.45195595410732,114.104908761578,102.8780250256481,88.55323285111992,116.0036511257473,0.30011026627564324,0.19521466389259376,0.21710791798360987,0.256834870880564,0.2982083408490023,91.73945648030804,0.31988985609357673,0.034167397098009075,0.586304357429476
93.70601184134563,81.55917510149281,99.78400895897812,84.95752217763511,89.5386577486297,0.256103587635365,0.2549166688343867,0.14629312452454118,0.44623616730213733,0.34366163271123773,117.25132698243016,0.4346399597978646,0.04232210401243023,0.036708071214862324
109.88443490749644,85.23007253505274,112.27776897416143,117.47629152523814,104.26128401631779,0.15844087384080474,0.26954976115117435,0.2666863648118182,0.34024835139564913,0.34354784713973263,104.31929042152717,1.3108541592282668,0.0457549127553208,0.09113309624890605
108.41436768091317,108.5434643962967,119.71231829081779,93.66153048806491,86.5142620497081,0.358088854791905,0.37916122293752297,0.1413416184516066,0.22196888022912484,0.10693912766906895,100.33627136471095,0.9878837732972736,0.047869931595614305,0.7528044632785962
100.76668939657286,101.32999239326833,87.11649953184578,104.52437675976557,80.56498933907295,0.2818566048321532,0.2717720311321149,0.3937307720717915,0.16684677864314446,0.3525977828502044,111.1357052744354,0.5913398868738076,0.0258004389058253,0.4140973905552363
117.10673609816885,90.58297111285046,81.58240833560767,84.32997765899428,89.60995793118568,0.22267767917206088,0.2527665899238797,0.3877147449485817,0.12861921942943014,0.237113155572465,89.5485045344586,1.1745312505744496,0.037973709166830696,0.2131010958627223
90.95624674424181,81.31239997990915,91.17419248774917,87.71766945973928,95.14483709738074,0.2565292920558607,0.38629972474066754,0.17968976602828027,0.47896519747618527,0.4991047811176633,112.50320926163856,1.6246643999806225,0.021607884879216138,0.38432758377896675
95.40670949423877,93.56030962411516,93.11695534122816,83.58925110965005,81.00819788504648,0.4275640563280222,0.21988500058541127,0.36554666162914184,0.13325921267917323,0.4485117262826043,105.99850777766946,1.747680941219714,0.035975172304578876,0.4625421063592712
88.08457200625867,110.26597709666461,119.63239062204488,117.14104700229316,100.16877422151074,0.3063971485041095,0.17057566652791428,0.23096662382468103,0.42029709779519,0.44809070697081854,111.97464515381401,1.5655117198921178,0.017369052205561238,0.5111323931147601
101.27295423111737,92.5832627614337,110.95757754550625,110.59026751730595,113.77089430329778,0.30788535477376944,0.2921246001242693,0.4002938986213037,0.430475849007422,0.4059387249583283,114.22888780197837,1.7996449409038227,0.026858047391291107,0.2785778561703484
115.82018308787538,97.37396992901182,110.6750227242879,112.25594915183515,92.33838489991001,0.2537712200936831,0.3567703046437277,0.44294396330837105,0.16070425361896784,0.25525467404598523,104.69389772095127,1.3073244477571886,0.04680948302727666,0.3099223680566956
117.169689760246,83.77366010558622,119.77076716653131,110.80362872635477,83.73083621297309,0.12264755355010588,0.26355091427495997,0.40891283356745955,0.178811377370235,0.3167548604497535,81.46940432033877,1.7148789413705374,0.04243625268599443,0.4398105883905965
106.24918592420002,81.36717643713041,110.80747797776732,111.9689168663622,104.0964101236579,0.11463429336873086,0.45905999629266325,0.4280018779601805,0.3097636767148264,0.3823147983887799,91.90990640526661,0.9800774116344484,0.029860245954558808,0.5013316392775428
114.27441567666281,83.91533120859438,91.03695368163253,96.56710086370683,81.69831811312393,0.14156646594754357,0.4380837985589482,0.3861046124287085,0.1479869586900322,0.492275714047511,115.12078979846345,1.7418375809009525,0.015873813041952102,0.7370851666515456
97.92864350284665,90.60853824450264,95.70940048407012,97.00410527969225,115.1764693395074,0.10901217768257868,0.3514043450371095,0.16870199869632668,0.3877030596878147,0.1281625015875116,105.0782604384279,1.8176730804297812,0.02594286401456524,0.3138209140431113
90.81363882110557,115.74972514865088,97.03883859251397,93.11230882775943,100.10048197340583,0.13244035313724645,0.2865166962252529,0.49760378616076517,0.2106064959082605,0.3450112643026091,115.60225450482308,1.4512141062572166,0.015547159143556036,0.6997497774143624
96.70973145451359,90.29489252220584,100.10717299184267,86.07206932315324,94.07719772091865,0.3074396297496942,0.43684784386017506,0.2154358430820641,0.32197775228459447,0.48024940604207234,95.38114008197151,1.0043310331364002,0.012741105526092419,0.7945745127635631
102.63160877496362,96.53632977559434,112.95649444203187,90.26887046140665,118.7908631532404,0.23303432333442303,0.2757622325240724,0.45552532580146854,0.23299954289378313,0.25226950585352625,100.18909823229299,0.7429293476818806,0.04626045533780801,0.27120279286626864
111.38888083405405,118.70372103989888,113.52546219321216,85.6841570340657,101.05840362540056,0.2216475235510793,0.42381255013002916,0.4721547881751119,0.35243955226676227,0.349452052503861,114.50369768683656,0.8190640776582405,0.029657258881560518,0.02182757074545121
86.79914084783142,112.7290941050903,103.36648596733184,90.53797257427624,117.18395888028685,0.25600144788527,0.10499349982859868,0.16957503952942932,0.1589753418360938,0.1463528011252147,110.48125431033452,0.4816214286285249,0.013575548514081355,0.4834969776789462
84.60744213257043,102.55449613885256,108.84162218666901,82.35394149329727,103.91424132824815,0.3616189264213582,0.15453958094951906,0.1342535810146877,0.25303260262474325,0.19960906518715943,95.10004525149076,0.33253315920638515,0.03866674365579276,0.722918132896322
112.63604861852377,82.70109257672213,100.48971884426508,90.3422871259496,106.51697806147683,0.1583442182543529,0.1584511502234272,0.2024822827131063,0.31473990535041657,0.40323824003650055,80.90521144165821,0.9752315806716965,0.012967260044758922,0.04271118017731093
84.74709468315379,117.48205722682027,115.78914326858927,87.43897679502837,92.93063537460418,0.44111065730085575,0.40056713989554005,0.35128530388166834,0.4630498310077933,0.30789472109370025,115.21358252630822,0.32467019972658057,0.02584661668574647,0.1577198747250014
103.50539898612172,108.72249346537002,97.70624060641033,86.251652878439,84.16605975211486,0.3533427363414766,0.26464822013274736,0.23095368035229843,0.23268471178450137,0.1593269126849171,111.45427385931278,1.7910290467218977,0.01921162171250146,0.5409203439341662
119.99061347657376,98.2140848577395,114.90126996593992,99.29504018516458,116.89430554184014,0.41863906026954056,0.12214723373341752,0.369874097505808,0.4457840771348144,0.2989713387941469,97.96643322865857,1.387426657889636,0.016585211327928652,0.6477223129589824
83.51037531086203,84.56076765338204,117.18528750896897,117.8997218017914,92.58869789861453,0.1280803127366201,0.2713669846547564,0.23729064115293996,0.4942157277197723,0.37650608064757773,101.84961948560745,1.726417680897721,0.03134196832020024,0.06931217927218158
94.20659547975487,98.09800939339033,96.64646720269164,87.60180863838387,115.93501535757498,0.38854392193156795,0.3063307675848924,0.38376570177683866,0.3890283906888673,0.12654355229844194,88.17248068536219,1.0277291563111215,0.03878758453040305,0.2909902882510621
90.13230402822575,108.21089637910606,82.68622710939891,81.55005326113718,106.14921890307683,0.18904260979090814,0.10518702217155443,0.3039229623714288,0.4503199419344106,0.3438218138781314,96.48404359343473,0.6419176514318623,0.029487589391111534,0.19099082711641327
93.56063430293041,106.21837570880005,83.76084808675321,117.99405519663453,109.94057867572381,0.3000830111230838,0.470386339044256,0.16888740440870156,0.1298417232630743,0.4669222945638871,86.52781708045815,0.7579879506361801,0.042832098195696666,0.7719011543754244
115.05068932103197,85.45882216178043,92.80643875571478,94.73376656825377,101.48690593307273,0.4611127019675253,0.37318899448517984,0.1983916648384208,0.48790560988174836,0.40613854072153066,88.42278294363344,1.7457829610922493,0.04669547702154484,0.5459750627910472
91.87473942029658,82.4252296875762,94.75513522949883,90.18197258509129,95.4368516585286,0.3695578334338677,0.18916452960617913,0.30523566865324625,0.4290304965188,0.4441040898929144,113.85477973293709,0.46331315335927603,0.04228724418133534,0.3805108006214664
87.87838170480104,90.47585498258942,105.07809361729075,95.5261533831226,93.81533572677968,0.3245720463205072,0.30911753748770565,0.3790735313230562,0.3112995377249892,0.26707241522626435,94.49889511112677,1.4719652098287963,0.048259666205740556,0.6898818315345977
101.35622530889492,110.87442163375704,95.15471825391829,103.50077970223361,118.64810501472705,0.1341676045697555,0.15041987028623205,0.40411018728026693,0.10986562584970723,0.12092201031904347,112.58893291705445,0.6449579244978167,0.04716143885943511,0.4301298591170948
100.87920456472203,116.39190306070178,111.74690497025708,82.34874726600599,97.16395485877027,0.461857431234567,0.38159884538187394,0.10168508876565846,0.2248173497419491,0.4053273842382179,98.95599456191113,0.8680472902881023,0.04330067355204891,0.7290672905579435
107.93273631474352,119.468476497928,98.3350516464605,83.71141816506957,102.48036698851472,0.2670403199909023,0.2875191291432447,0.28351962441842216,0.18085376130361627,0.3885565751593044,82.83111103623088,0.25533181769900304,0.021705304024126907,0.19104670700242832
85.06255168495841,110.06078241117574,100.30707989847112,108.93725473509146,114.77447307514095,0.14120253220854787,0.3029004422186684,0.1679823309837447,0.11861312383086241,0.15729755377886734,94.46108754424804,1.0884053463276167,0.01697328258934754,0.021870718375646095
105.15792068651109,104.49757317012725,110.18281181758525,113.69820005810669,114.76215145108011,0.44773397452469677,0.17045906591218446,0.21134768360494022,0.1552379152881625,0.3942180406631035,86.3309381844406,0.4746174299955028,0.03908045478159386,0.34299078317255705
81.45720782731533,102.24761187191157,88.65077239190205,114.41383563127133,105.93590740813445,0.27817966690260065,0.47745401545802835,0.36572983289916094,0.3125556881947087,0.36265237265126715,107.7430565850537,1.7543829643218631,0.04382116137090316,0.1634217945917901
96.80889916129752,87.52416912485405,93.56094503679306,108.15110778160899,88.17438180846555,0.11617015328386567,0.48026410405147624,0.48257184416689924,0.21045594742221185,0.35131819309725343,116.45576187269877,0.42102385826144206,0.042924940745419894,0.6685848561175453
83.74331781353492,115.52115032910204,110.56841398320466,87.9917972263253,91.69246173719966,0.18076609765594986,0.31898871784018357,0.40831569564975734,0.47592868992215687,0.23568676930626875,110.52302256453376,0.6881449403723883,0.03574489762832281,0.42633887839744383
118.88280708523543,108.32737947036469,104.420880168553,92.30513941696522,91.9650057666609,0.3774021052171046,0.3865708457388718,0.1884595204658965,0.35161285259735686,0.36216851567511066,111.13750434584183,0.27589721029830416,0.04319472659007107,0.23093090135351738
81.58094474760922,109.13927467607726,81.72700900227538,80.19429351109116,109.17980351443916,0.40563044253841374,0.49997890298181347,0.11609294777059223,0.18092201747102324,0.15803137276789628,114.47466186775065,1.9875354118903874,0.03828664777661161,0.6188591153885998
117.95495028596501,110.26012190909242,98.86560762497515,99.44180998243492,97.44545690596422,0.16177362096828102,0.281699464248786,0.45141462264517496,0.279489307627102,0.36739215913376533,111.06658603127659,1.3725160239205156,0.036614634452116684,0.42150830642658826
92.98574668441334,100.86856856743361,97.2460382856446,103.92671520163098,115.92480322004377,0.25059965701208764,0.22786532612444607,0.43369407393161696,0.36221900404736784,0.24035811523301442,102.74293009626767,1.3762594367567238,0.011863059906302476,0.4022357563065484
119.80037669295241,83.14973159531668,95.38733890645366,87.22824783067237,94.08481895702135,0.46566410449886597,0.29940462604705786,0.1753098989197154,0.29328874498707247,0.3698797751733903,108.5710515784001,1.1580064849616405,0.028418981117678557,0.1446318251818827
91.49892074193693,86.98148526507153,110.56304213685162,99.85154971316943,116.76982328868903,0.24684503570246494,0.43751389451015743,0.3132575922424404,0.28710591197378654,0.4434845693054875,96.63819015583971,1.769097123611735,0.011353844543581123,0.7961721876351041
81.30369772988058,82.6791205252796,96.13094331721376,83.21109281616148,90.50918385659334,0.2851671225864612,0.2657640567403266,0.1414865581333984,0.2449967515427861,0.2588193202252327,82.83151903595174,0.5023291484776669,0.0136948019179904,0.5272144568748507
119.44118972306495,88.35838429938457,87.92470965648363,102.94562675182837,99.91993163172627,0.17224892768979594,0.3351292806852671,0.1575368282201391,0.1894759154415564,0.32443679429005623,108.22319181379149,1.637490748815586,0.03164018612532417,0.6838588001968708
103.2175318881138,95.06941112834187,113.07049439579788,85.54322205769851,97.13570583365862,0.20759342588989482,0.35586732405134136,0.3762052531682818,0.22051616424266013,0.134955072598688,108.86643856360573,1.6624660829159585,0.011899161355769064,0.6077858729587513
107.59047393776348,114.72945761131598,94.78286425427031,102.70982396375011,82.76559780029046,0.2957807335315673,0.13715936803672688,0.30609427260954725,0.3904871368515841,0.3481319165883213,88.94890361716023,0.3132246264648192,0.046528815308627,0.40234709035636496
86.81276352447316,82.76552649864458,109.11523567994088,91.52239874888562,108.94981160767351,0.279307056484807,0.478343419159019,0.14069889323286822,0.4520006027647725,0.42005154905648123,118.15766255301222,0.48218466112115177,0.02801363828665912,0.007785269518046523
82.65593116173098,114.50191201633302,113.42120792444366,83.5571497220113,80.95026025828746,0.26789543214583383,0.16114686876028578,0.16234671431105652,0.4687223042971189,0.19348186571130405,82.10045730557972,1.2075105765270813,0.03799866598858196,0.5333361614470663
82.25155251927964,114.14520692586936,89.38813956207584,101.93093271432755,97.04976812720227,0.44964628319513145,0.30131808797211557,0.28469385469094666,0.3478045070335283,0.1860156331572932,109.43836193111534,0.40783516077562276,0.015911807298521714,0.08059545040131094
111.82102104914408,99.55593205882683,100.0264336264508,119.5636775799961,86.00518226997028,0.2713482696238776,0.47539377552197193,0.19530277159149995,0.46863342355190074,0.4976838786436715,118.73913554509302,0.7441408958847675,0.043903810004198476,0.7691720280384287
113.22815754983725,82.06998982415539,99.10595078291882,115.45339295732094,106.60855862416486,0.12076287523019871,0.31255164903654864,0.16872771987747542,0.34868570238267094,0.49581705728595027,92.36599110799922,0.9564279424825286,0.02912267665330906,0.19941197090123666
107.40858477464532,90.53269129025942,96.74299165445817,94.66324253996203,100.85772840631977,0.4587523581672823,0.46993938464254137,0.18533992532483975,0.31692783955572057,0.19393240655798027,116.49861672433522,0.5251307278480895,0.03235103678451452,0.29386636841696
98.48911720574672,93.07593407507957,92.2192244948468,90.03411566620488,94.60188987539034,0.4597698830310605,0.17646159722969862,0.16158356496367993,0.10486505268560752,0.17277914403464867,113.05745012921876,1.4822567041718353,0.03593936719456814,0.4412475515199084
85.99765911736243,114.88417208014295,104.08477567333709,85.35145702375422,107.75437336836006,0.17590513874181313,0.13099607501024468,0.4470964413652636,0.4119991234784496,0.20179259893890272,109.76437861084938,1.1163573291793665,0.03159593011507526,0.40209157307785637
113.90665871991894,89.50142688209036,86.02402377349055,80.34469028535008,81.89001355425941,0.413303081324481,0.2688658187187193,0.41020812373927384,0.22920306073406943,0.32586169059515085,118.15166271231448,1.3696787714568806,0.03252748489019381,0.5241183536108563
110.49005393214046,119.48745328166775,81.79521289905107,109.92283836319571,82.8744866336384,0.25264421678166743,0.17507032680938767,0.3342531536008003,0.4003323199911405,0.40124284983765957,106.16228299233607,1.0800241757344813,0.039780933158238455,0.6267580953271799
103.68531299614668,110.24301129712951,94.36817589070951,80.43738884442655,103.80757408501704,0.24251576732769742,0.30748470736233124,0.40551143943403456,0.12179903780903634,0.12875533332034414,99.79522609462933,0.9718476944545342,0.04225885483188765,0.6061151711958903
119.64978512560111,90.30469691353983,87.57965108748863,84.9570357101406,102.21022479600225,0.25048909598883096,0.18938864041158673,0.24985840782008817,0.13750123194384944,0.336803212270115,107.02724087208261,1.1116808436042356,0.022246642536741502,0.7264684805521275
103.85780397441093,111.6908334868161,110.12293094482038,115.70165979180348,112.23090793369205,0.3686962023977418,0.41673620315756255,0.36020917523013074,0.2585525580024304,0.4739712899271431,96.4729517030975,1.8241508440577294,0.04688197180196433,0.3759331812185949
89.89068332317778,102.23509619503045,91.8964783637432,93.1914151820601,117.27777476919985,0.39053280641119625,0.31107249833071027,0.1827401633342369,0.35958999469448627,0.33668821003438243,92.9954869365154,0.9430679495126456,0.024155867163830134,0.4273381153862126
107.27583620268294,118.98361653004423,96.67650146874978,101.49750293415906,99.48461679665687,0.3733319995750186,0.41244990612332055,0.46601984759128967,0.4796226365432583,0.35207420085023855,83.2898250012611,1.3739595444240236,0.020893024247913644,0.699261763866283
84.29148230094907,89.46807978106413,101.10545442417929,82.69497220532025,117.25847717235557,0.48638241430133733,0.46456895960022704,0.10104574280608843,0.35504698649840316,0.17138776393362543,95.12034313641583,1.7094344033756388,0.022457216885054317,0.22586489740879784
84.95374727773483,87.91922985667628,110.61284895754547,83.87738167157255,116.01112398461638,0.21807706178339936,0.21900007989423553,0.293251855854843,0.10434647119734658,0.19431856320986263,112.12780233942743,1.3369033879004313,0.024340606295513156,0.19673614732483982
109.02803882890143,82.74483428435435,107.67388245142612,105.26514168685271,110.29397730959674,0.11164838278393466,0.3602234262876952,0.4557150314771333,0.49911546393277284,0.279422756712839,117.8174315302619,0.6456126661781723,0.022677224232383948,0.007298805785647389
113.12791409957343,108.7340225269262,103.44705181083887,92.8985327432711,107.89094647319716,0.2040564441176611,0.44124143869227694,0.14526340701618912,0.4896955924224563,0.3859349818872809,119.00606870292171,0.4634294443880028,0.043750007075391825,0.5907844185407982
118.27886338523118,103.50087122115497,106.57379473737015,97.48512168799203,110.24483238972297,0.3015738661469657,0.13866021492969335,0.10727837428390857,0.31781287899277566,0.26554020297600855,88.2610348384006,1.284034976884393,0.032446107220719285,0.5500685274934561
119.90669569354543,86.41557296270945,88.09621118015049,101.57751034657558,99.25501589046632,0.4370657977448147,0.35692219187737473,0.27275853859827803,0.19040282404047756,0.29216888352480247,102.85727047903814,1.522941760257463,0.04870581527749417,0.22137625555794474
102.86279138026876,81.96296190897093,96.17105825321795,103.31913048262243,103.40765405219851,0.16519771151446264,0.3668050649892741,0.34229162898630405,0.4240285472504811,0.27981170889691054,103.0299263347004,1.5952900128424543,0.013358223015029065,0.10393237718540159
106.29335847073494,108.80864116010656,105.66188813363426,111.6097262155774,104.99042538738367,0.2114594132110116,0.43455814369430223,0.3763988325839539,0.38268366562374,0.31123382856253823,87.04190178221347,1.4641538455720953,0.03455920696198865,0.03402473958749921
101.50030650148818,104.24785715551243,84.0477346701333,90.9262616290208,101.09599122632525,0.4503914459547492,0.19111340298861434,0.2606768101411683,0.4184930286659295,0.15318436078747247,103.26512811077757,0.25604489349997317,0.013840971893320342,0.3902903103093371
114.91948861606829,107.16206225151973,83.6163231388759,103.69099801777617,88.86951950548396,0.42324379720648586,0.2410380882923361,0.1502014796121468,0.13165979421409163,0.43721148750149375,94.5105136127115,1.6042205159821388,0.028354003387221133,0.15478583082130762
109.36066239154891,113.0976341003499,103.73825090359894,103.65450439006838,93.54365772843256,0.4114462182502543,0.21521653815580657,0.1465448756949913,0.19889377041508724,0.1851950542774703,117.69625743864617,1.308089706502814,0.02530940090133551,0.6347176979242648
97.85000084645237,114.56433415261381,108.93281323868626,100.79014638783372,94.72929544993484,0.39322226067687926,0.186225233742767,0.18643940870705006,0.11290725299954217,0.33874387532380723,90.20808800902866,1.9793174192551346,0.03723099660447869,0.7600269832414208
82.01518953154218,85.7202960530554,87.72100758157482,94.93534173034699,117.76574588305098,0.3755918193024429,0.36139618757923364,0.3274396624624314,0.48642997953633416,0.2890954048708353,113.39844782033397,1.5880277405823093,0.039817792531247835,0.6214875458608938
100.20613579434995,89.39360653036924,84.23000549846056,93.53222098411857,112.62922542204228,0.4440546032484939,0.35840396415093556,0.1336647762751344,0.42403538439043575,0.33375541667592734,115.87422513250885,1.0028625313487176,0.019523746082627916,0.6812763147268726
95.33371173642031,110.90023224089654,112.10819904507515,84.43283078794816,104.34639010507135,0.3614102637301738,0.17209097424954078,0.27499603765694297,0.4522329897497137,0.18617247723452612,109.43489022131463,1.4332624285438595,0.01774859265887615,0.7926338470503193
118.36384253484442,96.08552299614216,82.0377635601209,116.93210761031514,115.34665126289931,0.10004996261487747,0.20300348484699005,0.29501697967056484,0.4285112173207686,0.35731636022934044,88.58709111557856,1.3278875361041034,0.026780417301089918,0.5926483584010258
100.88565788836007,102.09012481376038,88.469644111045,112.77803022178549,99.94400153568506,0.4676253875828703,0.28222577265115745,0.25632608918281496,0.19256728663828532,0.18722499381564167,90.41476273465875,0.8404385868341501,0.019679492020114965,0.45385893381172204
81.35511180570226,107.32059825795992,118.01985079210824,113.16601961383,91.08792560842159,0.39444395880322414,0.13214364921812366,0.19708543393320346,0.4543581038160519,0.33076832723986116,118.84471461878968,1.1836760027619229,0.03706496028484856,0.6480089837197323
82.13300339733362,117.61405650152722,117.48250899518806,101.29661278851478,105.6926964668614,0.1186350436273329,0.38170201933191417,0.3026729471012466,0.4418086909992063,0.37297354901650526,83.03316264484576,0.6076667140936776,0.03070790599051513,0.45108133282071816
98.50400242843233,96.79061468395034,84.77793743714801,83.87011593444385,89.30928586704749,0.10177863519111546,0.18229563486996825,0.20318548022597802,0.38089291566466,0.3037256710680377,84.68343628816504,0.40370280096992306,0.04307908071725592,0.3460120698760054
113.46562985626177,85.8332920294272,89.06794607658843,101.9445623728883,88.60524872313098,0.39897899883646526,0.30514687951338504,0.2309538442786404,0.14146425868347576,0.1810488394674945,119.14278937512093,1.5327927759921445,0.049250881691146976,0.026003984264266845
86.52826738871148,102.53264966791849,94.72373083986461,105.04637143361876,116.48821361634705,0.2603120321382727,0.3205817232727115,0.4754549612762491,0.19588807082660048,0.36643397577867354,111.07579096762879,0.9222252149475852,0.02512431458081902,0.5143843144023055
86.03972525740271,116.53734639252255,116.09959869691674,113.16350333343611,105.2514366922434,0.16101836459732066,0.38550124876893366,0.10453635085759161,0.36236797997184633,0.16528706268580975,109.85535404240844,1.5724983140818172,0.04647986869903251,0.7180144263772315
104.8058662986219,105.56850639746006,107.61982204871252,80.65928802384629,118.32370316642599,0.17212977855232936,0.3235630533258309,0.25016461836348497,0.2885220602203345,0.22355555302250318,86.40831044582801,1.104589780101121,0.04108688948617344,0.554521185660999
103.42415045862319,111.25863357609687,95.09127356245452,80.49588855663184,100.38938639505776,0.48138681981133014,0.21626244003275552,0.3168189698942,0.4417422222163381,0.36567232490432844,99.55755326105677,1.6671314058067819,0.01596493646021568,0.3233170205602307
100.28760477263717,97.47957153245807,93.58868216648307,89.99304351238888,101.10179497988732,0.22911077879268826,0.3209746733467278,0.13319645049309098,0.3182745610830769,0.2725556353414168,113.63050409938248,1.544315437909322,0.0434371322876802,0.4935195128163581
95.01112558773977,118.79727532199234,86.91709231067726,92.78662270508347,91.75841883698284,0.4031734828293777,0.4391611372536469,0.17984660865897562,0.13261436218430522,0.2562227924979342,93.15482804836891,1.5872291970129813,0.029260292492109437,0.6503649387300987
101.73236704943828,99.97121027896591,105.74961861697092,118.00007082296831,91.4088434197547,0.31366016328021884,0.250720779326009,0.351424468399232,0.30226051188763003,0.4746504138660359,87.71060529657642,1.0013301038910831,0.038366434848007704,0.6113921077524592
107.71086277019987,81.00160812020735,90.49553890934499,98.54878911986371,81.23979153924537,0.26375644932783726,0.13299766917943298,0.22077400845659084,0.3423575449452978,0.20241003944283445,80.43781271072532,1.9320637045566964,0.03810446417278796,0.39294275679346047
104.70677842214556,107.13242433606833,109.86926859352187,100.66298019372049,104.15778659914507,0.20759538072225353,0.23582899360894036,0.3984567119636221,0.47605329371758465,0.240150653539112,104.90169939443044,0.959195517586576,0.04543862415950887,0.2893415559745767
95.84261005113949,81.6501213002625,83.99807423098052,106.19983696805856,119.82221198343106,0.17819521590419676,0.26825478086684124,0.24073587719185047,0.49600996564927036,0.28554730340719703,91.75241241127178,1.6380015769440122,0.04044658813799563,0.3174910198628893
80.63212956653184,102.30333987305531,110.04035011530232,113.07099312055514,101.8081960489056,0.37171334112474563,0.4655152266579413,0.3516246309455534,0.19975138996794156,0.3429640381333121,114.54689707514163,1.106780409451975,0.04298494952471568,0.7263273166188617
104.79663920736421,107.86899781098214,114.35864998773722,84.89158148811275,117.04728785099454,0.26075053442604645,0.2689399477755228,0.49172983254816205,0.21143640543794107,0.28757405859132434,91.34072347038162,0.6613999113008097,0.02283647756548826,0.13588294190450245
81.0406961420628,113.44799003831102,83.06961706238789,87.78512846419689,80.1557658552453,0.1639468182796801,0.1714176794741955,0.34139376963433354,0.40040628326108585,0.3545839494467381,86.06303248738013,1.3505993892319115,0.04892550103847987,0.6903836737756484
97.81026822144163,93.37436906869569,86.6397164594811,98.04360643215625,96.09483532688735,0.23171359916118833,0.12384726902600791,0.2881055448594768,0.30170786123758564,0.4082606431839274,118.41790048017273,1.0709414858861899,0.03646368648107135,0.15622697237992328
110.70644130794966,115.72521224280129,106.10269007068328,84.97641554906096,91.81563178839403,0.35611582491678195,0.4485034510403948,0.4131931514780367,0.24635111352437875,0.35288856940987934,118.59108049018039,0.7121222590328168,0.040947665779146644,0.784711799867556
116.5327318732912,83.54937972031557,96.27423357563306,117.70018476933924,118.02659365877943,0.3989146117820507,0.482752147669098,0.26894086504889836,0.3593127969244544,0.25706553411265365,107.40095313410961,0.9194304394762252,0.04435525142050833,0.3586743484283001
96.4481270819557,106.6958755239519,98.26982393415996,110.13842157745367,81.26325322771994,0.39513127154791483,0.4647972685242229,0.4676904062878301,0.16283500695500402,0.18163863904835154,117.13542810385084,0.5298903409096438,0.014951328776435964,0.5867443646192473
85.76628595685433,104.56795214174397,89.30209049772255,106.64209197076595,94.04891709845194,0.4019717803159195,0.3524039543769608,0.4620429147419819,0.22552022376621417,0.4392083244585052,86.47334324995131,1.9773294758015365,0.02345643497957603,0.5834995492065271
115.46582232511285,112.77037542239947,99.71351200275129,110.9158034837943,90.84551544940362,0.373510342793544,0.1781825240626398,0.15059774759825573,0.3810894408034431,0.1633846050897072,98.41363439881178,1.375571511364763,0.04343743885946316,0.6180248424385737
99.7703910724745,87.89928207453113,114.43544674083975,112.92270466273659,116.08598673636004,0.41773161589725927,0.3228380160509269,0.29074682498511595,0.21021161436856786,0.4935382379699439,88.16635563857112,0.5537034823886507,0.046879279645290414,0.63151668662739
115.09907924897038,118.38385048237978,89.13344926527704,117.27297163181262,102.8485276540799,0.3888668443642106,0.41122545886595085,0.40748437106613533,0.3336062308706387,0.4758795367835512,99.15133032780116,1.5880295883041131,0.0402437368821149,0.0312597857496991
96.89980335672608,102.41495583871492,93.70409426601111,91.54212027843809,89.65257351910115,0.3335286013530707,0.3080182340416598,0.2094841769691469,0.2126943679366694,0.39475356239281745,111.64711994987222,1.3032873705907762,0.02929235726202633,0.21866749065983512
83.29711957828508,99.8625958858875,115.5104670285555,105.20607877097538,100.83902531023094,0.2339069686558422,0.39148429805867113,0.4810827035259301,0.27572297471150353,0.1389302571518568,113.79711388000254,1.5144646097877124,0.02004489054424681,0.1837675900875042
97.14371673003666,98.57606505268768,88.37109390287804,112.91743508772389,87.93531853126112,0.36661859253177453,0.10380921267819426,0.4148014085089188,0.3102612468154874,0.29589288160346194,80.166575770708,1.2728511534731293,0.03100109959707241,0.5588745824932646
108.66491026909252,110.3994004598461,102.99476168110937,114.51705499819315,91.642014098026,0.3277768642310749,0.3065634175738864,0.22951090871840907,0.21260356387169677,0.26611898424955804,95.5801358679945,0.35581763392620813,0.025892008990063504,0.5466539640210478
115.26468884971453,109.17641838397216,111.94999311047043,106.58318838109257,113.85372067959878,0.4579637127662267,0.1541481839151372,0.22990583867463332,0.17692017117976178,0.2708547906949528,119.76274748449902,0.6056695307676994,0.04542523185169291,0.23762678733889225
119.72395450870545,96.80651418098554,112.55662734838282,109.78319038072135,98.11480662848072,0.15339936764926848,0.4043182455608929,0.1413869570338299,0.36610483744690836,0.20708412994760939,103.5725984726014,1.5953025803813463,0.032690600365650836,0.6348335467267897
117.07795998930048,95.77703718290378,102.6186366510495,84.23769427963846,89.03100776265065,0.28887599874306513,0.17999518468701659,0.39208947179028764,0.4793103957073298,0.18869811495719838,91.84783718791807,1.5701130811821573,0.02568265407423364,0.24929645988407778
113.62784682135043,95.86210891315389,95.76336357661033,89.83924072762481,99.66441337189818,0.4812612830851314,0.2301095204045736,0.32313886682076065,0.3806359804342304,0.17970744642607747,95.55977040167052,1.569281829801436,0.029939196820222447,0.27434817639413406
112.23267845402489,115.80656471094959,82.80457728176735,102.99282924960463,98.69093471569337,0.2779055749730511,0.12713099226562005,0.37882151041120804,0.2666464478897914,0.4566578130558364,92.90254986535172,0.2766257554971715,0.047342701748931286,0.31908068779911636
104.57127401886314,97.89102747633076,95.9457928341366,98.87522849717958,103.27996515025657,0.20959675542925518,0.46944052972957084,0.156415937873138,0.3427865864055533,0.22312327194887158,97.90393720121737,1.6590138848775677,0.03453033914125521,0.5956717674824462
100.03932844127107,98.88577804082584,112.71341239832323,109.8259196495143,93.65513976724772,0.17271264438131495,0.13757486868766622,0.36225702353147604,0.1932671733036982,0.32912576482841904,97.77946534366542,1.0184743408692785,0.019159176004625314,0.009422345145631984
112.02308470061283,114.14602676018,86.13968821496762,103.30729846923035,91.41247974396855,0.49176748913411117,0.22638472811181265,0.11397771108669152,0.15712904575856823,0.1477288037644683,100.27453220789855,1.4639075398508923,0.030003103161586886,0.7251722010032841
109.56689287706891,89.55141317434733,106.85614096692127,90.20498624230535,100.44575053719772,0.28531341088209433,0.3978602278642509,0.21857775431274337,0.1583371083375373,0.3563067065315708,98.58024028769293,0.7261394369796145,0.028626329479769938,0.5536439489497607
117.94585871664768,95.25230153825738,115.0295394385283,119.47778324815579,114.99403395220654,0.220472083539697,0.3300681397248931,0.4735146238691008,0.2165387819706105,0.30499664579450747,100.64454739825936,1.5966751144347955,0.022416171004263134,0.4692787038361743
86.63464118893371,112.78632878140652,81.28597580402246,95.73207534797231,114.82933493271454,0.4227247654524865,0.37668724499905126,0.4005912699116744,0.40902774994244007,0.3159664081336172,81.11955801300732,1.9689930954184343,0.03945198047082372,0.18986531448223654
107.55008851039679,101.30961709351513,95.51456100330482,112.49187785881145,108.38233615792883,0.314424843160906,0.38755583217937895,0.3790593080454223,0.36802306561187403,0.25285387685706545,82.17707585908973,0.6936928137238088,0.020731477978031713,0.6284106543994095
98.73621278462693,115.69937348838639,89.1979207127453,86.815660366345,105.71215057334327,0.43141705824195076,0.19448115574835573,0.16229278654108492,0.23806488764628064,0.2015324961619824,94.84575892831911,1.622345870729539,0.029701959798488234,0.6982305174686698
118.87977370807081,89.89026293227082,89.98681515735306,85.5799539184876,114.4225422109453,0.3652730048812626,0.19240714045998436,0.3625959353403476,0.3052891179363154,0.16098002723010385,115.39766256967872,1.3086632928006048,0.0276418681174027,0.40123737607222254
89.05590161645337,100.12714106899551,119.63489912008819,80.48563603688174,102.25944362043177,0.20335850564840918,0.30869071372128914,0.39324212156947924,0.2593006576698704,0.193133056871216,111.63329213606337,0.727917679619931,0.0286745066898313,0.23396865940246583
100.49156170819784,112.29789505640619,94.21126158211108,96.41365435596165,86.71751922395455,0.21803128363751553,0.13804687570935875,0.11005980043609323,0.4892517247987417,0.13856397374636617,84.40614567646256,0.7651248267036312,0.032671022298950934,0.30444269281533887
109.63260926543147,111.38835636752593,85.46653283115322,95.73828295953287,115.71619981450732,0.14995493804426002,0.44838563403185705,0.3654020942877032,0.27442901249813056,0.3596093622903398,99.79323834973393,1.5303659256896498,0.03733189064230392,0.33300081008478677
80.10829094703149,91.95036282490528,102.20169140210191,93.36375438639813,90.88180756710678,0.4739939294121641,0.1397509245742824,0.1974844108701329,0.44412016138829635,0.4122557381204428,104.18349083912625,0.7476054625432669,0.01571999370743028,0.24473230473029597
98.4014993961285,87.26092432438774,101.18500963837936,108.26783685252903,103.01179810514009,0.49770268862287637,0.225563526028877,0.47795455885541804,0.2374755325180017,0.3860372764741973,99.24756971340358,0.3336387425780417,0.021533004068153207,0.5697508135091083
83.72437323434124,113.77634456662292,86.99911349949953,110.59248002444514,94.42260443103402,0.45309717904863456,0.1683128381033447,0.18225546201408013,0.33238345921293866,0.43752990801420566,107.90266547916244,1.7794305247378495,0.04091347068918255,0.2737394463358337
111.3104539222441,88.25091613621383,87.4664841478172,99.88103384869929,81.31744058793441,0.13157981408884467,0.44035232390236145,0.23724821181803862,0.2624906455890007,0.23594443827502243,119.89052632358084,1.2806611939890147,0.04630981409546478,0.6569737672863277
89.01189355129334,108.96049008737393,113.49533913221703,83.23141455751242,115.28310837752417,0.46459196184307505,0.15231773063313564,0.32970979247053733,0.1592432322503167,0.47143785203793653,83.85896519748685,1.5773288575853457,0.011786279441500907,0.37095283194020495
111.90068816212715,114.78737182827862,107.9371421831536,106.96612269175859,101.00372933379455,0.41917252541424777,0.19352770970443114,0.21911130723526143,0.252606131185071,0.26216707011817464,100.62136125828009,1.3056415425738064,0.01293462300404213,0.5031681442530852
106.11148897965259,116.7643865826642,84.02088005666833,92.63057911384365,82.89819894383487,0.4269371434528221,0.3258133421236762,0.27117972595669126,0.3877778627745412,0.2831459505375227,100.49485851850213,1.153800512440951,0.04735318723453132,0.758361854566081
117.79220687776154,97.81061863997552,107.01377882704753,113.64480258017286,119.64000992305955,0.1512960067539162,0.14299567370781135,0.23038267191806872,0.34114809504606886,0.15393653105929378,102.49515190922729,1.5974691670769696,0.01591763578345743,0.3568429370572857
86.47129831169063,111.98050422872915,115.49691592546945,81.95501507403503,110.16362240742293,0.320053668278963,0.2078438579234934,0.37816536624331676,0.11130508047054827,0.2876093725922292,86.67869823931831,0.3062735764553177,0.04917156522148433,0.13627696591279478
94.18901284786202,105.94387165881727,100.56192784155459,90.38969008346548,85.40885448015945,0.12090565960569305,0.2322031101101282,0.10623005771475165,0.28763950423117257,0.4068063473912047,105.53431163956876,0.7958013531163619,0.04312888527175732,0.43993785591733847
84.67788932356834,84.13291430833966,105.5116016053831,94.05643405598153,88.6653375282349,0.14008801509837784,0.39408907679761085,0.33367810683693244,0.301842109254408,0.3397933049120967,81.77363690355105,1.3480702697014189,0.014828177057906232,0.3973404210435867
107.67540370823612,107.47398263065867,101.56673169427991,117.39831267463404,95.41656925765685,0.23435885269167822,0.38413582150731573,0.41186633676830897,0.411289546234751,0.20778391575747537,109.64493947727287,1.9019557159300817,0.014101002128922575,0.6260666405513656
113.43451885077172,83.00557631728785,109.59324376154018,119.53789655327719,113.86392865151268,0.361562803875941,0.15923829029811057,0.29816784543850683,0.10105170402380703,0.17743470360333646,106.52638102560448,0.9388887654580249,0.04909187719459497,0.6881595706364672
103.18658877240237,105.07064257308642,94.13158197747788,107.17940873032416,110.81581532725309,0.35269364633304223,0.4497446020812518,0.11961131943440972,0.3234211168697321,0.35471000804201225,93.21694673650653,1.9567590842103393,0.020192911987290736,0.5700958157577314
119.92913924471415,99.69851668001732,82.45216263093769,103.83431802923941,84.76096599928674,0.4729563924730985,0.3620575178579827,0.14121308098829535,0.1586976970177922,0.3543056515547991,119.55957444400198,1.5717432585636724,0.03154668806622473,0.7771637656487571
89.7906017422444,93.15119645222948,109.24119492593643,87.35232495514002,86.6301178736941,0.18624787070529308,0.47132218995091535,0.4682748803143545,0.47946234406288535,0.21718104312487735,113.15113530684712,1.0985687861829068,0.019449428126799884,0.21535574312820227
81.7985696999531,114.92959745415524,107.74021697424243,81.59785862470505,81.13169222552459,0.38677996318412655,0.3652055627739398,0.11424151253510884,0.20622603053851188,0.18270669187178737,101.58142540176092,1.0010272103404025,0.03402698052522855,0.191356448073235
102.34697185900224,91.30137605146844,103.86905401727715,97.38416702723862,116.93250249241018,0.248323440695336,0.48122148661809006,0.43824065558333536,0.2173698365473108,0.3120126124397292,119.62041639742426,0.4765244081382427,0.04360114175644081,0.2330294483563744
91.51236059845472,107.16581473755573,82.16217246474397,118.23442136755702,119.23029871633409,0.17690644863466476,0.2109735969183753,0.12600129960595383,0.35704260036673463,0.3627683097985316,113.20362574913119,1.3265897460775395,0.03627636745591109,0.5367258314573172
109.5629851606565,98.60849886254293,88.79973757309045,112.50065360991859,109.45416388588089,0.43540064832137737,0.4486207253709017,0.1640237596774891,0.39721637846519486,0.15388305313093295,85.51909120546459,0.3416189181668672,0.011864666357785643,0.18603281225913407
88.87816158243797,98.04861176629063,98.5119575126714,113.05642199890836,107.35378737336306,0.24948600469832438,0.3062146286236885,0.1197879656348304,0.16270548461818174,0.20844643999601528,103.64242416757708,1.0008800694823559,0.03380757374535,0.07073393929430764
105.7267017416022,105.99309690253114,90.81880317529915,94.86845039318136,81.82649141746825,0.15101693185367573,0.4736385088825332,0.21532767523484653,0.30046866580356546,0.49861369517027454,103.23430546731798,0.6659903347701399,0.036440665383998656,0.7821777468733595
111.47764543248495,97.31992860679256,97.52953428350294,89.81425059734507,88.37709125837716,0.3266570707724976,0.26459830999683387,0.47191696236971403,0.18899910214664342,0.17180029633548316,106.11780686878,1.9235006692356578,0.018035920051245876,0.2516886104001523
103.51287718276117,89.30212060814704,82.56835406261858,110.70029663923593,95.05877737625464,0.3141457476163134,0.27092069513255607,0.41879443092618607,0.1168040165217469,0.34709032976448795,117.63026366309714,0.8857119222907381,0.04048471602963176,0.177915740780747
95.20942335597218,97.25273126063165,112.60179293632376,92.83347583759269,110.32144845031344,0.38427165715915057,0.4887667043295868,0.1583052800959342,0.19849728748378706,0.47297729262769694,99.68127653223371,1.106194023614052,0.03507573478516913,0.2869992017883809
117.58179363118174,106.43472783699198,97.26724324708098,109.9115889258666,98.31589479005542,0.3522515381933202,0.11521961309420466,0.1309376009023116,0.41417622425106737,0.32698979938256634,83.09525854735261,0.9071129276691003,0.010381887081362172,0.12674011444592156
96.57709084432562,101.01132654290733,92.70889339237175,84.17000865120005,96.59408022104661,0.32616619264754954,0.4519462573245142,0.19643916774849132,0.16417239272880801,0.3455223790488322,99.17325442101398,0.49011715365577746,0.04802220292080014,0.028614251263193592
84.95427524517208,96.41765894221787,102.27734884853801,117.22844724822588,81.44889324181214,0.4529692390615534,0.20610025786704728,0.37251774591654085,0.16095161274330969,0.16876347833165956,111.51177547660572,0.8670185804362228,0.02782318361437512,0.24430685406071861
104.85833626007776,98.3094074660031,80.81044512816557,89.98192703754881,84.73941009419207,0.46060402314509497,0.14718599796255016,0.10973821466207788,0.40997617924431373,0.24500381941007215,94.344350991742,1.613247968572228,0.01929515832064555,0.27029034861368306
88.6717658292578,90.98280973843673,96.05225341528785,101.16157573955562,80.03959975705544,0.25866342088085237,0.41994301796327826,0.17197431663093926,0.3601307766084143,0.2254113315350538,81.08419623683767,1.3370924327467777,0.013447909676673806,0.6488129903511477
86.47477442514963,83.74265542435202,101.98693597050975,93.1629948160508,101.93590944138873,0.14170738425873766,0.37499841958803515,0.22746565382037445,0.44664164171202836,0.4676142600927603,92.12972887626572,1.0154762551185397,0.024977157584052865,0.3485094126582906
88.8729320869871,80.9691741635034,117.65467605080987,84.33232484755976,85.07434991846867,0.4396207047683811,0.2289406989741848,0.19463304974386247,0.45712025696312,0.2811787935505845,107.28599778811848,1.6859986719930484,0.022310764442062883,0.5894018209655124
85.86187306040561,119.2510609597309,104.70640960679984,104.41159806815402,119.46792806074119,0.38309588942320627,0.4308656805642538,0.211074661947129,0.14763897117391608,0.34993102533731435,83.44037712343525,0.2572603099415588,0.021918125659791232,0.5885700875030042
83.53755077098619,118.98003570169156,88.16052586216163,104.92286014248143,96.80334261211166,0.3360769023052901,0.20808002906343034,0.3338826885541369,0.41614290179133717,0.24000439293765097,95.03859234756995,1.6965514005482127,0.041728045653003414,0.6311936627693228
95.35807253908713,117.2497331391785,85.96910913761026,119.88276044304973,95.16500244366193,0.1969270875702289,0.3900004854438225,0.4143488066727179,0.48171577514756814,0.15903432916698845,85.32523340003341,0.35418726958315605,0.035836846220054876,0.7348071075259607
105.95099615554219,118.71626925933441,82.30404201515898,116.91457451700762,102.71245541417373,0.45570564075527786,0.40603952447596103,0.38075996317235516,0.22522145167615126,0.10887718047526165,99.03714366924757,1.7729758405943081,0.01532212043724015,0.39890506752257954
108.1758751590981,85.96736735545393,101.33549723324128,106.94054858900975,98.24989229550727,0.30302019764777693,0.2143077505942865,0.2159284075706765,0.4708554308770614,0.1611875568212837,85.66053967088351,1.9082510820073335,0.03832296414780625,0.08316263850816547
86.19940712424227,89.76476300342307,114.17571163973994,81.37883971331051,108.3544831376325,0.4736929518362215,0.301522684004296,0.4353117104243748,0.21343502857676416,0.3535682656338941,84.36147900038841,1.683546623493722,0.038939280216530175,0.03093035422604462
119.97560146058107,80.29931984427067,86.4418273127976,106.96577203572538,82.39963338341393,0.32263535828936674,0.4696664357671335,0.1717193707369684,0.18182795589699186,0.4795857597814178,107.91195167714011,0.28428909848507833,0.03057074521043425,0.14952762998389577
103.59159935423435,107.36000414244225,103.52585392456281,94.60738812084269,107.89129183946557,0.13918584831444203,0.35387298761759856,0.12422564528610125,0.13079632324824134,0.33885949716068875,86.32006354548042,1.1708639378732786,0.04983068061415794,0.6633693174771073
103.77177712055283,88.30548688375679,102.5254217434044,115.27628868555709,106.673331427618,0.3205471848616235,0.3292104795014371,0.2894608386199772,0.3969437362326419,0.4968754145459594,86.1918317833531,1.7003934948150337,0.02133917092512417,0.4594795992251859
98.87166029575388,92.86336411477805,83.43544837750291,89.78508531036115,80.44747012347507,0.21031249855614226,0.2293758669259794,0.22921981693728588,0.405307578522341,0.23920620044949126,103.70076701864444,1.2037786336659322,0.012338225531215361,0.1120945954524748
119.46503670099858,88.8992900851496,112.5950377074149,86.74579527219915,91.34404598422296,0.3706948270330602,0.27835502280477153,0.343121866809205,0.4316061491219597,0.3056234750216823,81.74375246263394,0.8798892355799979,0.011152248405970249,0.10610899035567095
96.73109276913468,92.9762265656642,111.93403251039445,118.30773632061693,115.01177934603393,0.29006928033868223,0.2067898334421212,0.3063618327279135,0.20496490916384158,0.43742808228718355,81.31970515200771,1.07371699678386,0.022821922316475236,0.7132023503481213
86.14311467791026,111.06754705397161,85.91787653218846,116.53524426248406,100.71514302674314,0.25554561074463356,0.15164305273398157,0.195987011170544,0.31383258698690253,0.466515006331901,97.25785075788426,0.3912143440474172,0.029916718883346093,0.41602428777709977
93.45524352226826,86.28101989336771,80.47236352716018,89.9178796664354,116.56080253125248,0.22022459942991188,0.20575448163972465,0.26262393392405414,0.4871017913168586,0.4380878697845416,94.60381932898237,1.1185488784802693,0.013129242363675275,0.13751812598333624
111.8904876908891,118.79174831002878,84.03046084485493,103.68714974022677,90.28601896123106,0.15986718042987663,0.34550131484010566,0.4167456813376139,0.40720413654809506,0.29553819670184633,101.78477608661981,0.2987319488305538,0.03263194436703497,0.7173980918948221
101.7176682308963,92.81819542253821,91.33862200973431,102.95381208098391,87.33272647478161,0.39273255426961684,0.3334346442371935,0.18057799314088108,0.12242145625460346,0.24779987202013487,119.73938469160993,1.377202033703373,0.04603482260985192,0.5765817394457733
98.76533747888467,106.0324906017614,85.12728292731217,117.22377083507615,100.228987978165,0.12477560077901595,0.25800536156835685,0.431551600628304,0.4377176593614326,0.11362956853600714,97.38825984103167,0.9332914428910772,0.0418745125895598,0.38221496825680684
112.78111887537369,106.15621722484254,108.40003764890182,108.64523763971351,115.0039958824589,0.12781418700379765,0.36794683503649794,0.29999947797688,0.15974335709215637,0.4222118470928373,103.04233509828765,0.5848502159143878,0.03689874255701965,0.37205234937297116
104.54421740187696,91.12868606885559,83.98038571461828,104.25002477800567,82.65411215082324,0.18659846508256878,0.1312597018782843,0.3998028552400035,0.34325038985278566,0.2577770954925295,116.76974504716105,0.2804200769202906,0.036469267781761724,0.5381214339471276
89.6517380675812,82.42828738407647,101.95550356026268,86.41352499771472,104.41629277733892,0.37709048151341384,0.46455227547648115,0.11367297710665909,0.3510717750701342,0.18726691880622393,99.32716412085534,1.8637082749014922,0.03921202263331285,0.2706473563480117
111.63460523453071,112.87522883087449,92.38174032550509,101.95818130777984,102.52043040345436,0.2896551039765536,0.2695924515533479,0.25599186713381195,0.1761424400989848,0.42105997457799293,111.2448210228855,1.2235582973968027,0.02976825537127753,0.7999281309550649
98.91548728616667,106.20455565699059,88.40348495294134,119.16972958347176,83.9231930836373,0.2518082339710801,0.454878504374592,0.24186730917859633,0.4358853378716614,0.3177865326098751,101.94610143770927,1.3821684248851147,0.02607199272351341,0.627643659790492
113.16884564812477,103.76383947804752,89.79418988774864,109.827000026412,83.37923582708288,0.25425009394391684,0.3816128858391984,0.4146618498413689,0.29307631610979273,0.27016817135341475,105.48828991294617,1.6138760004097217,0.022266220124570704,0.5127678840457605
110.97671337795133,103.59940888972054,84.43001273585607,83.18022252369481,110.0334533374585,0.3309675881489289,0.3340653514022873,0.27019168634187496,0.4030651513770551,0.2598885791015232,117.30009761108683,1.3465332388146716,0.013984734591907544,0.5499619523934877
91.71743626015349,115.57207403068854,110.48292084120703,107.92760978870865,91.14424210533804,0.2811993371529971,0.34212728971180495,0.4947395607722659,0.20427444440564121,0.19278111996460995,80.02815073270752,0.9729320586479011,0.0324865018007163,0.7968670992552908
108.35778076086471,117.92590738059336,83.66239337482276,93.04650568014264,89.38689061846377,0.1707549066051931,0.37577768572325343,0.2796378549673631,0.2554425360297099,0.18163614965954747,116.03759557007902,1.3482793553077004,0.028900723367169985,0.008625315581979277
95.73000537602667,109.69330619415786,98.96970325701545,102.82922424480985,92.5661955231337,0.4564553509613354,0.27726921408895433,0.3430773245945316,0.14501183131701137,0.14318888667396046,99.90768078628156,0.6919040145012925,0.01475611581354018,0.018259735210335394
85.65157068348402,90.67734595750915,114.38721204967948,104.09667848613643,95.11954692788935,0.12694181666559834,0.24693843233531743,0.2891546408767647,0.19783125977969473,0.23987100235092385,104.27057476966216,1.2323653592439912,0.020730789942347873,0.6280222960696182
111.5962392694235,82.57829729819635,90.15564351689542,89.20412616229358,119.41458248672888,0.1025040136095079,0.24043538610455795,0.14766853393233903,0.15135379134955584,0.10180243902400132,98.00231887850046,0.6097777772782835,0.04148811640721861,0.16751356820957097
108.24394329571041,104.71143745554217,80.19939861177892,87.3724000835943,105.42165171892313,0.3785522264260428,0.4725135096197536,0.34861822434086287,0.13848082077116386,0.4958597797570017,90.43674517409295,1.8554899089927517,0.020224161957589318,0.548133252233361
95.18877305926662,116.97121534716243,110.58896876567032,97.8953629121648,109.98059910153081,0.49023406835060535,0.2872938142629955,0.14314768736251837,0.3882957238588818,0.48458728179337485,82.64028760467693,1.1417434379739406,0.027028765721839362,0.4026723529349592
119.01617295304887,98.43923298805882,105.70103551554134,116.7465846024518,89.94698648144693,0.41147984165547713,0.3496811418283924,0.34433276094843085,0.49116724568225156,0.1292477347279078,117.80502837933079,0.6592204914460905,0.016452306234303268,0.25493610045206927
115.46231654665112,83.90178827091931,105.93792682350586,111.31352620223137,104.58424877009705,0.15982240783625046,0.43232457789587253,0.1580452321279036,0.2533185947716119,0.21259970242190016,104.95504825098945,1.3693569202688447,0.016793864479815943,0.1850720120472972
99.82139216610172,104.69388399702744,86.06654835117779,88.62282841320874,90.79597375825368,0.1973778865761573,0.11028878044337068,0.3265005054139245,0.26049580833338437,0.3206360850548045,114.93882949847242,0.40805930610935276,0.040253828745706564,0.6213967149774619
103.91117362520153,97.67604294980282,89.77903369943358,115.3123732857832,94.95687361172894,0.22180328259900148,0.4765843420217051,0.336538876896611,0.48448281861290676,0.24000238170346347,91.6323313221952,1.0095332825686816,0.012666968045808372,0.13678553179031602
97.84126876919565,96.38804306195979,87.27771821107011,109.26508061720934,97.93833049075431,0.10091581493852884,0.4125062259849762,0.4309515418242569,0.12348135888013441,0.35014769138492763,91.1199579679515,1.7654380831502638,0.021401045757167562,0.1269768090084715
80.65028439570874,118.56054809439188,112.63054446381655,108.94237416367213,114.76367482074116,0.36440714681604813,0.15829354681902613,0.3210098211410325,0.19727955227197747,0.10658068128180648,93.43137778829158,1.5937523801613434,0.04923377959966817,0.3535460879751513
116.27229014422201,93.49958825537755,104.43834713666794,104.35231236822376,90.69198675242387,0.44676443615044714,0.29667806849058564,0.4126796403642845,0.3891572128916435,0.49748210440581164,89.24152915757631,1.4810191702763558,0.02903571655555061,0.09542143714369047
88.87809005788269,84.55629019276088,106.3725678366581,111.2367596412312,110.43811918068016,0.2751813615604773,0.27102024270287106,0.2127022268204681,0.35005888536128593,0.29444500022211373,99.91882853538527,1.073555849626921,0.03424853370939221,0.5132094824731364
92.65101508739897,88.21039401860808,98.14456713818487,101.87253840962043,116.76348511874224,0.3915044488566676,0.24260467937657093,0.15233789664373037,0.44497418084778173,0.43121877678587384,117.44966188644804,1.0320384563179785,0.03563158403066028,0.7935766236487907
114.99292617096216,116.64233325207312,114.01049540543919,118.58324817745245,98.6199998867623,0.2404000748462977,0.37614068700479975,0.29696116251024474,0.40438883885244004,0.256052947465805,115.04250686519927,0.2697918482510096,0.017845547172233654,0.5983306327439043
81.89893989732377,83.34248128593913,95.61104567089373,90.30748365091989,86.79762365444269,0.31425569415649185,0.1231264416258989,0.16996399263523254,0.4127062431100412,0.252626192869151,99.80401815847958,1.300066406958012,0.024773683758726954,0.48258796353972655
118.12815098034594,87.8167835364249,118.37517089260925,110.43355361284829,105.63782688500893,0.11404216969183607,0.1670545142847787,0.26463921283424585,0.38716524280670883,0.2453940167228924,93.950498633041,1.2597645797599049,0.02602826551049374,0.3157107950586093
107.04075840357513,93.25897294636496,105.85708152233128,87.46768473125061,117.50821730143917,0.3980743017515477,0.4432242349180334,0.23645464568228505,0.4201502283417702,0.15075226637207584,104.46751211054233,0.2592382866724575,0.019227328035942782,0.7903917266054412
92.07173359842375,90.20746049174168,108.4465119277663,106.25794872264727,98.05195673373221,0.26611341002866384,0.13902495851263705,0.12101119551791029,0.12581095099417877,0.1419008108326546,104.49032533916169,0.48982619348107104,0.01935935247758127,0.7039546007022369
105.29784938763146,86.37972287043425,106.9331322960782,90.82442780780775,90.91343906705829,0.4342903693665595,0.31747084945347603,0.47895527511080427,0.31520012052500546,0.3514845329241547,107.3505635601606,0.2717632727869015,0.03431477226007702,0.6564726359337621
86.48719739775139,93.29508540144658,93.25004241245313,98.16716046809077,87.61678018665398,0.17379358445619722,0.31623240825348337,0.2541210195213307,0.47257413685614813,0.47356848631271686,101.4240010332582,0.6930631554279316,0.01433902364046455,0.18400534374103794
87.72030144635065,101.66954286652913,85.15509618681901,107.55588031955341,117.75788503450386,0.1793994450008964,0.34805234557534637,0.3552703211883912,0.32501403178320715,0.14973188319805975,81.0702104082681,0.25674296346543285,0.015165817859969889,0.09886455492376395
97.07182486657513,116.04421252602707,83.93266364503458,81.71830509502578,108.8547551005536,0.3616061275363448,0.4196341139696801,0.23809041354125204,0.3058206807776629,0.14653117853971118,83.04186069389173,0.9803962019010808,0.032932081954206376,0.14235285740587136
110.44086291925986,113.72232963863004,82.27270713599926,111.07628219827322,95.06154931186327,0.47227548459481106,0.14381514126892803,0.18335084266729884,0.21939139032001398,0.4303160956728088,118.95099941619353,1.083687962332634,0.02797352268508918,0.20695127553291792
92.13350530728795,86.92095685373188,119.84063020410107,82.54654357275454,113.08032058431998,0.38026236820094195,0.10280577520124101,0.1734246188637642,0.40006047167676073,0.2615337964003249,109.84941180532749,1.0148929061546437,0.03447733863304794,0.06535906168468807
105.57977741962111,109.40321777047468,108.46868479687186,114.3373794029273,87.35168279424433,0.11048541298690401,0.48556675132800986,0.16049316517622483,0.30418665601873107,0.19932643905793737,117.9298759440889,0.5989311098599711,0.011078380575124051,0.7107378633343041
80.03298467338742,103.94113956173065,94.15434557293335,84.95149324468551,87.44555016416956,0.3949877280901438,0.41069043961891527,0.25888816140995724,0.3633798485836127,0.4636294338185942,93.58102404073213,1.166228652263559,0.038196629091058705,0.14816086529699213
93.26997249836892,82.80933483546814,82.27652808513804,116.64105019329776,92.48410997414786,0.4259236473970426,0.2659590870579659,0.2765904215586552,0.45475130961080823,0.11374912017053718,101.39797673253176,1.674665587888382,0.04399558567348083,0.1812876705621493
119.2892278989434,118.574680333216,85.70285129308455,108.59697211584763,104.03219556508276,0.10912462892553054,0.18231813662600885,0.4310486578741375,0.16128527504688034,0.21411171397934106,92.87807676346597,0.7596266884844167,0.03096561194925653,0.7105266845975231
107.62588292420614,83.84764000057899,87.54240314538232,83.06554645803526,104.16536820868285,0.35162747605607036,0.1736971240245523,0.2212465364974294,0.2867650908492769,0.19124371350717528,116.3574018712915,0.7970070100657612,0.04363361278370453,0.7665145607440204
119.46364303396365,106.87938150631766,108.43046140087719,119.38340166173124,107.12046216687185,0.49696547359117327,0.16537840692850714,0.4399748419681012,0.2880399325994877,0.1516494718880754,91.50933532664374,1.1999452244294366,0.02598650610918643,0.1774249005484453
81.60726290513881,114.6802240342639,94.58713161515185,80.17454486058861,100.28936710243282,0.14739446286503224,0.30011842242034215,0.2414080685876841,0.19384091964519748,0.4835756548662996,107.75245215485944,0.6590701868272689,0.013156970352642735,0.23534727439250178
117.48060003505054,90.29322748779933,99.6605269221136,86.95107551129563,82.30770686665761,0.2853518962532764,0.4715243925489311,0.16559989042592754,0.1733864268920049,0.33841107637698065,87.00222299564531,0.8411260731205662,0.02510176682076551,0.6400823177888264
83.22179786852453,109.08043623845421,114.56297882968596,85.73195357009965,91.53274271241875,0.20795025704672906,0.17397514224450417,0.13787415416532445,0.13050826812286553,0.4012673541653705,84.21005804306691,1.041765142330841,0.02785473553286448,0.7762111100513636
87.80117870579309,81.07423107705712,102.13725479547935,107.99688680550591,105.91509923540282,0.21286525854792662,0.491367661323054,0.17324845099164993,0.24177866000953918,0.2499634477929334,86.22538257225365,0.9260292039836555,0.044621508080394064,0.5197408778297244
95.5221418920899,102.20040983759621,83.76397226544898,86.17214874890738,117.27178478211934,0.30006111709473193,0.4482543475917814,0.43390808398567493,0.10398253234551813,0.26370202678330507,101.17821066464616,1.681906531617919,0.023388660526607374,0.3540677473030459
110.46030991279588,116.9095638330067,116.66721137997469,105.97570468430962,117.1295459244866,0.43117469241623285,0.10007912313068408,0.31345582888729756,0.20379024853328076,0.26510741969684026,113.78164162036786,1.7357387310240568,0.022604033013156655,0.5396636337926409
96.66816412329852,80.14464979139764,82.50284463384638,84.37949302803261,83.81413812731441,0.26812187995152326,0.25670177628700575,0.4567800488845052,0.3145854435878138,0.4614986895311939,119.97118900691623,0.9550373310990166,0.04552069737937525,0.6242268086535867
94.06809563401053,108.05083228437431,111.6259522640198,103.60853097378498,85.85744698227919,0.3906969629285404,0.24044802838960228,0.29742547261958197,0.2559434152821167,0.43142971128012864,104.90732175311122,1.033626462267609,0.020038640130658862,0.09012472294681828
109.91606408592702,94.19207676550396,80.51973394687185,91.22354482130997,93.22402216563911,0.1750391247883855,0.47456491290462066,0.3321697977007665,0.34470318158723356,0.3067205601007885,101.34414127388666,1.924564720853054,0.035697861424038704,0.34823868404192715
90.96982140872412,112.47480612750343,110.39705590376361,107.82208121650567,85.56020314049061,0.321798590817967,0.36707016656913083,0.3620141020403439,0.1856588355479857,0.33297606434922966,111.4753036186069,1.1304031458622346,0.023065348516849576,0.6858416508552976
112.31335638825128,107.08703846653295,87.79350745925568,105.92375721126066,99.34046564014724,0.241850576275377,0.35481212232115156,0.3191338321071675,0.17187197348499705,0.3938935670156144,82.54976810218236,1.987806089896878,0.04805823558738384,0.564339739292972
97.574002474249,84.48492653889555,100.73217103380662,83.99727235889455,86.57013549017067,0.28280537899179614,0.3205766209144548,0.3690571459699252,0.36114870956685485,0.3995715280360178,112.3758894138376,1.5849048522033657,0.01758499704453601,0.12301944721003598
85.3018525709905,118.1643311628003,91.3945876177556,94.20817294384031,92.88322425184144,0.182700691457247,0.14415649349494278,0.3676718298697378,0.19439397866627287,0.14584194741993067,110.33518163967308,0.712406386513614,0.03895753135498724,0.6041705538042426
115.93001780712575,102.51863645339554,116.76639595733246,91.99699623311582,84.59338697727796,0.15249499712376322,0.22512004955980564,0.49671481921969807,0.162904130674834,0.21941462491938712,101.18166104419818,0.6509121642975825,0.032002564370636526,0.5339528912851869
102.24873810896699,93.8214796716007,112.07627333962994,115.17693635646634,98.90294043628288,0.46829366075285717,0.4853232252563211,0.19153734446060722,0.45218107882026304,0.15556717780920548,80.919479029856,0.5283628540214604,0.04914831278964284,0.21171901493916057
118.85436096342033,102.12052025377623,90.8368157354525,99.55902061377098,81.4924116961171,0.4046145645202063,0.10520326425894862,0.26264785169638405,0.19893408268695528,0.38160320566364914,88.08787922098657,1.6607550208555808,0.049762257511973586,0.2752023058458941
112.16004641052271,84.05740203417683,92.3499395401202,102.61266188019773,81.71900502587596,0.10642245254207389,0.28596068242061323,0.3786916098979741,0.11868194930007317,0.4589600728519889,94.78850397617245,0.7870085738075292,0.04174792401695717,0.25152519593929895
83.17267596725793,107.84465430452052,82.87108372243075,99.08331464989506,93.54782533683002,0.24447896295857957,0.16610633289689702,0.19018579841218433,0.2355623715121853,0.17935004072891686,117.64888903715783,1.432636892880585,0.01413824262453328,0.794598829842772
89.12317631825665,87.55115591454661,110.53645174930318,118.0616877260113,85.60718968813327,0.30423150156608114,0.35317269459974243,0.2733720435533299,0.27081285995804893,0.41267980774748103,105.5395529676019,1.1952382616988686,0.0287602777730684,0.1469770998603713
118.38724876696509,103.79050013900415,105.66641621453029,108.39705512570328,108.16475561418324,0.22040668518315407,0.3491075335628968,0.45716863401738905,0.18860574603840488,0.3479602920097829,100.40370452995307,1.6954952800867067,0.04418051892426115,0.6635322406164631
112.79244432742753,99.3387460539079,101.33434350058805,92.95308009853663,84.21030375132469,0.4791887120219137,0.3119181019821818,0.49075908947885216,0.22401841767391859,0.32571755706647926,99.53705681623259,1.5639305088716404,0.03553933164365076,0.4245083357393143
106.58560763704877,81.34439876745003,91.02540204333474,83.769194577844,87.62908629290872,0.22441430048038113,0.10148777002696026,0.4989232401782634,0.19602402721491063,0.4892407940946927,111.19902926476598,0.36156061762958075,0.04515877573936484,0.7044173478463704
105.54923651589523,105.13906520819673,96.84219651982849,83.60687905957964,97.33495665837634,0.36121313065885086,0.4615734435794291,0.48688109882145325,0.3271316825367932,0.49987653772050333,92.94520955858434,0.8422483164590219,0.041974648399819174,0.7854889081933645
94.10979487433174,108.81836611423799,103.16106432796207,99.66263069347995,99.47928329219981,0.40693196371014795,0.3095258224374294,0.36197731367635433,0.17770854293063973,0.10441304857613996,83.78099215140573,1.1601727462457834,0.022518419225411118,0.7688664743477842
118.65187549041676,110.25176886813802,99.87918241840511,99.1689045155591,81.05916405219854,0.20271573904285686,0.2739883446879628,0.19122103474470162,0.3056143591944792,0.3631776568898666,107.08173231159083,1.6563680964450722,0.0178026151748647,0.6834024402309709
117.70037053279226,92.76695887069319,90.23756327522975,119.97635701550686,108.74758686018097,0.3623175396400151,0.4575057722132514,0.48652763859328396,0.45627800534395535,0.34806998373877046,93.16064031615645,1.4995481913050892,0.022902555973840173,0.33085777090523705
81.89455093197152,82.47541908102306,81.02006255840791,103.98475598051476,82.86258000247807,0.18230566183645164,0.4773804636679707,0.16994415790692263,0.16057095300418608,0.227027731162174,93.02371347927027,1.2114569136696194,0.03783779964214315,0.2170175514890924
117.33553427379722,117.47626160090712,101.8421626699232,104.66555725583802,91.67577606101,0.3294422245353153,0.37258905279432175,0.1053170709382544,0.41120890868790005,0.17000781963489686,98.18860944376519,1.6646568459130382,0.029242599045689523,0.2555979141525108
82.55890169633093,109.49841780767262,84.0714395499607,83.42230564073573,92.44892436816895,0.21859394060520848,0.22883469031826065,0.232978399559497,0.4041470408837885,0.11637774488087183,89.70936086941394,1.0111248331919969,0.011753928173687589,0.5225104251111209
80.49862639351528,97.36142463025264,108.30723640320306,112.05395725687757,104.17229215195685,0.17860712735692783,0.10892769246097928,0.4113197826847065,0.49348893534604943,0.36381886370662575,116.86810119228508,0.34740425437026795,0.0396990792754473,0.2734884449984711
113.8749681245565,96.26008815068441,113.95088340241907,100.25893241993518,88.92144511993182,0.33605567236752454,0.4632264853554011,0.2019815945453931,0.1265849220552021,0.30398796198888633,113.87881688689991,1.7734375250765833,0.011787874658274529,0.3479109150893054
117.76582586641864,90.99883495348466,81.04805936751173,89.70696171820107,94.6675024502971,0.20413948126953152,0.28043264587236083,0.28251994023272375,0.2275327296272278,0.2945298326332214,119.64353323892246,1.1715383658188414,0.02637217046591578,0.06378911461557557
94.05398733157057,100.98670037774286,115.32507528143694,91.69352908438796,100.83082431836675,0.2520607522199607,0.1452237347127507,0.44669028296231195,0.38050948577209043,0.11652354599993622,118.58195183722651,1.6647054028869797,0.028491374964860733,0.6168092981123044
93.60555814753917,112.87092237492801,86.30406053153914,84.14041073240234,100.11981012950407,0.14631457010852256,0.13860578828480963,0.12469741880353108,0.12362271033621908,0.16284493317448012,92.57821380854203,0.9361430064189276,0.030121074061792347,0.08917548714291455
106.87550343061967,111.82100804363066,103.58499411621266,110.95399045276002,95.70840234243695,0.43914776341197126,0.4312933184792703,0.41325859011135413,0.34588260261542914,0.38939742128545385,95.2239183472314,1.2799664407890978,0.015563635529616465,0.26962124187226827
81.31470681065876,84.64397231606226,81.54890404915984,93.1577460190597,99.81965365074728,0.3953924843361225,0.45572514812306697,0.3929372118543063,0.3945837232083862,0.42163246908539354,107.93031961200292,0.8294127595600406,0.03991160725233774,0.4723471777816764
94.25269934627758,102.42397900265568,99.2243659397115,107.11771207455762,106.67848654253625,0.32254194237105277,0.1852115160170437,0.13381699102762334,0.2676174241527596,0.13667426867442503,80.63383610212927,0.9667562052794275,0.04397488921285828,0.4249398808594948
92.72256588434718,93.84857821444366,103.40591286565214,103.85729871563368,92.58799654548532,0.16772161262173246,0.109536004704974,0.22008251641460397,0.4879991289608073,0.2515725090657642,119.75555541555144,0.5079468879452624,0.037916022071572304,0.7145044499384423
93.212715431017,107.76180052744589,105.89643291504278,85.40203218719098,97.64167518701574,0.19635704242043253,0.2613797908552926,0.22053540808267097,0.36955072917134435,0.35378670446363225,80.43372328264466,1.5478062420931966,0.048042826165644176,0.526950509640298
115.7082431484236,81.45222704417901,114.20655785936854,86.52712628256575,100.28994529846864,0.11093716310819848,0.30452926232271404,0.11447987507017486,0.37094530656571,0.4743233322509034,101.25943700409245,0.7404975354971397,0.020300025575181038,0.6312358228616763
96.97345715692046,80.40517349365835,116.61587748358528,98.19700909337223,118.17073107042461,0.4629951514909676,0.18228484483637064,0.3970580590885574,0.41722638841622606,0.44574701324375376,106.74801248521482,0.7780295027886616,0.016429203755471133,0.2427567403312053
91.46975603916871,114.6510309366389,116.89558295982522,102.27329665483123,88.1071115147087,0.2038394683202084,0.280333938388864,0.18860177161463618,0.10972378288447655,0.36360505114598285,116.56585231820546,0.8698306844761741,0.012691810443091015,0.1058058694307297
107.4098972842288,101.95912266117841,117.78118663410504,97.57088247241967,90.74054590559288,0.27258544715725824,0.19924675222542693,0.43884157891984477,0.29827225599168117,0.49786307088503623,105.7654528311244,1.0062207036951023,0.03886078943656221,0.5946639992811363
85.53148005976428,107.94534274746718,118.9643847592233,81.13375082285594,109.61781419112506,0.4173431307755868,0.447684479894368,0.4093328995190687,0.14236995958024867,0.1260116002614683,103.87875198813605,1.2582868460373875,0.016484290821213752,0.12286318241543653
117.07721450238667,82.99126136909398,84.40680180424533,107.67828393798834,105.91853503583152,0.4660315090457854,0.15527887521592085,0.2564904602697041,0.3439644046223723,0.18475933996079827,92.01437196601229,1.4449116054670663,0.047527256989659476,0.6673329629776739
82.75309661264983,113.37691008604625,100.93695391379569,116.2878949334645,115.11963523970817,0.19011401748311074,0.28649653691655064,0.24435803658397087,0.37063026680792177,0.130030478208251,103.63685579848145,1.4324566400923548,0.0339340190610776,0.7544139545570826
112.50031076200662,100.63595584977685,90.06842566997729,100.2390201564453,84.0324551120712,0.2955034677911279,0.16970396708620678,0.3426900036002992,0.14648531670413725,0.17905274661176548,109.98806051969098,0.9914416028745143,0.04216542665188974,0.22634228747677218
106.35384593893704,85.35908876916031,100.44691850002891,82.1752789666727,91.98049961098583,0.4215555931373254,0.19406679601520552,0.3948261355175303,0.2092250798752764,0.19401100209353245,100.62366715820703,1.0933086682670274,0.027387936522140353,0.6088040297911459
89.2832184267915,104.80126170846682,111.47146848090034,82.29211818162105,114.01134740621538,0.21966191315250697,0.45237279376909945,0.25886626373469124,0.19750421195358947,0.31465578947876527,111.18541193148498,0.49556090642274603,0.039393834554878084,0.349870654833877
114.43070779818419,93.69076297152091,106.36016263881288,96.10452126813797,86.16763528758526,0.2542565647140543,0.41607900790866525,0.4961782473252111,0.31062977706633343,0.28069955906113975,82.7845218749674,1.1626356447219828,0.0277460452555804,0.23919787659246242
101.14649674252442,83.45438698006387,115.1388862158395,116.97159037638434,112.86452548045614,0.23721415932555426,0.4893354929080551,0.2933133104018728,0.17119874397441975,0.4876863621538704,93.41509803998377,1.7848492287957303,0.031550552312560994,0.3449146667042787
102.50112483023915,102.3039436450182,119.38429506403719,89.91606759324732,83.0379346362083,0.48435285039974285,0.27429002093403065,0.23927440521318288,0.3721749786754541,0.43156965231424393,118.39255736256158,1.055787292207461,0.04094326932076247,0.5174138269938449
102.4776369440471,93.15142391240413,92.89355091232177,80.28341416679793,103.84957638191732,0.299412852913411,0.23232519642121338,0.22055760434520538,0.23063949088576724,0.14721317604896403,92.93777652262511,1.8915237879238607,0.01952614222169927,0.7904546185722482
90.56134809102457,87.51434192770724,81.61727725572015,94.57446305902445,115.15875489545829,0.4114481745420835,0.14198394540765458,0.2593257979735411,0.43397733485634604,0.26164235827675997,104.87421207262344,0.5226211948770886,0.045380380524467606,0.24003498694050152
93.46683230389489,107.16296840478375,110.2618785360763,93.12403236760798,112.86562940048165,0.21790471917038096,0.4793014895213069,0.15061750141320426,0.4539415611137897,0.12483071949472185,100.79539030667267,1.5395915534903204,0.03865195315878452,0.5647545558824989
107.67518638667796,102.36968914803806,80.03969856202515,81.40363063691233,119.63463376424254,0.265411765141028,0.35268842219914687,0.24801535365667238,0.31384256838458335,0.1816006666348729,117.46496053290859,1.4889805931641509,0.03986160538383843,0.26789608252858005
111.29135694014238,117.50261035091788,116.09212819672109,80.81771932571003,111.67389159164296,0.3276138069867347,0.15382348675969526,0.41843852643583057,0.3335159653768519,0.29277284592754105,86.51087505624209,1.4426756687573394,0.019526520268099975,0.20111525988770496
98.04582976044618,111.58232816002624,80.2686313665354,91.52797204802258,110.05295103165209,0.12186671833323254,0.2999097343666889,0.32542777214449614,0.20626700536286582,0.3710361363632888,91.97552398039036,1.4100000988805046,0.01360509533381931,0.505473713405217
111.72083154406359,104.78858404858497,92.05024757785056,92.41450365151452,118.6705585456813,0.13070605948540825,0.1834756325793983,0.39501940692969406,0.15888888757040967,0.19821952784904645,114.49509221723444,0.28903947875951713,0.012914258050228132,0.609030442141239
97.56848716936818,97.88502200975348,102.09331000962798,96.38009347457555,102.10686258389657,0.3603421391617537,0.391536681524445,0.12059570184937281,0.15063576530088604,0.2784472023373051,106.64810179092794,1.5487139410911837,0.03588066239326688,0.5739088253755481
97.29341691070232,113.06859678408748,116.36204079193135,117.28441039261446,102.57184823317546,0.33711797793287857,0.28151249373824433,0.35882799712470315,0.40239716260878355,0.47981753900316093,101.72197442676199,1.1244474808875742,0.01600009529730782,0.7540685428746308
97.68594229857982,108.20960235167351,113.53294365183626,102.51928968265509,107.99924087289045,0.23995228525177886,0.16524190740178646,0.20563360171528156,0.15926577802071643,0.25769825678916647,95.79601567964754,1.1673258319749826,0.04996765801578216,0.08589533662210568
109.98917402884992,107.05575106869148,109.84534222917239,88.34581330223993,99.9349818808719,0.44902690636062625,0.23882395877774265,0.15952908088903872,0.30905315280918777,0.49677752666405606,96.45261732082041,0.3390271203695955,0.04844190644162328,0.43253093125374775
103.53074218420349,80.09911723428093,114.23850035254728,104.40098033779648,85.16545326792813,0.1752724874675038,0.4111499807026887,0.42934357742972107,0.26053533740040075,0.34782057546580997,117.39690731058005,0.5796669745470898,0.011167070278027675,0.23267503468511716
112.65428290303308,108.6822786576218,110.33198173854548,95.68169847447425,114.16810026779969,0.27294938030047544,0.20493077461598874,0.2704475200289441,0.13811605465202864,0.38278244546435714,106.84302418135248,1.8442620882355296,0.039002303537570844,0.6535656628972872
96.5611032852945,102.82036611782365,80.02569214799495,105.7949245871145,108.72703168511747,0.43167721265172165,0.22295997334819312,0.326590729751993,0.19285941281577457,0.1509841800691247,117.16393545660546,0.8021745893560328,0.02043088214862932,0.04962124139643969
102.68437461955169,99.86235268174464,112.39745894846834,107.25490868660967,91.12296158880092,0.3654474260448639,0.15364303860316497,0.4127916276824669,0.20870181950036965,0.4274053572010643,118.88744435151972,0.9392903860769991,0.02363599139642123,0.14064276156981262
118.36293352319943,108.29068776781364,119.51755715649699,118.85045265075473,116.7563889124036,0.24740182975617078,0.24753703705719393,0.4002291042689937,0.3041063098541885,0.1803909705639496,101.8803202441278,0.5811061585905166,0.019612417481608586,0.6176228493977
110.2148616490123,104.3771747398787,86.88682654731697,101.7340566969503,110.6150608957731,0.44016341922137403,0.23606128369430382,0.1411107043353606,0.26640041796915104,0.3295847052678716,104.3955578092525,1.3563338687489948,0.04322182492435514,0.2837130563685914
100.83428634822272,114.72956513622631,84.38623596766793,95.23761392194537,100.2385767437463,0.343954133575639,0.43424313812152804,0.31656272951738984,0.18948419322694005,0.20466653229436324,106.25459716284266,1.5462265326619478,0.04575009303018282,0.5454400902478775
97.29301183476431,84.34346191286213,86.14113176178522,113.50469171421949,99.37537036805804,0.14033623531776107,0.39436971569450474,0.1423766185999032,0.3423250529099182,0.3387789576186453,113.56676011519409,1.8622082225265255,0.011616062270209612,0.7988045421652533
81.94889707010911,80.659650359106,98.93901607977307,86.57514903697775,108.20503783996887,0.41420142279014316,0.12985187987416846,0.18116453740446856,0.46382495080925545,0.3288947317848049,106.36286850425205,1.2336113241355426,0.020801524527082067,0.36787928245412727
111.81293850111005,89.13186833828422,103.68707779527122,86.17778573941544,92.14330606377548,0.2830760852440314,0.3990705061849127,0.4610121804356634,0.2052038547798196,0.46059025152453736,84.58589688729721,0.7323536914273776,0.027947938492723402,0.42638739229450373
115.55181976725734,101.76392365929243,115.43554780576801,89.00991216718027,93.20097372994664,0.14347785041630146,0.49107321909195123,0.16594073003984405,0.20649454744091758,0.1386375760366565,117.69720438216666,0.3741858009902965,0.030872881263360352,0.7802624505690315
98.83808553827268,99.20320300778172,119.90591868734802,84.5778127588452,114.07860142406363,0.4214706027546402,0.49369282481667154,0.21879060342790724,0.23024478416071756,0.21159196135200103,106.43737433814535,0.7156915165511071,0.013505875125738665,0.5971147910865643
114.54728157687481,102.1279452615115,93.76148673036616,100.76904417153185,91.69870819226256,0.16193124008597004,0.4149776866954771,0.12428793600364899,0.48710965218971314,0.4709262098036193,114.79669087158167,1.3321379490241296,0.04320112771903115,0.15740559797920178
111.96429793759758,99.9311663484132,117.03368715509802,104.90765377424175,100.57277332458733,0.14737563411369858,0.31180954048419296,0.49714054345773484,0.4410476996193705,0.38605349038342374,96.98950983127872,1.9546812450810442,0.047359195982202854,0.6434401726578309
108.4427741591061,100.15731857720937,116.1802540167779,87.37783843547365,118.93394734983622,0.10898437817636078,0.12735097814729657,0.417606839377077,0.2505779416763875,0.3673727509836191,98.9886543156247,0.38859618109577787,0.026114603318663998,0.4126867293419507
112.48762207404768,114.42933447459478,99.31631329484284,113.4880619735039,92.2709633430882,0.3956726508172632,0.2688736710100357,0.1573527002803118,0.2546778012316847,0.4484193769274418,107.55425410890135,0.9296412666518272,0.04428936319064053,0.6298955302911091
110.47792714256701,85.6180063355609,92.28207663850034,97.82930653438932,92.89278872573688,0.23243431161279152,0.12505977703782922,0.48365256687391267,0.37227076358954736,0.31634270077502635,111.05615945328194,1.4176624914750524,0.03705419560254259,0.47884201989762715
95.48068462496735,112.80418979134792,90.26703568568671,109.81124688618289,82.94848276446608,0.43164293867249515,0.26446427123883837,0.4940463176042381,0.44302922775912956,0.21221789666239632,83.138348399282,1.2554991523587058,0.03366974444322226,0.18186516228137775
110.62956430060242,111.68092971319092,96.06795102009929,108.89911292669882,116.60553614980397,0.24841919487105596,0.21029718567937827,0.36373633713929554,0.3557327724269619,0.30900234940508686,96.29371334104178,1.3904620555951224,0.04276200599759041,0.6515516635334535
112.02851894218108,95.6178604158784,99.36854057120257,111.17430179143221,91.70378359396494,0.4863361498291324,0.2889101152710759,0.41348895767862615,0.36323804687066796,0.3072739760578673,110.79425521175355,1.0606148254578143,0.0289211846837011,0.0016212269840753636
112.15530961235494,93.12284570243764,112.23962329542152,83.47201773402894,81.7758918764236,0.11683804288455933,0.3629980095280526,0.35703803371049014,0.14994959783701925,0.41836599014426634,119.68943720585244,0.7173142345164714,0.031908642639237546,0.7104241762881426
119.90701789479289,114.77828492938755,115.31390013864817,118.0511979042647,97.5326523765795,0.2867976333780169,0.2296584057619235,0.42958375433838636,0.23734838379912948,0.34874031651353055,80.46569804785013,1.0948164623722925,0.02098663438437646,0.6548873805817339
91.47342218720608,85.20099980071612,100.04836534153858,88.80193281906432,117.42203426957279,0.3471659205825969,0.12112239302930679,0.2691334522298864,0.1891114999727826,0.17982826476042235,90.59232909766939,0.9176882273895366,0.03848739038884408,0.7761119934180003
80.16012649771116,85.72786950972487,89.85903412333707,87.9582684637278,89.03113746318841,0.36198475545088393,0.10456399811430149,0.4876315912857986,0.2581564024019285,0.21952141137796205,98.59394327615227,1.4912706799999638,0.016362488069923097,0.02843019256697197
106.24190420244713,93.10048313252597,104.60097527613493,115.61031734585166,104.10227062102808,0.46798975997498293,0.294668856842738,0.34573010059411113,0.37834029945478465,0.44856450939378545,88.91766807073117,0.5503434391453795,0.019726462589218393,0.3501076023051692
107.78131165145525,94.62013192885429,86.38953870490836,92.82336249799624,118.57130594816432,0.15189679592682245,0.13266127163680946,0.4974843137338957,0.10355352065042821,0.38327790144601037,81.07688794230613,1.1182588827005546,0.029196838168538575,0.13530523391275137
104.87245537812548,91.10044477736061,98.03661068648415,113.42052149723978,106.73774282823095,0.34442614478344846,0.32102040868366677,0.41433118367203736,0.4969891790541835,0.11875432859757096,101.58172096421366,1.9283594783331628,0.02541249943352137,0.29919162864260357
102.42611362916674,115.40651506535364,106.89758288867161,105.70918923164382,87.59072548843072,0.3458121970572721,0.38671106741562034,0.22237572246920745,0.4571445539683725,0.28279713657988476,105.97594436158658,1.1806394259863562,0.01958313348642536,0.28783312786396226
84.2555473204963,118.60568468229596,103.95433480401411,96.62733636585716,103.56083283640871,0.1657913847807787,0.44176312640812,0.47717024816985754,0.13980596734749745,0.4006723468618213,96.64248243992452,0.6651165808739161,0.017675541861065524,0.4780488498964026
82.47247844286862,112.88509095616428,88.66582142257344,112.18184025271788,101.37513773054442,0.18600568766608788,0.10268888706760869,0.2042455291541553,0.4419639340882988,0.15647355071349295,94.79512318753358,1.8877380176512153,0.04443588707234461,0.34994399502549145
91.0628805462761,81.20839792968282,112.63333421306423,87.05840565877227,82.07220462559494,0.15226755319938423,0.3956190824800625,0.26254385542585523,0.15939442901384082,0.1920001505928687,119.4244224071794,0.6772754269950524,0.03363435589557332,0.7724585708435692
110.23510923303523,94.00172889491915,95.573360223666,89.88270349122877,114.36713914787589,0.4178407699942418,0.34930751602320786,0.40437150902659946,0.1391092955952151,0.283241713139885,99.10114092880677,1.5645652414889488,0.025095706360481994,0.22221901668601945
91.89318104426128,88.40770279004096,92.36998905344625,88.12598300669588,92.7062088322083,0.4188425003125329,0.2063171003473724,0.16767558735041144,0.25271355752687685,0.23335198953551228,111.92277812966753,0.4416797051276549,0.04383121803798392,0.33500036778408937
83.31744891472692,86.34120116477834,96.68211533584591,115.17867422359505,82.29162986889143,0.17418911155288144,0.4815779701425035,0.2932393618221761,0.3432305424439699,0.14844276349983804,91.48696688783208,1.7411568171593335,0.043006419468461315,0.5605238402568149
88.50698827040122,116.33382702166385,115.60058696639686,107.17803333183765,89.61894216380952,0.34401403525260515,0.32212907728338547,0.4727717311092131,0.2649267204288175,0.4128248401904868,113.20753012287328,0.5660055283091788,0.014435482276153086,0.2212346807294896
96.79242244223143,88.4488397775186,85.14354036500814,95.19993578055566,103.03286420281401,0.22167239138484882,0.3315761425311522,0.4707881588976792,0.3500285243035586,0.38446347350660337,112.94798756799588,0.9398140692361209,0.03269142505652921,0.5790488754702172
94.39730701859222,104.4329820186388,91.85018941517222,93.8340211104316,111.62694366578438,0.4503938100810362,0.47016974532351985,0.18330995008122686,0.1783352126516741,0.3201904507635143,90.70808485772093,1.9398355855588985,0.022224516669296507,0.5669699944539411
115.13258923575432,92.88136326124209,102.86063205381105,91.12649135569072,82.1333856682971,0.4982065505225445,0.296060929324312,0.2323619852413709,0.3149045099732354,0.12575830964628076,106.23419808566823,1.2639407734856456,0.03163339498763806,0.5697905779316529
109.51428725441632,86.84013932944602,97.02850094987669,99.48181973516627,87.37886336716424,0.1708827081239656,0.15956816693860398,0.11116621802842075,0.3888849212181136,0.23018981834472943,107.28059906749402,0.7119928878689541,0.038719952685748946,0.5400611405729404
83.78221402653585,93.92052058684283,118.09143630201274,104.60542359953686,95.2564091361161,0.16741452449683591,0.3048975082102494,0.22937776238882593,0.25720710831923166,0.22621272682472446,97.7046211577487,0.251097545683446,0.010340303598594676,0.6539682840455536
81.5564328309686,104.01093125564327,83.69030563741491,101.70176284190106,110.07802033086972,0.10159340574353287,0.37533154576757,0.1442761914936239,0.1876569588251878,0.1761268174255326,110.95120251509755,0.2618811409151663,0.030542700423027792,0.7959453572646159
96.94341393179145,91.97645979266098,81.89536935270394,80.99111500646387,97.20106278582085,0.232546918199483,0.16407907179854245,0.23878084967518165,0.19730573832309367,0.12448604526896441,92.27541044787957,0.7305284400365992,0.021669293602389818,0.04426916421286853
115.33381082811871,89.76251115172761,102.96222023127285,107.37223278719047,82.43319470005446,0.44822519086793167,0.2222324428394846,0.13811285855055222,0.30861055158084916,0.14931020734752132,99.37087356470462,1.1719958877699215,0.03136043600632586,0.3977173135005927
86.12401503213508,93.25107173678268,106.80372696594281,97.56140448912387,109.36780272872981,0.4092372805827388,0.12463117729593583,0.28585437997769253,0.47753053204631135,0.16358762146336542,119.60606823319162,1.098559720130602,0.014393685763133567,0.6504647440156658
114.7039146229277,110.33489106394171,119.68988829252996,110.17444274926598,114.08716780029802,0.1805474707621992,0.3401859645580863,0.49194162863813584,0.2543342993142375,0.35945803711088264,87.14702686611997,1.863292854750524,0.04270265672940987,3.776786337716942e-05
113.29465433860004,109.21063049120187,112.07207266623561,117.3873291146964,99.0082951410517,0.16092682511265358,0.3565588533057209,0.2010648259819573,0.34531504299653226,0.1354644832334438,85.91130888068997,1.5871647009720529,0.03174673808004121,0.43612259560370437
105.53148095650174,100.59758886291091,114.04147948768292,97.2543841148603,112.78907084578933,0.30998760868213165,0.19496199786929616,0.3726834813317653,0.3990679148273262,0.439257012223759,85.68794749587587,1.8682873628846848,0.018442538017466592,0.5278385724836545
111.97418300228556,118.47544405474362,89.95682797029676,108.3847803954365,110.27677990589945,0.4969581475676328,0.28374191186129283,0.36823776688292975,0.10736948650084868,0.4620348133224844,119.92437087338287,1.1456118295598485,0.040787389158000946,0.15339413884661665
117.45113971218663,116.27609672222124,102.94103446833793,103.1661274345592,86.69164913616918,0.34629725821143165,0.2685379917092948,0.2737250971042603,0.40319825854415825,0.4333880014143576,86.39653106374381,1.0316662212539272,0.011511297132779649,0.3206564026541969
118.99850809695084,90.20069850813707,108.98944873805169,111.8318001922125,97.64862018445524,0.4231614705259408,0.30423386121880946,0.24845865502721268,0.4782157445662142,0.353679809908084,87.60956947327763,1.2406545199606573,0.03371293558461808,0.6315609548443271
88.44774880116232,87.55841536878746,114.25984003606368,100.4302594699406,83.60547928153066,0.3174613635976846,0.3393275728113171,0.3519466032745131,0.38522915364276156,0.32127387801646634,107.79146341629689,0.901255653492629,0.03007046506462662,0.053346176830634834
108.68077891051556,90.00684211220118,115.05579003003517,92.38287144119901,88.01083320360573,0.4501421417829915,0.4438856857094865,0.276903097861135,0.16741444485021462,0.33066228550844035,110.37986499219565,0.6189201098400398,0.011585800610402836,0.10789338650689295
83.39433774219738,100.4612454655059,98.0295035127315,110.05248578412571,98.58410348772145,0.34829580885247285,0.3093518295814941,0.45623112530958654,0.13720810280974638,0.2149674019340802,101.08245221864652,1.7141559773186168,0.019988218929145443,0.6544555773146506
93.75263875697485,90.46619662531776,91.12586981879885,117.11391607311256,86.60314408351249,0.4463159385290475,0.47576532520888226,0.27037002988102743,0.17705759273637517,0.26813179860397396,119.30676476670473,1.4409302712320697,0.013085617635235601,0.6473644034829968
119.52705698228601,93.07677820768899,83.5356094166999,89.9476152315146,82.33657518218475,0.28246657816965437,0.3078277512650201,0.20974123207318046,0.22505096284672899,0.3622350525384368,81.55635521284975,0.8199016613941457,0.039295477300170634,0.47232269098716806
111.60119076655664,100.50211650164422,93.47946475467204,106.48198418526249,105.22586103801281,0.34871766039865576,0.3648410060461339,0.2509139932790324,0.2345827353999569,0.2406154691891756,104.83283476195132,1.0309921680757541,0.03823083879815837,0.33294932177465864
117.59488356910362,118.45042066993518,107.22735102661622,112.71263708976674,111.69700401340714,0.48047059419586735,0.25809804125772917,0.3424529585351702,0.30913727486661546,0.4504887263977969,104.25877277606469,0.6445337108494865,0.013571918721931602,0.08452139606186258
99.65214130799599,108.17833152133667,83.13036030734281,110.32084332601228,118.4733202876947,0.24764672031179163,0.27365777774246824,0.43711771551288414,0.16438304561196232,0.33771781915012,92.84979149145634,1.2349683491551926,0.01436828738634616,0.6491498350771887
83.39899012502954,113.44463138367418,117.31920106597084,89.04755559208249,100.99244750436816,0.2599632830575216,0.4943166235700911,0.38855364672024795,0.10422250512245129,0.43578956017865755,115.9776188031139,0.8771267505698644,0.04521128854229011,0.1933962889122829
117.11432901851954,118.40904018091871,85.11529537409265,93.96016902221803,107.92578564603426,0.38127186247252465,0.32438436623305733,0.19445139035372683,0.15972666016307613,0.3513598251433673,102.11526824420348,1.7822568055693881,0.018033897720118666,0.7305526860635742
88.86233997543721,92.99082514537923,80.93164240018773,86.14086723724796,102.49317977670975,0.2759761091255056,0.44464812489245187,0.20494942811106853,0.35500799233849956,0.19953721466360708,89.85361072632858,1.1746351457988111,0.022146442848706906,0.6206703885344482
106.1236026521673,105.95647324383347,111.13441883112867,96.61125654955165,90.93962864964622,0.35452683163731535,0.11933785688628534,0.25668297072575386,0.16907424634630056,0.34237359848938986,83.5343406480297,0.9705286159804764,0.03737120657574935,0.06474867027265781
80.623228001701,88.26519304209548,92.49551248808149,87.12827425921861,80.80577885986409,0.22669122127109273,0.4086130470706998,0.14583774417200732,0.322485226767697,0.33747114517666194,84.28475574152704,1.561834586778193,0.012428928903565489,0.5083944839736253
86.29790434660767,106.6439821427029,105.18341665890384,117.42734557592169,111.92673165589237,0.1088416398880264,0.11439428434019945,0.22329606893120735,0.34363017576476484,0.48505199806488264,115.89316985080077,1.833927258322089,0.0479062604703313,0.7365008026120875
102.71024467364765,85.50225389972846,102.56287275700628,82.46380243656724,97.23539589643411,0.1363134039954652,0.38126510928432233,0.3770864488491108,0.3677896974013908,0.3064589366128807,90.01235049353664,1.6804834208451247,0.0109203602838052,0.7033345614722748
95.61034515788782,97.11255237451766,91.19303673579148,107.43321790495295,113.63777869195118,0.48673038024405757,0.3007100553954726,0.4353188316796831,0.20500824114986554,0.4225233997227421,116.28021206446971,1.116104916593278,0.0439657004506307,0.4906823033726559
110.7406797039591,105.11008383163521,101.53379197332053,81.24336720032122,108.91735994767686,0.4986182935755733,0.46403439510950406,0.22162868750077816,0.43846299033935976,0.13810284921148794,84.80471635195967,0.8737758398029051,0.024436242262318178,0.13756721105007808
101.7993175831399,90.82964202655548,93.11368155413767,117.42427145878966,104.97448980468909,0.37108302384522107,0.23685849319467464,0.3634680358382393,0.26489960303178617,0.10361325993012899,119.35741028039817,1.408726350496504,0.016001596893093356,0.54419345865749
99.03649738630114,104.8368695883363,96.54969299942628,98.80729092812065,91.61237026830682,0.19251062161918042,0.1169544931433264,0.27090796911994053,0.43602851469127324,0.3951987035900314,113.33396283449238,1.6795190761095016,0.025099643162816637,0.5329136465518176
97.59413202366578,107.42368929751642,81.59767700345877,111.80109629184619,91.31918163445252,0.41556487449762625,0.42287985952189167,0.2487759152173902,0.30241029179735945,0.3033804680341604,84.64914966388058,1.9626192603388806,0.04891366197942146,0.47098777457050645
107.30239173729998,105.70901258720241,106.10512196565222,104.32515665023212,118.3640735227814,0.14528340677442897,0.3392568488513097,0.3880719116001342,0.3443871276453177,0.39838637388380904,83.44226011265363,1.0501896629277885,0.031159111411125553,0.21259428251500126
100.33376650781562,109.29276462061407,108.2179732493831,89.45070309113322,91.33223356747303,0.1475565072499427,0.40456357853367086,0.1832560413473906,0.45073072913581314,0.19797252494031825,112.13748729686066,1.4194202514526753,0.012371207462218665,0.7202374582478377
96.96068392627872,91.10791721852837,94.66972395719839,95.63842455713224,104.15458243753376,0.2967969534761761,0.2949065186626537,0.20754012815680542,0.24468383376783778,0.1742386996302368,83.12265021158714,0.7629306931169586,0.047661674622825174,0.4020615220930129
88.79560170940246,112.17167463506749,97.50145427086018,108.24976446732987,83.25769924963271,0.3280402789834198,0.46521121013339206,0.22664302894466015,0.30322504390858307,0.44475224476345987,90.48723942699039,0.4030607687932979,0.015742462185300454,0.23769217970075485
98.79861576497467,81.12878128709313,107.0363996726226,93.74840307988278,117.97011256423315,0.280999618778189,0.4325041313831678,0.2785562660679479,0.27609698668434934,0.1628959848717368,112.04999237067082,0.6928510236768003,0.012187504416008226,0.20417765915535552
92.96496858405678,102.55223592070908,90.29550302778459,104.80450515789362,98.68169400532938,0.14999152977064562,0.3445986977177951,0.4309334098714882,0.15416259474007746,0.46403757844279514,116.30320049393296,0.2753577348408863,0.011817036325903026,0.2248142645243454
94.82513046022531,88.1475739632072,84.4608537588582,84.79516535826693,119.96160070022214,0.2435519207457346,0.2701028826083287,0.4577813608072516,0.4585185801285626,0.30994355076462876,110.70608233034748,1.1414982980517678,0.04305339590908084,0.3688753157952114
96.49242907428939,80.07718831493358,118.11715162504058,80.79919696919251,96.74344502218135,0.21070597778133637,0.16877578893527034,0.2086320189722186,0.41225095905004994,0.22983632088545983,115.5957128301148,0.9030231970708653,0.01612076837565089,0.1846811971354712
108.69910343882623,116.58396977487047,108.51545165728405,98.54503019600047,118.97768155936413,0.37782458441320343,0.17808032891183886,0.29140145307555987,0.2408424864235289,0.3014449293280923,102.39553252149707,1.4369809172592847,0.017159315788747145,0.4139316521131613
81.57277532133082,119.47568810152032,113.97566206833756,117.15720068505436,90.19089696390147,0.3279781163680706,0.4963739858537781,0.4599580188756809,0.37834659100967627,0.1614973882121675,111.18444648198033,1.326799560055465,0.04776461402133513,0.1536187919221443
85.6983228913708,106.532611174908,100.6343775194448,100.92671842977518,116.98476713932871,0.4676114225356873,0.45703442828319985,0.4546813720296955,0.29160674574122236,0.16828268442442273,93.76745313957696,0.5437662602777295,0.03446444581577115,0.21676155418335066
104.80323626613048,92.4425534041836,96.00266225671504,85.33983340367405,87.69256161102757,0.40176128598756866,0.2554060155961694,0.23782731587689399,0.25631280502371095,0.323628222986325,111.4085627598406,1.4291877903431283,0.021416766449405766,0.09573236301444502
85.73400280838155,112.41165364845418,108.19493871888476,101.21380070443408,94.97471334510283,0.23340753229766362,0.37596824439924736,0.35908951829746505,0.3035450455307601,0.12158929267419812,107.18963629697949,0.5779503931446608,0.033458189790705056,0.28591572787691233
106.73977161297401,112.51621390783043,115.24932862686836,101.88064912825334,112.79540487278803,0.474617072948469,0.26467851324815606,0.2797812777143549,0.2824130048972663,0.24601118329538765,102.9932025463624,0.26041800243604135,0.01972370074037469,0.32477573691027156
100.4522381365078,98.98120356751564,114.617274224884,95.45495745058656,95.83650716162809,0.36983516424720386,0.10556707832953971,0.4494033317242715,0.1409756101078241,0.49988547004192696,119.69205282729,1.9478371601790638,0.029770607116120694,0.3229740773889471
92.19645381139665,100.74806913178466,101.79400134757843,106.41844581241827,97.22009240438283,0.3512330516706884,0.1264985896418736,0.3249748237707364,0.2325231169862459,0.48121728925049345,98.79118099499365,0.2972238323321076,0.023384898163332505,0.579909999462894
88.71349167534397,114.67368249655503,93.84003468952058,116.91773679360699,88.29413332105823,0.40218840191275396,0.30280586745937454,0.27191095980298985,0.49834754631581457,0.36695363398430436,104.76988950282205,0.8480608842363492,0.034905061483603325,0.3866889393852788
102.40229904944923,101.46460374117808,113.14591391707981,85.55405547003319,116.39748691669845,0.30557189695649634,0.2591776469681182,0.22983314297622473,0.3821677695206518,0.3351542059624109,100.39622747455388,1.3656446716635677,0.0403523468267453,0.5544042450599986
101.25712688688282,103.44437535657465,100.40665173191069,81.44099627345066,99.88362647226393,0.439273934121573,0.32142428932134975,0.3329325560527242,0.2909425979372722,0.4050483785164266,90.42045358303832,0.8981554400274282,0.023940300746018738,0.02651208037632742
90.54198650707963,93.70752721511326,105.9640639674856,99.90788517896424,83.72872850669842,0.26599687043940734,0.44077584189196595,0.23081790446192,0.3770500185523862,0.45718835963986093,93.21461923866902,0.9171160207974743,0.015756521105528196,0.34927091864215387
82.92165099047035,87.42630782469482,87.63540586288894,104.3320302788546,87.1125785618217,0.40762954547844843,0.23704325700638051,0.38253560118030916,0.18279392584398946,0.12326603178072376,119.15143071823763,1.5147731957967665,0.02422962420669681,0.07183823763150379
115.26877693099082,88.39042642453653,83.64525781705531,115.02984065438588,91.81310304306932,0.4165526958579403,0.42320364609266625,0.109172375566239,0.47911800554798945,0.27835993076206766,95.68441832058828,1.3037693853094277,0.040326195351943234,0.3696816034986958
97.01690519334943,118.36105536049769,117.77476876631096,108.59667557059672,82.75755806930219,0.46210885897415566,0.4152698102579627,0.46026141112348495,0.4333502532468275,0.48959814783472966,107.1762506974698,1.157160530983901,0.04148326882628777,0.4921596080897442
103.7336050164559,119.5631174016903,117.87664913695922,84.24009970079771,95.83869212361475,0.35164040051031475,0.19090353882100086,0.255825252293195,0.40075169944763245,0.16278771152122462,102.68389054674857,1.8010542842966044,0.04142203829144493,0.6373915059621695
92.62146983611358,85.18912427619622,107.79193244995044,90.95393457440947,93.79463212501192,0.4719369344716079,0.1821115654515726,0.45038989527184414,0.2934895779354352,0.4362480593485364,115.59221087238055,0.4391988805651147,0.04898289651070645,0.4401752902755856
83.61435506805672,99.91870235114662,86.32671454608226,97.28361694317957,85.73368888413206,0.48331827899111157,0.2688589808302899,0.37864181636716143,0.1906870413637407,0.42031428667141546,110.30760312252019,1.0720931986995121,0.04299131261543572,0.30360181870820596
118.15399559800582,85.7993013278857,100.87548615402532,87.8791930127595,83.05447213890437,0.427970259713243,0.21809828161311842,0.10965630498827594,0.27248210071192985,0.16800021369808482,83.22605623999429,0.668366799413217,0.04874292122360924,0.2115699481803084
88.09234475368393,82.19096429561745,85.57589532483955,99.73936631052868,106.07262084230297,0.4274204321075492,0.2044389112068625,0.47747711701861084,0.4887235844307557,0.4635343696281846,94.21767485754975,0.3144137342929685,0.03507169536597317,0.7659542586006979
83.49359260287133,97.64074495617074,103.24988091413408,89.36902704844246,94.88313646064101,0.3398457910824697,0.20697120159436638,0.4229033659332143,0.38063815248320576,0.4908673388201049,108.47654171031235,1.9633089788190143,0.019173934742379255,0.15862837406989155
82.87339478934435,88.80524320932379,98.6701170367576,119.61768715701288,119.85060251756533,0.2509008029264954,0.12350719966708806,0.4993545315355785,0.43530545577555024,0.18859587531941965,86.45427232046802,1.5345469477034768,0.03432785176978824,0.03393308686951348
119.18486724497151,96.9234554520131,83.22721513658661,92.94293748997335,89.5085750148391,0.3902511463598616,0.10027607002591128,0.32312362315343224,0.24513529640065138,0.2525332164950508,100.13756726239079,0.628324652984876,0.01791336222655859,0.10070351388498011
80.56506299639419,83.80934441153502,98.12767740196264,93.58649855217188,87.21414886537931,0.19780792246883033,0.20993808625333765,0.28186746554246045,0.19925801419111022,0.2865759787477752,92.71076193315471,0.954259946521046,0.013413050136714082,0.7980040794300316
108.64399882634989,94.28462383586475,114.07471422986177,89.6390864105247,101.53573960346499,0.33093908822818224,0.384444569141004,0.3708582602731272,0.19679570924180934,0.11567583617124524,82.59016919174012,0.6455424265694638,0.022052980286277675,0.7248960238108414
87.3655686859673,99.81202465543367,86.09866035913545,86.46314497486088,104.48893508168062,0.43307274643725224,0.44892513718583726,0.49155580789330866,0.4838846228944751,0.3535256106771937,119.88584351354496,1.4484967504716524,0.024511022235446864,0.2562062979759606
90.55144168703067,86.8946890625699,117.19073000540293,81.72013002960205,102.60592450783548,0.45770868157663136,0.2792033677285555,0.4149342558900172,0.4821338169026871,0.41851142288306564,117.17458398036585,0.8632823750182208,0.038355517465459975,0.003079341698972105
101.9305536733306,90.0243549761224,98.11086980451272,83.50951132330542,108.85080583695543,0.26630614638072014,0.251103698826706,0.21661710167492898,0.24682540972553102,0.4282306647168812,109.90104617233304,1.859759518265612,0.02452306845043386,0.6137648214940622
88.86788593507293,87.73541439306224,92.59513913110013,116.09479681052568,111.8586659313417,0.38060012848743074,0.1999516718166898,0.3846140514331001,0.25175818641599684,0.32310900281465815,88.04103341013383,0.6132216335141902,0.010125936047839948,0.240429005839668
117.8756916453503,106.07849384132342,106.51686044128351,99.20123997704869,116.20745293467903,0.24814770910773848,0.308651741154336,0.3919215580370179,0.39245226024819957,0.40127303172043793,119.54104774357882,0.8621958225693453,0.046677652026755584,0.01771946661344641
100.43508597081316,94.20240283180098,105.6150003967066,101.84557973603853,84.96079261239582,0.25641551819607844,0.37619817716534165,0.19548465257883307,0.2909713681679462,0.3332427667213106,105.23169131864086,1.8806753505762264,0.03357616763593856,0.3652836721472381
95.70901655649718,92.5330164437792,113.87335100044527,95.15370227892436,112.86220930555571,0.3745928749088102,0.4647983967017002,0.22190745461591638,0.4381143658579839,0.22444970080373228,118.64301751469176,1.7981913196786399,0.018430323016068798,0.3393247646336992
97.69558375603782,110.1400225378244,85.4112771404476,116.98600878633849,99.22239563195673,0.32076376761413083,0.43123993896991974,0.38925984210787623,0.44514786755093183,0.42595247700654937,81.70315629167477,0.7630477554703463,0.020091505021121475,0.2894068674561585
90.39192982505226,89.65958425459227,90.60309154299888,94.6689669167187,108.70078130702467,0.21053890477381484,0.4971746686847245,0.47479937288282914,0.2720698484953159,0.1188837902755505,86.93882869340683,1.0953701859525462,0.014965609463898483,0.5226939182338078
117.98412171603175,106.76149720494529,101.88665083776402,97.94391232068538,113.12777868150465,0.22139866927565205,0.4344610122385707,0.4803481677995335,0.43266878170395306,0.25869729464183844,107.08987540846317,1.7964837210428861,0.04626186992883711,0.5808114794896938
113.98628809784279,91.72150697731274,118.1368099461372,95.80461452825529,112.00312276766111,0.12261459987453249,0.3070331376038163,0.250553003545263,0.14918895487123393,0.1423413385556422,116.28718844582694,1.423610481180546,0.01920834352181483,0.4473470174014558
118.67279512328933,108.14632403422445,86.46202905804775,103.44547820695723,84.75108492382314,0.16121475346243833,0.18232946935385588,0.40151456374618877,0.2526813882002832,0.2747752520780715,87.0312885117124,1.365239442333251,0.047625885421295665,0.0111894187810484
111.56568159475705,91.25260695495533,107.80859292240075,116.40358696520795,87.2403940268069,0.33935253399324716,0.48405339097280653,0.40258761956013545,0.3582850455524804,0.39753285344312717,92.68392958500499,1.4059774976634323,0.020572454329700767,0.017932788849623904
95.71431354404668,105.88475152294265,96.78634371238005,86.9927576649886,81.16286456675188,0.38771700844743506,0.3760997043977107,0.2985628477999427,0.32673883205599147,0.28459658657957876,103.5270932603436,1.8617169848901634,0.041970047858047414,0.7053950157335797
96.26392574807852,105.96836106327682,102.95936832609954,86.24964959042569,98.02773775469547,0.2579833988187992,0.20830722870250118,0.2420852805049561,0.2714118469238618,0.3317517619937944,119.98644080624925,1.1550542212426635,0.01041808609666497,0.14915411961081704
94.7788418472501,90.96809609173599,109.17084975441557,92.38608120108738,101.60567809332116,0.2999500388812056,0.14317958171090367,0.23598946218290417,0.25047738744065207,0.38277038604523694,111.9866034713232,0.5681147559831272,0.029330943808688524,0.3184514970418283
116.92894141078466,101.57103929014329,104.68091640642243,82.92983944670206,87.12536574966946,0.2331568337421818,0.10318232623385515,0.13373464933201668,0.29879936718809197,0.17539820170894826,116.94251115931564,1.0772665692870877,0.024768581320197023,0.08282183129216314
84.03804797192454,110.5925179342336,113.4368432366737,87.45821172778311,88.77087003692364,0.29784896451169307,0.329682148834449,0.4733751610277419,0.362231969739528,0.11241628905337309,107.00050138390971,1.5255545281647644,0.023383430357355198,0.1834407800512076
92.92829157971131,103.64310467815342,104.87184775200078,107.4701583416583,116.2077102485385,0.2522922073139378,0.41738278831261544,0.20422498239597126,0.4699892286000964,0.3116042834254551,115.09485082666609,1.1112350495661494,0.04968625174761113,0.3882829269971613
91.80160561986153,106.35035956827103,102.38891383110769,92.23348961650268,116.29660746374694,0.13697907672888232,0.19666821607211216,0.46251967963546503,0.49658390046992396,0.44520635702694145,100.28180129268227,0.7982097676292828,0.03883466845482423,0.18843725472230757
83.8193364783687,108.48004107328205,109.11494852090408,116.61306110759847,100.74322369405414,0.2282706738607685,0.4075276050040394,0.1888910574385023,0.25380891497925107,0.378867251440279,84.96634539768769,1.4160773459191875,0.020231116764000325,0.5272661209747085
92.86489352876984,113.10962679440081,110.8324112732957,100.01262457677882,110.71429502535244,0.48756053567382474,0.27567931071256285,0.2983345684133346,0.18806741158042178,0.261289097099746,108.38229676925984,1.0379020674692052,0.04009767019363081,0.2938467218857356
90.71502408309043,103.58025321613871,114.60733819151503,92.71938018466051,99.34199929722973,0.12520744307825776,0.4434343582507355,0.10933383568568017,0.3734098338373407,0.20928868058166683,104.05899689599583,1.934935457314152,0.015182750889701984,0.63077341339202
118.04179416691558,111.92847367886947,115.4815608132221,95.40988243561786,119.86021038538235,0.2904437728132647,0.212623376039903,0.2600282672107618,0.31871115456761834,0.3563573645728779,99.41400256459434,0.8662459641064054,0.04703713816561872,0.4815603619255974
86.10262418735252,100.75082332865236,99.17093529184997,111.93728763200538,116.34471090060048,0.4761144572396466,0.23288036071025917,0.33394300518950076,0.4606888588832977,0.21609272318013703,90.99963662071093,1.50560211635042,0.027055448986763743,0.20317204554990137
109.24557507632238,105.07264944521211,97.09716763394015,100.41303668302936,100.37201252899287,0.4460199924501924,0.4830220385559397,0.4389974822507655,0.32794420053663875,0.38884621599731795,111.3681204876943,1.2213759823598052,0.01762651647832695,0.6467063728466691
80.8147389473751,100.12183219310711,114.238832006965,108.37096044568993,111.82834488500019,0.2924263474204175,0.338902321779894,0.4897896267913089,0.200448222462218,0.41701884901625763,112.8164032566595,0.3857383534489919,0.020912819366022344,0.7456696562287148
95.61939959074084,101.15892947651832,81.33934275988402,95.31991768677375,98.97664179570576,0.30249325990192133,0.17074930137274907,0.35741415228177764,0.41697076261403065,0.32750232772934773,94.56742509740394,1.0720763555992385,0.016205953596037763,0.09603543921287772
90.20835598396326,81.24963915962599,107.61632435115808,97.40351003395372,96.62712772448937,0.4349731203966637,0.24634744563479494,0.46550731959497704,0.3593280399945309,0.4212637299726253,117.11066238378237,0.3010365487895261,0.047222319785836075,0.5357307839671169
89.99947016114035,101.51321595992069,97.52107125082927,98.95937892116365,103.23485393745528,0.2091940499433232,0.2784513247611667,0.46384696469605813,0.12035822020075262,0.26159268542527225,94.7896677747444,1.6322054804362462,0.022235744501255587,0.5046363919317073
80.25298588958941,116.30783614153691,82.84349587780325,98.03698989263978,88.29491500957525,0.4121274632215344,0.3975258760712008,0.4406491323077465,0.39575613387149733,0.4788368596676026,84.3024997925113,1.5354276491476968,0.015714035486937426,0.535770187720811
100.95129477479502,91.20920435188552,114.40025992250415,95.85439335849681,105.55022223073749,0.2993038221400184,0.3497159347413164,0.4390823034240906,0.3806763799425389,0.1408226875494677,86.66113470042316,0.33839571639483823,0.04251603099449313,0.024948600397289324
89.95518912591515,80.7762460197607,96.16618142453105,101.4594595823316,98.38188605047002,0.24679858103791666,0.32103631933274884,0.4018870175446275,0.31742702752742935,0.4110196965535168,99.78061881635668,1.1244657487927439,0.01853036486707612,0.022500689114542106
118.4805745527544,108.27356695384114,119.8267920250158,91.80240361255888,111.56213118428586,0.4350437905851632,0.20605130811807243,0.34643926926484536,0.32284415099231323,0.19092690106194712,83.19451973404547,1.9326940594751936,0.013766014001637617,0.23584920004634427
102.22233870186456,104.47041417793997,119.43412801769311,106.15948799004468,115.95267569347672,0.2959512356947326,0.319427313827487,0.42693595008234586,0.28439574985691213,0.13236639299037978,108.73650176053361,0.7481178653971133,0.03673579646597509,0.06418646048435069
109.03000938876988,85.09544486899,107.9769484128925,99.37262354741928,116.7519197192937,0.2949183832928829,0.43518037775057306,0.32850218093101824,0.2275460910808872,0.46838837919370335,111.8038342119137,1.8325307703229496,0.010296227398572314,0.29286238204397197
112.27337788761821,84.16538750428901,85.35662574614234,82.78444007194422,99.7297949897847,0.1622605538504247,0.2307510609973209,0.274853876251832,0.3951911551703505,0.4342987168503044,101.97873330781246,0.5144121545926286,0.04329682374700869,0.6979365606633513
83.23087036829412,108.94713346298776,102.0943432580173,113.43540070212569,91.19183154685265,0.12342419049807979,0.41681432818543784,0.3882113661002653,0.4578609219247266,0.4601771963302169,115.73393811920837,0.26155429411408826,0.03250838260045839,0.2835490249703317
100.76563136644563,84.69918743642178,115.38440010601121,87.00019849159354,84.0944900540162,0.41101022346417937,0.17608107370547482,0.22554860266242027,0.47452787953939923,0.33926931994154313,118.17145866985007,1.1784124241455145,0.019872736863189792,0.3142769981937195
88.20202394092733,112.24925954891926,84.23258110738732,104.57709979352664,109.84725202460503,0.3155042937557151,0.4662837760175994,0.44967942963986585,0.39099846132655236,0.45290092166381746,97.90324350842633,0.6686757889358235,0.028943750288973766,0.2140176273796903
110.04324641931484,87.60243546432524,82.46495993510447,97.9522553508887,88.09941380978185,0.1455339908781936,0.40301758663996323,0.48625608087874717,0.11959071691256176,0.1892182607162537,83.56508672892407,1.7886423535957054,0.02049659800428616,0.33728256823746483
107.97083236055752,94.26771198621684,97.97415764132529,84.53939732406847,102.70201146192767,0.41758735554616755,0.30801886577226095,0.13464734181650453,0.2071832116624085,0.22962383996905908,89.25056438568294,1.4293635078141271,0.03131428485897278,0.6380097050375448
87.42096758527629,107.15942643659749,82.84675290191575,119.03578369125293,107.38107914343246,0.22842508873837952,0.45106909978753273,0.36481458294321656,0.39396691134760475,0.10542803555542064,106.30464174853964,1.4520581191647115,0.032865764848166064,0.6647130675413087
87.26918271247705,80.56378581847423,93.37851568820875,86.1125305620883,88.73645332478183,0.2710048011841727,0.22712825122621078,0.4407701608960696,0.4815478615679407,0.2693363398348021,96.23137532199209,1.4282407048800037,0.040867286397218844,0.3368471733862297
114.91001033751559,104.12818640203398,87.05830612115598,102.26637602749796,90.23122613699974,0.48922424582851953,0.10574368161750725,0.23028776168344234,0.40997247117198,0.24403985219001323,107.40037576598577,1.4381759236119385,0.028643496803024693,0.3174884495694903
119.04803457432357,81.31028921054781,109.2927368867126,110.9198810476571,82.68651055830802,0.4683849321511665,0.1873859569992522,0.41826669093124436,0.18068090096100975,0.17884196706913508,106.66940744611156,1.557450998800533,0.04146551247765563,0.15605237686159576
86.87477456925406,95.3722663641583,114.72619306116272,101.47999753673997,106.21227400029161,0.27829974335330976,0.47797623533213296,0.3341819847609393,0.3540131579494321,0.10389306898744649,104.21472546446856,1.422303393302388,0.012769746735090192,0.7804813191556711
111.3205134182737,113.1249115335008,99.05138172334725,100.35172555093925,108.72023428351118,0.12264608185270608,0.1267736102644094,0.4278568698644929,0.19474084870333425,0.2315352738554969,86.31330267595936,1.709981732252275,0.04685371727235878,0.24879625427732288
90.53369434942505,114.17958945462098,80.83147297903366,87.83086408838899,112.00799772146013,0.34398111145159227,0.3335817270613277,0.2642117990273761,0.1017200824139354,0.2798410300203263,91.4366118422849,1.2267137397932464,0.01742034891970766,0.2741141100727839
93.6103284757069,85.99331330769223,87.47019022845613,101.23025607744279,113.84726117379951,0.39555304628800925,0.19409572613018217,0.38334320410952727,0.1060611279269113,0.4632031217258127,95.11446506183249,0.8637043917580968,0.04346309358425709,0.3438851559064148
82.82602863084442,81.21923636498597,98.60672543347373,118.24749660214539,91.16039213656505,0.48001568306231635,0.10098459336982374,0.283127365522605,0.26552877609546766,0.4367533423678026,112.97671959726357,1.0669825504473165,0.029785271348995106,0.06434680815487939
118.36682156268193,115.50724706360006,91.32540305550044,112.67792257024587,107.43469210275275,0.3162886365293075,0.3445461879744204,0.18100240123456898,0.13082586719883238,0.37693243887305006,107.28891347053866,1.0204113060560782,0.014188696247780613,0.26283010146163044
100.47289555619028,96.91664572171499,112.62011023701827,111.72317730780085,110.27745343770236,0.3482703967877714,0.4329314935933112,0.4378733789768222,0.35241410958917463,0.31534455318011523,105.79737064010996,0.8318860334489161,0.024392096303555787,0.7444677634952472
119.93023804861184,99.14049843765535,112.27691911279663,114.49913467933914,88.46410325814736,0.46560330760474045,0.4205056543409269,0.4529699979870313,0.4983363593095972,0.261402315106605,106.88549378843891,0.9770692143788199,0.046733224580376015,0.0595454213176371
81.68265768212244,96.18993608754319,114.26946737747105,91.56413124778041,108.00040616269696,0.3867738649163003,0.3752271260926313,0.16965708533312,0.35461943987721734,0.2712357103515615,100.12808325805585,0.9237268156138981,0.043388558215990615,0.1923882049430894
80.29392556257051,94.21457729280951,104.62066779032605,85.19028760289348,115.86427648589736,0.2802542360454845,0.17205519594162277,0.3978957384543875,0.37917639587130236,0.31291605560086544,81.58526861872254,0.44449549125939136,0.038892631234120977,0.1742008007084473
86.25095908468317,116.39174180015979,88.65557234731898,119.77114695663363,104.18994853182363,0.1626876764903286,0.3227459141428507,0.14005336885880815,0.2357488104569026,0.24894313711708516,88.04482749995847,1.7034665268540377,0.025193835239470642,0.18805562232491457
83.37379577753245,82.61108937914639,82.99686785037875,103.59570989163808,112.3831680930954,0.4533701570162578,0.2662248301777541,0.3393879474503188,0.4499115951615936,0.2703037755022518,85.61208623201605,1.5738150296556288,0.0335516325402422,0.7636926156404165
96.11850967082023,97.79343037127447,103.57150814658512,101.32162419145423,107.5224693240508,0.45348140802829284,0.1545845250106559,0.24593726286398396,0.13789089962658585,0.3243718517125139,82.55986657574843,0.8406927812295539,0.0192848788374779,0.5668443887751229
98.87142880652107,108.55442740256271,119.89242970186537,94.0119136899506,80.48861851661403,0.482912824163121,0.3627807341285061,0.3504302469394994,0.21126345289725534,0.47244270344924877,92.77906591933194,1.9039810683599665,0.03591374053189143,0.7358333946712958
85.02500182206619,102.14056739947816,93.77031148578608,117.5993037481997,105.09784360429532,0.2886139139102778,0.20680082121832766,0.4950799921732031,0.2692495735178956,0.24859959296381767,111.50920766785393,1.9113844461610674,0.02043761302372936,0.6860884682994586
100.81420743861872,111.92158005088075,90.3435948419638,112.7895416112944,80.12244419456371,0.11398450691953377,0.17131798925787303,0.42367654202891214,0.2930780418408601,0.48194989077007744,84.60527214575218,1.7492595179086317,0.04316027278107444,0.4997968743259181
104.78709448542871,117.39028604183116,111.5143980813548,114.14536768589437,95.87818780686001,0.13355432128943254,0.34637737695937276,0.3879936590173262,0.34847325058584144,0.31195102405034225,84.45690068327687,0.3014024680057905,0.038179928991912235,0.4478469205681408
112.96955784400505,102.03326660121067,104.74160946012796,82.35661357343214,88.06206788697568,0.33131932813548437,0.37581983655056805,0.4453054174550116,0.23453785771387434,0.28386163217666704,84.9705607676607,0.8996314898009854,0.02544358470041219,0.4072799224643374
102.0385766205421,82.3520423129399,109.65787226350852,113.60228034087606,116.8144944517922,0.3543638346468684,0.22568638093057902,0.17151314637867815,0.4864675027112533,0.17789155551849492,90.79286765025765,1.0503389918508321,0.036379277270768916,0.5516265023902377
84.07073836719223,117.58880992091201,82.7048003051718,98.96224863711261,113.61004082511246,0.1930932381609003,0.34747444019303697,0.13094732396860112,0.11361906152608264,0.12560544152213945,88.08828552190495,1.5077534943266437,0.02300544614746699,0.5614598395041449
82.81244554257822,80.72924291955934,80.99790874826603,100.45080957744133,112.46386978386653,0.14930545831430733,0.2716787448536749,0.43170425738579654,0.23678875723821094,0.27101256585896794,80.55844465894376,1.3609215852633356,0.016226117974371443,0.47956600218097223
85.09706684290398,84.98441016318162,102.74187420199166,89.37182403247695,109.20854940579495,0.3401004371343468,0.22085777024950448,0.2730151515071922,0.25452467474574436,0.23675341666000796,91.06009254337418,1.437162573781408,0.019407357942119022,0.35915313130962256
117.98541552706999,110.64133626401653,115.08701465515665,100.78344230286682,113.29277216870133,0.255357267792815,0.10444708416482534,0.4545042672486339,0.4909387189794764,0.4449984765664553,119.85177858624468,1.592623474152765,0.020867521360649136,0.5402908333068663
87.31612735946729,82.7339156158251,106.23812440498745,82.07810015032224,115.69925676558722,0.10229690962169667,0.4003542186778488,0.3292400690346854,0.13766996440310014,0.4731436539518391,93.45945771423716,1.9097620008709442,0.01906466462177981,0.1253473351429218
107.66216588429674,118.08802901635647,92.55546625252943,99.44633236806483,109.66761460180476,0.41048685168905474,0.15811851457923748,0.4856165718773985,0.15047950112425604,0.2818719514037134,88.45036127895291,1.2151396426875911,0.037134240003810624,0.44122694876048607
89.71115941843283,101.67395280446668,106.37869100021912,119.15234617788164,109.78813176969538,0.16359029306366918,0.1600763180231618,0.4871222953498441,0.32884911255693605,0.203669967077201,99.82855717968687,1.832074312857711,0.03958645434859935,0.4154398865104403
84.72523401116295,99.01333805533241,103.55083131958288,85.86492571457411,97.27864227924314,0.41055974834661335,0.45009775972100297,0.46704157471511154,0.47319398838674886,0.4622327319021181,89.17473856997907,1.6759330488788766,0.028285568147034604,0.4277398865814866
91.36023265343292,84.75310169048103,100.48167733853818,86.62532324049381,103.62149634342893,0.3555729583706283,0.23698665992282286,0.47022707097555283,0.14899861120015442,0.167519926020327,102.38580805282852,0.8413674345468274,0.04951175540988857,0.40865498176656817
86.78787728967461,108.94379694411285,87.80966492118682,115.85140403104597,81.04837426195235,0.2735310161982776,0.21346597688527266,0.34629312568954856,0.4621207691858493,0.2964125305489791,96.0262338560332,1.6739233175815131,0.04564082421114166,0.6002106852842496
100.87989548182944,92.80419063546188,89.00306103098363,98.86411116660592,113.68078145297042,0.3215482373674129,0.269253491592437,0.38302766399037547,0.14027551193848553,0.11943595437062463,115.87365273117797,0.45535422595284547,0.013482007400502165,0.6059943133246264
116.61108822106596,92.12994472591383,86.16974488380285,108.80561790265229,103.27994901823953,0.35653538977326515,0.31395141806166077,0.2629432116077511,0.2335970567516688,0.12072297761725022,117.11677048853002,0.5278293418410506,0.02841802625232566,0.2636662035256343
88.04064594710239,110.41183152349745,100.75721740968564,106.1358079802963,94.37356135853555,0.3722224649655992,0.2685870143282869,0.2781072158078467,0.4573779405647568,0.3950191530093915,108.52245032106586,1.9866623496128346,0.04633906834120609,0.28060225748143924
97.56390245209504,87.21368393499769,110.26063470581363,86.28045296607168,111.13210379004245,0.1877772594773166,0.36286659860871306,0.15290212740146308,0.17762554714085727,0.3856596962929738,88.62776990960946,1.0002050521458536,0.01881056833538979,0.013188831965116067
111.92031419538344,109.86403856220487,80.77691152234962,90.92532850426694,98.73350971167255,0.15035616729995904,0.21207758054839118,0.4592241071934158,0.39532619131261837,0.471783807056408,98.95594191493794,1.0560815420049325,0.025135841021294784,0.0906368799810883
103.82177514867183,116.768883974762,95.0242388851481,115.00093275095816,86.53717152547347,0.45273333678448135,0.22503176879012501,0.3529509737924147,0.25147827124870936,0.37884173265044385,92.2169266816299,1.9143040183527142,0.047877898245378615,0.2098600611879503
94.85121950034508,82.09128043285293,109.6995716422249,86.02611029731652,90.28080062593831,0.2393828086603652,0.10052694875202368,0.1375752860687142,0.40840493048910964,0.13360209790890443,111.93109876439492,0.8832196257859364,0.04104249498756115,0.6125682708495205
111.00933008772859,101.3886686969084,80.5589087767385,80.08940818989589,100.42642526959588,0.33976907329609696,0.44311140494367696,0.39644049473684506,0.26537551792781633,0.1834416861172612,81.16696436614814,0.6646915454451043,0.043293000034188484,0.6383114773189634
92.1982205499678,87.21245783980709,104.54375750864443,89.13745886869708,103.68828598739792,0.46901499509673106,0.326559872714024,0.26216802370682235,0.47682307960931136,0.18600709754876435,106.49966777379313,0.38618804051535977,0.04517935109593172,0.19841210596558884
95.17063802345092,87.4698487067916,85.52418951474995,89.47442412509153,81.19328432051941,0.2769127489814486,0.14345828366540256,0.1499521043598153,0.25943850239873406,0.37986414239403965,92.92907304576511,1.1645846538574949,0.016847026896515842,0.695804208445476
92.32507848145073,116.07818760727176,113.25448503532112,94.88015026878635,103.03334474327215,0.23555757766167337,0.37583918904120084,0.422076187700957,0.4510311658613345,0.11788780162149477,99.24018329793526,0.599456000319425,0.03797096069264116,0.3005583752514383
102.69442236056234,113.1495015677485,89.45160406067862,91.8554995517205,92.07141734982446,0.4094926619892366,0.15885684888960727,0.3793049173197337,0.2486649862400007,0.3831173190779448,92.91979885156263,0.3634105607560054,0.04211205160463322,0.638441561075197
81.63479959086698,92.58751453156769,115.11655106352028,116.47950590285924,84.38541383074201,0.18552969780319875,0.35799628756039814,0.15020563482477622,0.1678982190627228,0.34578477006582387,94.59160109033456,1.6728715540404802,0.019059179934477397,0.37348301394791594
98.32234166473725,95.25395606350557,99.57436786493551,102.1887809623471,80.81035040070984,0.2347085966601443,0.3815112292455234,0.37406377416107495,0.3486535961020314,0.3922162164937272,106.97450555171389,0.8250446035977956,0.011734394298640751,0.5700804466833119
113.68968991684643,118.94656292693354,106.1361924801457,106.41808953973477,101.11919431322833,0.4175740962654656,0.4645693129887296,0.13220633179270408,0.32861960591137995,0.39951073344816035,103.81977333719001,1.2639328185497003,0.017134232571199323,0.28505045552587455
93.37093646857527,85.95911296718084,103.36253370784203,81.79765614036828,112.98010270767496,0.18677658266795094,0.2054484571907784,0.20678573773416833,0.3289331885898073,0.24646822738626392,89.76356982779346,0.4331298696169207,0.03965611484833064,0.05648524711772476
96.83646797882461,96.59016896647898,93.08683433903623,118.77415554794345,86.99667811082875,0.36643789604863963,0.3440958727871746,0.36284473324121946,0.20092704672369055,0.40694855032919874,81.7455051259051,1.1347696078388956,0.03777162549228129,0.20324122880922807
86.05231285900845,86.62126006180121,106.34109931403056,119.67581274918393,89.41900681607018,0.3656142203074776,0.1522598450525804,0.18006914096362656,0.22038605852258605,0.4744166031354925,114.24087239412282,1.3557201969260664,0.04566904591466701,0.5576712650229835
116.2246958826995,91.14466236832689,105.91599680501201,81.61995807733472,99.82615898304756,0.23053994544169334,0.1079516330661277,0.15665029506353997,0.11286872946032514,0.2611356976572866,99.69226726494121,1.0372613191523403,0.02267812085317275,0.7343655962100013
106.18279865115927,101.45279108890514,89.51341539527165,113.13987793071662,118.80546044952962,0.4188613603878816,0.28017431223560135,0.4355976539172587,0.11901172854429497,0.2878891456579056,104.74920896996733,0.8405931787284342,0.034869762449396775,0.5026332510870135
98.3678438276826,105.43677060757014,111.6165307338229,89.65956242487175,114.57801527715142,0.4148301488517684,0.3698888870615803,0.44113021485618675,0.20953388956383004,0.3003403185152195,99.53997089855831,0.7941713101988301,0.0110717362127245,0.6151627977058876
91.2080362123999,111.03323214060956,84.48396929705689,91.53546813656679,101.3447973575947,0.37075143133689126,0.16739598246351506,0.4263226858708148,0.22458802031638914,0.1373229215662779,104.75760827732239,0.44142156758280987,0.04740337220932549,0.011298727316547907
100.9968838281726,114.01724737945466,119.84509030554429,84.28843383440562,90.85552531300148,0.4062805162727843,0.3820071918927921,0.4534719013137757,0.45682989817484965,0.211410313832631,105.07889887194293,0.4524596170249181,0.032179704247850376,0.6080504312843115
94.30392840892303,99.1567363124002,99.75638972617597,114.24780252593666,110.822372111404,0.35654511008712797,0.49964919846879685,0.19752261938442883,0.28915066742344725,0.46406654585620344,80.60162147017617,1.117468285075196,0.039935413907933655,0.6684300011639337
80.75406316151813,98.20087042332752,104.72295352976354,98.41582348372094,85.22581024102809,0.14123185661063853,0.471299959022478,0.2952622378247105,0.4572163154288007,0.34854856433075204,101.33036466398434,0.4929511942983402,0.02135263811344788,0.3301210022364629
95.89896334762592,96.46622780518945,87.50863689799036,110.25228457883813,92.85602720569906,0.36857421880923136,0.4091943005711973,0.12685443679366723,0.35110733561585583,0.4695748979087435,100.08431875616266,0.6410389734478683,0.013278174924730464,0.3951130752079034
103.55949162274464,100.6292072383507,115.09708316865556,84.88059727451353,84.57052033013841,0.4824494895839828,0.4873285776013411,0.35833315170717484,0.35331473924994605,0.32098602671091747,83.83270065156226,0.5384309267436811,0.012512882349909021,0.04189846739070227
92.01278676492063,97.2485987250334,91.94168995008559,110.52748329580976,89.81063372437198,0.3430213436606757,0.34484717215326427,0.11696330740867547,0.13554851437336835,0.34776662870569974,109.83527443985223,1.6543476323348218,0.042586415713312856,0.13970852505291784
83.39098971088978,96.5519923953659,110.93517152553936,114.02247774346965,109.33379393453403,0.22568657201539413,0.2205701940039603,0.17737625572598792,0.42042798777363555,0.485731401488252,89.43437478175098,1.0370048684258286,0.016077838056277143,0.04518172985386402
102.31546713998976,108.96766806996706,107.25558141215446,89.37466529980243,102.03035568812774,0.35110320127865435,0.47816795824256886,0.4535536626041551,0.1871707913732125,0.16141036047074855,82.18101391015938,1.2170316799487295,0.04296007405745223,0.5850946676495014
110.82437330553728,92.68482647500554,106.15892586867726,99.25921710075194,100.12635403780081,0.18463471421144534,0.13848375354622997,0.3331516667947835,0.21306001713502518,0.465166677900572,112.12635896333637,1.270176759117784,0.02061062657349927,0.6398912352949774
83.6022015112864,106.64868661221519,114.6274814141808,85.65725152103451,94.64422648865798,0.3453631092908943,0.24384422230749256,0.4938562527857526,0.4812777983567481,0.41144609412368016,114.60527005249102,0.9436735274293389,0.03165088194987127,0.0869334819066074
81.9466981936334,81.18527543905564,119.58633986686975,99.73886033225538,94.22076074540985,0.416673470175854,0.490908052609796,0.34018248905598414,0.4520079397327418,0.12593108891999627,89.62779025260106,0.7722543386258229,0.020476663713499328,0.7372768184136725
90.99508306500076,119.20050579779837,90.09003142086735,109.02833582950973,91.35032383223735,0.3216250077817289,0.30100653578732983,0.11508954488833961,0.13478079412965324,0.10873556960674927,107.50182067801431,0.9192796423910733,0.012003352544633517,0.6716213290952222
82.81958021427677,107.33106458071765,80.06523390519459,107.02994046242279,90.01506395959292,0.21760600179457856,0.12140449180651057,0.2692638739043206,0.42509856454916706,0.3455319233745931,80.19802696249987,1.1859405954846949,0.03169115628928594,0.46102797813795277
109.84416928286005,110.79000669402598,108.96428955270152,80.97933765870441,108.14946478575074,0.3695159649186539,0.11260267484385436,0.4358105441023469,0.1584761517531963,0.2210603504129948,108.8459983352922,0.8775102060032223,0.024684816425411815,0.7826304840809999
119.60582456223052,89.70501474102491,90.96954288901354,112.54106198322158,86.41587220224322,0.3067175579733546,0.4719973724052634,0.4992596673493851,0.413064273448564,0.39172568949098774,98.59281773762575,0.4890778676645291,0.027404399312752653,0.7059741133221008
106.42334702018206,110.20105510002314,81.48642647277428,102.15048377060904,103.0350903414353,0.3110729322848127,0.3662509351996648,0.1577696701713415,0.20767844822993975,0.49385714539883385,111.69932425873198,1.8489521487513476,0.03406235615902368,0.1781134266792158
92.13771589567176,115.05378677590069,86.50998877199426,94.56778838023442,113.94674748589318,0.4918460092582154,0.22918895786512522,0.19641942902862375,0.19180722992696742,0.29394575340167983,95.72135890663708,1.5317109233141677,0.022546428294700695,0.7632285495530335
87.6257102642397,112.854965453107,83.16276709471823,99.5691626875996,83.01322649782814,0.18950663191644224,0.35939865302027774,0.1299279245415741,0.1414708889676907,0.21077370997432024,94.04302910083126,0.3659722558141682,0.03255221730909156,0.3543675231971915
107.11614340246058,111.624059562224,113.99434192987212,119.25049002975955,106.88062889198348,0.41097729335137134,0.2293158156168048,0.2883267129135406,0.3626488184036726,0.4154159687891895,113.63139500549883,1.8349749127440147,0.036310927457204316,0.12389272954777769
110.7624765536008,100.23033113285317,116.50947604724504,105.7503352879785,115.34205625005373,0.22284360848986107,0.3923877644656889,0.21442696174053305,0.3577864833466423,0.28035205631787663,81.54586791660664,0.5483140825322688,0.013581797357494652,0.16007180516251102
89.41808068055524,99.86951122872257,109.19275684255216,88.10887018250733,88.45359173047913,0.470651127740241,0.4928373544884509,0.40964924307611683,0.46618573425737275,0.15460169680967645,87.48659947505668,0.4210278211111825,0.024003862678114087,0.5473556223702294
119.1217096162255,97.38441442948825,87.27261811695087,93.25855527926024,95.89504593063702,0.36178558301916586,0.1793471766289633,0.21078740198897933,0.3091292964862513,0.3967949076175996,96.48515475550343,0.5531295710372705,0.013597891926924769,0.7900467305219994
104.92341029880885,116.9205863619101,119.46360303688364,106.0679503564445,107.996894431909,0.3885976296781911,0.44778373678281735,0.32370994085063487,0.4705370613558296,0.4551554382747973,103.85352645565762,1.8828093349041193,0.010277343505898552,0.35621735554069994
92.87316678786357,114.28634381794996,88.7119334088126,84.25522597243871,118.93023960390603,0.4396229957921962,0.1918080431217397,0.31257919727487865,0.39449463881743085,0.490441003137836,80.2045005246816,0.6372649854561585,0.012049206108202712,0.4585077854853541
114.56554707282129,92.14580538152534,107.00682865524197,98.68073429652799,92.92512824581884,0.10465890949484412,0.2308458135780395,0.2369401010343394,0.21541382791274272,0.42696971990517807,103.00590778669499,1.627235869978508,0.03368859156802772,0.24019167110158915
91.4709684304118,85.44109780883626,101.97272329103356,97.86386760470032,100.48745681199777,0.11802857465736163,0.24377390000338536,0.3846738433104141,0.2626958876427934,0.15762543347689975,95.13970158535201,1.375316894115293,0.013372210822654985,0.6763660143479875
88.61428669917618,117.54442683092991,105.54364785322166,115.98402629533348,84.37084664131022,0.344340989103635,0.3090440945574475,0.49273553444634755,0.39941048764848375,0.4944703951382736,105.20008174799854,1.1568903871404206,0.044740063660591495,0.09212476507266479
104.91403863424699,113.97847274576645,93.23683119257866,87.80572676543946,90.60085223222478,0.17454105644640067,0.404638003711161,0.32065528787996667,0.38500379968048704,0.28702058500315575,116.27895358356918,0.8897888650359801,0.04037776321537828,0.46579788249946125
90.91734906999196,97.8879585969414,93.03854411117327,90.85096290831964,105.94049193620552,0.1849563278851668,0.11829466538604981,0.435315302930678,0.42592333943466376,0.16501589351453455,97.634880465064,0.4126346853157399,0.010352730836625485,0.4689763874628118
82.12129486687537,93.6145511255892,107.590078637619,87.03398997124023,88.83711448851649,0.35807235981753627,0.3950934802128646,0.32304999815247626,0.22689156123844212,0.4523783608743176,102.18314573198286,1.4936458611527141,0.03292980785013955,0.0009117904720513438
88.0266650165167,80.0370442692562,98.95071007326291,81.55835157664492,90.917592470996,0.35697625501657226,0.38808700480554015,0.3608458118009328,0.3885154686340352,0.15802685797377763,98.51159673971429,0.9408675809363243,0.010410076501885208,0.7524499094784507
119.79213698367886,116.735848455612,88.60303232625337,92.4000972765573,98.54818329074206,0.4690377593245254,0.21432431918340067,0.43462048921198315,0.45735368163876566,0.3604894426640165,84.74088012846427,1.1862257452962426,0.0143677925431362,0.7794739083015885
113.77654186636974,112.10583765572365,85.04965746265128,84.97795393393409,96.66929015576179,0.3393203048354981,0.14361928446863242,0.2744884904318513,0.3446577538592567,0.13274770899310911,111.72451950988481,0.34058317793304793,0.04952997106123896,0.37397875195023433
114.80381558455088,115.2833999638201,84.29463398746121,102.97189151862206,86.22700788500451,0.1445848045910176,0.49739250204288354,0.23289366038503784,0.23989299491646557,0.2006116602399568,115.40782882295164,1.6078912022347436,0.028280927771850053,0.580513266114514
107.44517240011132,116.65732991715626,98.19077169902374,83.32331098768206,103.17016783578183,0.3584079077977108,0.28923035472271874,0.41617238294940173,0.30499793274231474,0.10616639211348629,112.45866325133917,1.4614751475623322,0.01108844806798276,0.6789695533438491
96.34066680543418,112.4359500933584,93.61377855705551,114.99588801890357,90.94801630539139,0.29307495613071827,0.12207491623790984,0.43071455219257093,0.14546323399388028,0.18678160598632632,117.903862974083,1.1762756473482803,0.04401258074367983,0.0933639841395964
86.30070543554744,92.2592150927432,81.39663167290986,91.24983867496965,106.40470535528124,0.28398609711793155,0.1780736221601658,0.3156879840788126,0.2842793697786821,0.4810090443669156,98.72114071187538,1.1185379988380884,0.046693793214962684,0.06769511857428893
85.6913191422637,84.45459891146352,85.29541165017402,83.10206697045865,114.98541647371758,0.13534942532984548,0.33069281930742017,0.3881598438575935,0.15105080362234255,0.3545848511029607,106.09287022010955,0.8398038327639634,0.03193533759226507,0.5514478559287638
117.76460461986113,81.86244606915145,110.40287126174161,109.4860698686879,119.87637698440162,0.44569562166793053,0.4150222573712624,0.47406827617162317,0.38823427869637794,0.257594731868927,86.73366419952431,0.8492068169513894,0.03823768408920484,0.4475938498051445
93.91482646884273,91.42035966761665,98.1232848323931,114.26300708596762,109.14374570151595,0.4681805538363244,0.1901427070459203,0.3334809114100057,0.4062631780378677,0.44891246679819163,119.07232484721044,0.3698153576307711,0.04120484547470355,0.5435149401595292
98.86495255870011,89.78251373143493,109.08062965073483,114.18107472168785,95.99804924269964,0.4666168524375641,0.13399025979294527,0.39042366778167803,0.1816417173764062,0.41164777659474017,103.22216199495878,1.451748789072879,0.0393868707030245,0.45759720617741295
106.74341783283937,96.00848084706392,99.1397375256594,100.99641519819654,111.02903256089112,0.38027589277344354,0.1725409434401241,0.4331320689678114,0.28471552160742464,0.3175424607604175,90.46652432403518,0.3287026583419368,0.02978088485774135,0.5811134181526989
119.10023936515725,97.77464650552929,93.69260024990423,94.94364025889566,85.35556277500727,0.48856150141738675,0.36265023500771953,0.33542525800991096,0.10670510894550707,0.17968593403757582,112.2149711347553,0.25248286383947927,0.04330737757090834,0.12392740665989033
91.87754951270891,83.45789653075225,97.11577052716989,86.69429077244196,93.85626983897635,0.11062616841997511,0.23332497028645982,0.23780334121092955,0.3121320281567376,0.375907378797007,103.45964468834259,0.3042170750194694,0.031093140832538647,0.1724945112747398
111.74310997566425,89.83710602356544,104.47578485368275,116.04725676994451,102.67716748118187,0.17173806875852526,0.34066176832389694,0.4667905098115628,0.17400314246368315,0.3636352121061456,117.98699927875296,0.6060330755923684,0.02038013068745445,0.1896185328244581
87.7517045108965,93.79064775863817,103.61476828736264,100.26444559039413,85.94479345107615,0.11823565650076295,0.31245905371644966,0.39661570284231185,0.1136167124760572,0.23346615645701374,110.7990951619458,1.2478425009170129,0.010162684593943322,0.33321607895750294
97.87185378762275,101.72266779640994,90.69330857830289,104.49782061359407,82.8064039794084,0.45118279415679574,0.19019191832001547,0.3891498217582786,0.3448953095709979,0.16547506638379797,115.09059292844788,1.4420286016302355,0.02434359697915902,0.6076482710522254
93.46428134262067,112.17107331110299,90.37139203632621,104.20707400012313,96.40118854841248,0.3966830055927325,0.3128323972128791,0.1448103202905133,0.479748561306108,0.29678481165741366,101.8660003550134,0.9862921695781971,0.013303426857594735,0.6651174490760621
92.65840569660988,116.64526751640108,93.73046872321534,89.46703605948073,116.37205262561082,0.3980323339212013,0.18708010621029422,0.15487328376174087,0.3965227104519675,0.3695296714233528,100.69233701381788,0.9651177233466739,0.012531056745409136,0.3210372838776434
109.8377742374326,107.27198854792789,81.98139768267504,85.24819842863103,105.53359855238651,0.209643075081557,0.3985133742062862,0.301996904407401,0.2394389026589625,0.41475672699186417,110.29305884842685,1.259375304638402,0.028768969260150684,0.481639823753602
88.3773134610504,89.02551942521436,111.16554061374443,91.4369979534777,82.86349208607663,0.3467130990168832,0.3029073463887986,0.40924283870038525,0.31793134392240374,0.47541377317343547,84.20055901981421,1.2944482439402318,0.0477469766738435,0.23614272037141718
81.45727789239444,97.72711948981151,104.68514310738584,114.75540933567211,84.43217580130558,0.42722227711499094,0.2432750290960788,0.2859677002185034,0.48293322747815537,0.45808175791756667,82.16126365934251,1.7287457714104677,0.014220577122168794,0.380621524347327
87.86691305153185,101.19202443629885,94.564334489679,99.30149804981978,116.96498595936862,0.1764742150537246,0.20972153312933953,0.24576820774478883,0.4519396144575616,0.47096692475810575,119.34808984285428,1.6834042889824112,0.020949999999871433,0.7527284230048407
101.79566615458748,96.60482442448304,119.57759626798979,82.60862679598145,117.28453793484688,0.4209360963210397,0.21028337842410486,0.4548259226540926,0.1131524503762794,0.26912139235620725,116.65182114827104,1.691170858006754,0.0432031264026622,0.21542872522259487
100.06647368261932,100.15025351068553,116.87857336812837,100.29295918372279,97.53628362120595,0.25105145293269504,0.3140958423618295,0.3242562228939315,0.1901617947373836,0.1818222811143025,118.22643764979627,1.7273023960454061,0.026073185854011124,0.6303549353238855
90.89954368468796,106.35267067269683,102.78580363919046,88.57381747791132,108.376516602453,0.4214266367168621,0.13047871913593745,0.2973144175448182,0.1766585626390716,0.22782689004839107,82.49456253985583,1.7897033522877974,0.04035214924948813,0.033755371810351424
105.76347429346562,95.89335536826164,80.17603687614202,97.86324600704751,80.24232468521006,0.21091776766880327,0.3834088903788816,0.2824082413178198,0.2197767337784415,0.4325407991920821,90.77205647640196,1.221804378894952,0.03169337323010513,0.2761943667668506
82.99993957196159,97.22439609923336,83.27679536741311,91.02661735148665,106.21965474235873,0.1343180565163208,0.40654425818945616,0.19932510316011914,0.4672076890507131,0.10222363414781954,116.06169516776072,1.2915425368758862,0.034157252513903565,0.5270250181054964
92.34461370437677,119.90594376486041,116.65208135659924,103.41239618342095,118.67788554539722,0.3226653349437357,0.3489059936110375,0.33092013305876017,0.426006116879605,0.1448656032335245,83.57918307504531,1.522645495114943,0.016445734549731993,0.6208007668676229
114.72069177730089,92.75594075361948,109.98384983941237,85.4732713601579,107.38205697514964,0.2662224017170337,0.4454947092079895,0.45549411541159646,0.2993377612955062,0.32318675754803194,98.05738048433591,0.5982632223313088,0.02409128823588486,0.47374816970420386
99.64327305978321,80.673037570113,90.96919289561482,118.21528869616995,92.63325940353923,0.4055633761959603,0.4118441577194566,0.45523251980234436,0.4375429596732172,0.2657693251457177,93.65165412447101,0.8808068026230511,0.03487021760941957,0.6953777079406818
87.25817821205763,87.50125786288834,99.16853058567796,113.7059696268214,110.32007060533385,0.3599013305886627,0.2932941031446936,0.1471845865680527,0.42867236800202513,0.3407054118802027,115.19401914002412,1.847142716083729,0.011070727862750611,0.6566286607067541
97.47408030151098,88.34907533747842,81.84259600408764,98.50521277930923,112.59101394072766,0.12320208152236503,0.370747311603589,0.21324041435884072,0.1277060834866723,0.3426355658734579,100.7230452934859,1.1648342535846645,0.01753306058965537,0.49400402686490175
109.18727974377255,96.34403070509,103.788106876704,97.4498608378487,103.16064439160712,0.3928834616516974,0.3069137177285968,0.10225930942803699,0.3307530947770414,0.10264363012718399,91.61496728827615,0.3406283313630153,0.02545978434910795,0.2784983986061391
100.70020977574197,107.23866400500636,100.30835374132496,117.62443992670234,97.12112726326745,0.4705633205188472,0.2069220630900208,0.4484026413988097,0.10484371544674823,0.13888660419686813,100.97204703152035,0.959729623027661,0.03698378355115429,0.2909684144391593
80.63665212158844,89.45494141635939,100.02427432426623,101.62287407554648,102.09539157248214,0.2805633218410628,0.4034429516210677,0.4770246802002547,0.30843792606737197,0.24218428546663848,84.49784822448673,0.5313811056655344,0.03038355144169444,0.4920775328962906
108.5820839308033,90.98592570470112,106.59614716165909,108.16129092476851,96.45123010483306,0.11782181596687243,0.3334837886954847,0.2520175057994135,0.46365339387001636,0.2920236891360003,109.24810930225857,0.873502008273332,0.03874928530963977,0.5252413557140668
96.08676396585288,87.15699142625799,96.55949505021495,111.47265166828049,116.35892022199536,0.4061787932519104,0.4392842112859583,0.13931104467110172,0.27633852310249796,0.45748697240492486,104.7335021783964,1.2037079305163243,0.03907448181485051,0.3156694099402322
103.74452765271862,91.97481373417196,107.29158874638927,109.60584834784015,93.28851115122649,0.26978211932787666,0.3260617107869542,0.4492415789195391,0.19303743467591708,0.45783266512938536,104.02835124243741,1.1339887030743574,0.011242189535769526,0.3180139147331934
113.06191445958187,82.9478332855336,80.43014870400103,84.9188309052821,86.24033391310039,0.2588113684758462,0.3372133314636261,0.2312157928263413,0.31084762150383605,0.11971432120900101,97.51377412033636,1.108320802805724,0.0460684965305679,0.14142377812085025
115.15716131790884,96.99926808885124,90.99726767881526,97.16300463947277,95.79363570802529,0.12610399009550535,0.26588910477503425,0.2339807693734314,0.34631672411004333,0.1151640668175225,91.76976612375964,0.28209315803324775,0.04296860608571382,0.00023001822920072358
92.05846671952068,85.51598329647861,106.23661847895522,85.46417611118622,111.01697810690698,0.16706746789475652,0.18383675765031687,0.27619670741192015,0.1987339049515811,0.15506507432309227,82.61522610938086,1.0289335370801227,0.02084273277362088,0.3691932183868407
88.06752053121815,109.25485228533248,112.22344422781867,85.01304039097803,83.46983073152016,0.3390294695129752,0.3975487911212888,0.37410722671888874,0.21047203809100848,0.4417779345467856,117.88130016512216,0.300686592762893,0.0293809968079461,0.6646730010776651
117.9829108261464,98.52187227010323,105.20941979891953,80.93041760487071,91.1484072222536,0.3447288717709609,0.34586668040296953,0.18513938068658292,0.19688515493446143,0.28990008697524194,96.66215686235606,0.9585063575728189,0.02232599806156755,0.6132330010922385
100.21590618237545,115.44873253557616,90.85757670257505,111.00765279434879,106.48851713034807,0.1951284124162338,0.3752310945941506,0.22342180490230332,0.16076646158453967,0.160645541509389,99.83686815795544,1.382249844077545,0.046265686365598996,0.795152270472396
84.6108307122298,91.73500691167986,89.51456145754479,97.70110350293142,105.41336972190336,0.15089111148446427,0.27590003158654974,0.101216014539049,0.3169489153210123,0.21932116916782018,95.03067019172406,0.47033280186170506,0.025312759661584618,0.5355246234847736
97.33679022034026,89.78146303007225,107.83515072913102,103.37884378845959,100.77255629662767,0.32099153238408584,0.47417016537663337,0.4476190440733935,0.33057193597538226,0.26722812505549004,119.51509402694711,1.8543522962673729,0.025842125311439278,0.18713038883108135
102.17678389783913,88.87602585175294,107.21724244369824,95.50002142155073,94.53871278920079,0.37934506843300264,0.4692557330498085,0.29581882717581987,0.13972308963412747,0.40643528016959607,111.84688042474798,1.3533951074289439,0.046476481499213525,0.5418790414603916
85.98936833067083,103.87349338201786,104.10657642186027,93.61202574666113,114.39400227462136,0.10419166155775367,0.4058553918562695,0.133966641554628,0.14264662974651476,0.41268274800461047,83.83040899125477,0.63079761228406,0.034027755786158874,0.6627830340775619
113.81831594861714,84.36217225929725,107.80153551239673,95.75339024740089,119.98859404251571,0.3758086819581622,0.3247612517346552,0.42823407708407746,0.4405474042975054,0.28300490226251473,104.32700258829051,0.9396534186156053,0.015514784649637616,0.5127976082784012
89.0009451873861,91.22096821657958,97.6842517822291,90.74860594722652,107.67973465546056,0.498519474821815,0.24303197585564293,0.1686031066483193,0.4383905772479567,0.26622811182373207,99.3853829460975,0.41958771079245216,0.035040673643786276,0.38537937648630216
99.23632448725922,88.83515339398161,100.2549627794625,115.55151065460154,111.69582587400211,0.4497998604914457,0.12446653779616162,0.14442084460265667,0.11610906448958498,0.34080438412096403,111.73408140878563,0.28861075341467596,0.041777909753649124,0.49480998225600525
99.95315697707284,91.5397041256779,87.1954585881011,115.13531508747582,108.40667761994786,0.4327456724465999,0.2610643134434687,0.1362781798684095,0.2493875309723814,0.23921845293589197,119.89264048627413,1.8527575904254676,0.02351364667775458,0.020642088365733537
102.88653212589834,115.17738583814673,84.86761149496358,107.29957144008273,88.66849249652928,0.35738876990564594,0.3608606515185335,0.14120948690054125,0.26807071101021096,0.35700581072750615,109.77226962409648,1.4315720887659746,0.031080221932480848,0.21209000573151313
84.82309764063947,98.62434040027733,95.49571719057414,117.64694437300741,92.95918187007265,0.2035444836760139,0.26283211461139105,0.34547797265800756,0.2611482804979608,0.11234438862622716,114.59715283219973,1.6143806775916167,0.03507366216546707,0.1261898360356847
112.5960903620801,109.95308001873379,106.71695480234145,116.81601891840239,96.31698377525368,0.18904639817180235,0.41043236578620956,0.19940163150001228,0.4270845784258457,0.28676313028072953,100.10542009423261,1.3388024837198422,0.03041666860239825,0.3307323483733924
95.58684743931462,86.43789694326037,91.03048301980277,115.19105824243482,98.97528531645472,0.2891684548789112,0.40820648613255117,0.25331740520635804,0.1953922368609484,0.14201295068697328,94.94391961443854,1.836839673314748,0.04996498037877313,0.7144292308582357
93.65413288762842,88.64448220328684,99.3984100097446,108.66661481858115,91.46768101828302,0.3687639504675072,0.28797701591715336,0.4237627522800508,0.28306988342972256,0.26592427004593633,105.73118726021457,1.8178579367249172,0.030271713882911215,0.1503595805121979
110.30866083250616,105.19151098899674,111.50250250158817,90.0363851549965,105.24112578932181,0.21954083362989493,0.17977114917614312,0.43217477785938585,0.13808454837870654,0.4608510893406583,109.9767365494439,0.3517774668910407,0.035734919689440335,0.0567876881697754
86.14941117955368,94.55187928658547,108.97440379371204,105.26673542319743,87.51442901350087,0.1107636604949402,0.30890093409288344,0.12333142486043372,0.4118428485238532,0.18459860962364535,89.10135732816121,0.5815724712618585,0.04174357746247189,0.6215375517832862
114.33370688370117,82.13403929380728,103.80862754066598,119.35282000926425,101.26018927370994,0.3263690304946142,0.4665784410363778,0.35970357424497046,0.17132798598956617,0.41867110750196035,100.13549919439127,0.9426323148708153,0.015463327378670101,0.6943224156933995
112.02687279837683,103.80723892756409,111.3235325969197,106.22376541421148,107.64528058150114,0.2765918427233397,0.10527069533710268,0.294705988043134,0.42499387090533614,0.2719830523334452,84.5516394716346,0.8469067205764678,0.011756412799211607,0.42511585522579537
89.11244604345536,109.67283654291671,89.51639546657323,119.22561100570353,89.11148763844818,0.403371220191997,0.3822103538137621,0.2827649269353139,0.22931303401017897,0.39061600062486257,88.65411253116937,1.1697519303406412,0.048919594350290765,0.3012532574553067
89.46736014390625,114.34692481935457,89.71943447851277,94.43611173965132,108.58560644716107,0.24756736709534619,0.16803484269146068,0.22834522461119178,0.4507356771712193,0.21335564485495426,115.27435560572921,0.7164306530090963,0.039290365990058806,0.344427977678669
86.34994320779053,86.3628701931001,99.45433693066477,89.74787016930907,89.42631822276134,0.19398421393789445,0.15336802829222487,0.12207113782708962,0.49067694167985265,0.3147107309042442,85.78927930522906,1.6455534564241436,0.02573127902096565,0.5271933710049929
80.3695568567405,94.81798364791791,92.73002218473613,81.24623243306682,104.84932712854655,0.391857784248279,0.40918937874748207,0.24092679788818902,0.41956236406448844,0.4845936977680195,112.45393007208848,0.2631142342417184,0.010706751829779565,0.6650011860264131
105.06620728013417,82.83201887094636,92.68166251637813,114.91222127981591,103.28668272978314,0.3967047400962137,0.3846932506651116,0.27289351463280803,0.43652805032351794,0.13553495004933988,94.90382973012161,1.6351478943397224,0.016655988038309373,0.15155234356052452
96.47898896047951,98.60407713856384,88.3311997774322,112.47526002831711,116.5601882180387,0.39987348489677943,0.24479741685714287,0.32638956631911653,0.45718550795881086,0.3420078239817901,106.54085502175197,0.9383979840172874,0.010389911707318516,0.7218066688216914
116.42656169000175,88.95737566769199,92.42961071105827,86.42491099238147,92.28804534529253,0.11023261214498646,0.3890419382092385,0.4716098024814558,0.35680477812422373,0.44456803098382947,116.41305486569621,0.25898626531210744,0.02585829065025602,0.5259120608471418
93.31221488490401,105.32422948258542,87.58585526192499,116.77587697470975,84.1239788034124,0.4301183021367737,0.444516913193585,0.23764016107690994,0.28966541084347247,0.43921340201189263,111.23594720331033,1.7323624706463399,0.03219421340373282,0.5906324376719931
80.27512044137332,114.19780514522132,108.15079231064199,94.21439481423994,103.81998823640473,0.4641594299725821,0.15873659970389858,0.1726129518365936,0.23873184002197376,0.40811913127174326,113.03764479193828,1.031820369982381,0.016423328043796804,0.06952981444181416
88.94176403356934,86.73558594581505,98.84596540554891,94.12751318883844,104.60920202141168,0.449992462903158,0.3320960565613381,0.1453072701572924,0.2214992919868664,0.4428092025910527,90.44596280413371,1.5182716251958015,0.03559429238839115,0.7346757546425939
88.72596738244125,106.51710802242475,110.67446081211253,86.66544572113898,81.75433133671663,0.23902199130800597,0.1411228972357583,0.2208273864452313,0.4226825409199234,0.29739181320765695,94.466984145082,1.7872852678761377,0.04816965010104454,0.4225556696848157
97.58349501205355,110.96096343969748,106.03119342296571,108.07526881658364,96.11357359973474,0.16862911021997654,0.22505294903197523,0.4814325118694426,0.2727829952394506,0.27663970192243725,109.31168082158635,0.31004730046538315,0.04961801847930645,0.2896856893604497
89.39782181012279,101.27115373138437,88.17462774996787,109.04914787940262,87.87865823837907,0.16122784081768532,0.22182172184571392,0.4258744531760186,0.4144795897613053,0.27419951957721933,111.08938346485144,0.7087835904677294,0.04332665725997788,0.31914987717658544
91.65053066857365,100.26179113292022,99.4683973657398,104.03397505628118,97.49778401999669,0.45746090486284985,0.2521035668251289,0.44573183192877364,0.11262622023388108,0.23889211609188432,111.60209070403513,0.45806028298407003,0.027755356331643437,0.23442722485835948
116.77893234040366,113.59736376788753,115.16453804946553,105.1806628561375,105.40031663443226,0.4420273912079341,0.4605238245897313,0.40256961648815304,0.3679463267582803,0.4262019637849197,109.60431925617152,0.4215177806923007,0.03189637512291619,0.1303779412048993
104.36794734863795,97.39536617685825,92.88424004269051,103.68011549795482,81.02127348553802,0.3830232752888517,0.20168838178607135,0.2864947602779456,0.3642819991544638,0.3351211028473218,89.26490444970179,1.904871910651596,0.03013227905354779,0.02772710597742698
80.29825725695213,114.06567305186994,81.8569617911049,100.99180601333671,104.5995105179858,0.45403904284922414,0.2895378561551314,0.17119495120928252,0.18583281496515267,0.4384226235437163,91.56346560623712,1.6597464137147826,0.01622666901759797,0.21152653204907124
87.92684918489742,115.82923353060593,87.603830869935,115.380599494667,110.5196107733214,0.10348838168924482,0.4476521447987335,0.12223523424159391,0.2566633872357622,0.42007049097825166,117.68164030256223,0.8882690300082208,0.04417656684101457,0.397289367150957
89.62971814096775,86.02976665104374,92.64930840744941,95.91802265081098,89.83138705995694,0.26304615072895965,0.4289392748216211,0.14011953381031328,0.3046168905740746,0.3329896071996037,102.15441526981309,1.452762824906566,0.037031637477081845,0.533408494996955
119.95566195017693,89.18609344958324,113.22539307931427,86.36470988361891,119.2097850110379,0.4563474388948965,0.13744856253567736,0.23544027411319904,0.3637392379587354,0.4919720327440311,110.17801605109493,1.8590292291236912,0.03551742464755802,0.5866772034313652
89.02093833132339,96.86754219134369,102.34256267071626,84.81142860624374,112.67280269916405,0.43930972958314274,0.43859802467835585,0.30687301176991527,0.3257196488345993,0.4434320376322608,103.96782718237687,0.6364236142791322,0.018813246733459157,0.4764832645591131
90.98742130723319,101.97079606406655,101.98535242772988,104.1056260930314,82.21943946097258,0.4478502345027039,0.42090982618884476,0.4274285100738303,0.45185194360035286,0.14551277243677194,116.98007460987272,0.2747637907559628,0.01612637195072177,0.09284972533096952
86.74475047326271,86.44768971693456,92.08205037663407,85.7965662743336,116.87685283097159,0.21705575076198835,0.490445413581443,0.3179104639855981,0.1705855440166768,0.3012222532798109,114.75127272385268,1.6921895971121481,0.04492105908138197,0.3452388576320573
100.51817802045203,104.94300590810738,94.29952701592484,91.04984564135646,100.12708680928853,0.35831367012143656,0.431288793575063,0.4248706904093872,0.11969659733296667,0.28140999478896334,90.45499165422495,1.5147220759740965,0.017176557944888593,0.5339244810135206
91.77291899339335,93.74583702919057,98.11003497083428,100.22934748737421,119.37256047127354,0.10822762247480325,0.4552624494665003,0.16956243020745,0.3499498780670554,0.3282473485121601,115.38837887823556,0.5304502319884811,0.01294873871429012,0.5945405576726345
88.93290352647762,99.5190465953059,85.98046957957355,93.99996930831891,108.69242874825616,0.3502117738571463,0.3253666491325632,0.386235470946643,0.35044398640926666,0.13612009870832573,92.00157435121253,1.106880229598929,0.03502420804518758,0.2596054626612611
86.97848575042298,103.25405230200172,96.6680409427203,82.06318177617892,117.32300965913778,0.2467071804029761,0.31863737437386075,0.23007897035927086,0.4041323539227536,0.22715908602199675,97.63921805722646,0.5307592988286364,0.03817373029238096,0.742753078775245
96.54412561171546,111.35706143004666,96.652539549272,117.49441286315138,91.6188133771559,0.4314736697212158,0.1586934883925935,0.40775702599434993,0.17338617631407555,0.31120611216486493,114.04934312475612,1.304574258201012,0.014784896412453681,0.6363052266498194
96.48922598750787,110.35456961037146,93.74669261123428,94.57428285340717,119.79292693656893,0.22820974918556908,0.35493377439081586,0.18509616393663897,0.4181638933407571,0.3294335465465761,92.96076301356028,1.3832474043132796,0.01827437621275939,0.6813847446688226
102.22458102761408,107.57521814680592,105.73848936614439,113.11696588626289,114.47300397766972,0.4829092616370697,0.384708131566318,0.34295821580130037,0.4316634761785365,0.18787302710471065,91.63087672749998,0.7341947381495076,0.041550551802461574,0.5332359929361589
102.53024529881239,91.78224299865597,80.91200990299878,104.5761300425728,113.01875333062478,0.35309698434578296,0.25616153983794065,0.39751639165857533,0.10978776379650634,0.27108483861076565,106.7462739758368,1.6164649721049746,0.047183407989380824,0.33100838094811247
98.02159222046637,86.58824561963458,91.52328291742563,100.39955718047459,113.46724875910667,0.3606807607331677,0.28425573457686415,0.19518863828550037,0.28573970067177434,0.43989781019581053,119.98705449655904,1.0787936106172493,0.029059548681592808,0.7473348089753662
86.87012584273683,104.48599502838057,110.13474455802182,117.44190081339292,84.66814766715437,0.18273560691925286,0.2468688654518573,0.4961342086000511,0.4651268675561797,0.11358733685066227,85.24227924365792,1.4861263447671416,0.04168019891409601,0.7211561633322421
117.0556653665823,104.05870140697918,110.66806349729144,82.15098838274221,100.2459262256238,0.31213278704080577,0.12616521073915343,0.46956196946308437,0.2766179650740124,0.26737480157120064,108.04242586078811,1.3696695674907482,0.022776004715163202,0.6627803143799409
104.90518696323176,92.2733535949136,97.2660083240501,102.17192541118392,102.1019175909192,0.20917841273572427,0.32752759215686156,0.15799948919735712,0.4195820002142189,0.2964841379386335,101.07821551620873,1.0388281311935752,0.03812935762936045,0.7129017029158469
81.67446101627353,97.5792706631557,88.55272619168923,116.66780312341399,119.06319960493336,0.3265851565256642,0.4363218990618082,0.17405950955397959,0.17007322933684627,0.2683206691479385,96.42469961234814,0.7622552086357914,0.03228881837685875,0.7332886409848997
91.98587585408276,87.00741589004235,88.78016603793372,99.11009021411815,114.98022396452714,0.4144512964778403,0.12341822140805846,0.41806808155949826,0.3003026374367239,0.32470537997928983,109.99434998831265,0.6075327067472602,0.0437284365431397,0.5970858125812859
100.00144859750559,82.2156824686119,81.59542410852576,89.09563782491395,113.71085110437716,0.3257543753116693,0.1224669555830881,0.19990831908725792,0.40211898060587914,0.2649072477957135,102.19345317638437,1.555402056747579,0.041036043834049414,0.1602689526222868
104.85922230140577,102.51831415145166,92.75878370330568,117.1770162018475,93.2471297984853,0.3242067929007417,0.4779474488106189,0.1185087073269445,0.27987214626952794,0.24450965313915926,111.91244592165583,1.3734010849094502,0.021365435271430148,0.4308378177228108
113.39777650611788,115.83614071903537,99.33340052864547,115.7715707792297,91.07213149564188,0.1425797704778965,0.4803177395039192,0.48458383589941734,0.22459526167576277,0.47868664427563157,109.75415778996333,0.7416483746180792,0.01597820883796551,0.49279517503208725
106.33733704733103,83.51854994097545,98.95736856369575,88.69327208633392,82.51053111722412,0.11406944268971425,0.49235839613448085,0.4343728065634658,0.18573208832448557,0.3398188615738354,119.40475935738513,1.942423552406104,0.042306270902975465,0.6186987623212543
80.14902032310484,92.99008465763234,103.58122378147051,98.2092139060463,92.07077194077985,0.4193197449477212,0.22771958560311162,0.24150071683713184,0.35158911023717065,0.15883762037337515,112.43463394120184,1.668093128755326,0.011311702839808544,0.3961177837212758
119.64800123105005,117.58100159918712,85.02613227349987,96.60429706673979,105.95387735974444,0.14728424388896344,0.19992211124776973,0.3965038981388126,0.24663969056462265,0.30294328866071774,82.67199189714387,0.47190395660519546,0.037161552496269956,0.41029691270519963
109.33963190119746,94.6548861963796,109.8512725094139,84.96600051642713,93.2725050103082,0.17818022272301307,0.17764226693982876,0.36018050369392396,0.14335010074738153,0.3671362908865625,111.18317182176501,0.5344859733834122,0.029036569765485493,0.7964520112678296
108.6573270302362,105.02731161041501,113.4884085944662,81.87428090668621,86.97566871292194,0.2602807409395625,0.36850836544705023,0.25269179080619547,0.4384208734597993,0.12222246768626169,105.98812880831804,1.2020836690281056,0.013011972225072888,0.3617641939573676
81.93978329087867,87.68456896996845,80.1713124253174,100.16841206715465,101.13257582273022,0.4573189247248708,0.20746447089523812,0.11701688398619266,0.324961768752873,0.18974169215243855,83.5916140090778,0.4291642133450424,0.03754244888693184,0.10400787191679567
106.3156712562398,95.39649788804174,80.12830762740737,106.95564617630549,82.1716435099165,0.2836812492736479,0.4209256824248414,0.41661870429926073,0.3401542465133659,0.4911487634630589,104.21956914072375,1.9375915091001465,0.029314963471947612,0.5677470434568662
114.64681723270976,80.9061595083175,101.2190049302653,115.79671529542082,102.8995830315512,0.28550043809839876,0.11575535614192534,0.4277700599241895,0.1885175480227443,0.17049552359880982,110.03214402270157,1.3665409589519972,0.04440405320977385,0.29003332803037385
104.3366698617572,107.26443393349624,84.89635390921867,106.99708403242238,115.2141952805126,0.12800396878659664,0.23115997745545555,0.23046358682167517,0.22110861278658095,0.33727717590747097,87.88778052977555,0.36580456427833075,0.018345277164428173,0.1988311575711185
118.96883331341266,97.72207997433388,93.78019406710187,110.13238462385269,101.71497152381258,0.4006168677312424,0.4751066874589357,0.13762003147205903,0.16015273299525878,0.3359370042098269,97.39646591894306,1.0261000281343557,0.010091982873393386,0.5027695737600602
90.29218617820122,86.88631539878811,86.80921202370975,98.36708146424608,86.804976224626,0.13925423755090416,0.24830571384770517,0.3498208922184148,0.4122180128155447,0.18703971498321265,101.69945152975632,0.638444837698082,0.015219472714475955,0.763494137723956
80.78875776045943,82.0835509987876,117.19538175811863,82.91845364640542,82.92722762323838,0.36719422563880477,0.3583478663388854,0.44384645050332583,0.22549899830559617,0.4000367459552706,96.52610874383359,1.1082887880061367,0.02078440131287542,0.25024708409276814
98.0475378213413,89.8040112934013,118.50775408689991,116.43943357991216,96.18972994685069,0.40079994577659783,0.19567781679650298,0.348463135103371,0.37006483506738574,0.20977136504890953,115.04019211805097,0.682294624565562,0.03608977473661581,0.29781699766430186
97.94926077665036,95.0045461230228,81.51464466572513,91.71387357018835,84.90693878447937,0.2807199981458557,0.2743110909025972,0.4094038273484145,0.10027650236549746,0.3004106445826773,86.75612821694251,1.7056432700380568,0.024505729100631826,0.37239203003150695
84.0948132006049,102.4344629174555,83.95059430854249,84.11725295181054,99.22054859277395,0.17373632542552458,0.3587367872221736,0.3721475451883799,0.3004506034774333,0.3168118167137641,110.86222210227419,1.5119236168730337,0.014729876532211774,0.5503955649280606
97.69129460490555,85.50539140529477,80.17796099235451,87.71897767071376,89.43569016728163,0.22602327562206748,0.22532907172014857,0.39804682394014423,0.15269254697052792,0.40860132587731723,111.12364770152264,1.8365117656167367,0.04926293852678659,0.3167590820709122
112.0099377443547,116.6175340210886,96.2377758995188,96.20106906003912,108.49925135039467,0.3620052726407702,0.45378987386219927,0.20405787687991903,0.3024716207264816,0.11559580461169278,97.92119843570637,0.5964258257945051,0.014329097808459902,0.3400718152377497
105.07688062818755,87.36560746773637,84.30756489183446,97.50447562620204,102.59313452651051,0.4650026300219141,0.3701565842716633,0.3491500996285767,0.39307568039464125,0.2137315427037458,101.57911967603918,0.9244364153616532,0.024204813721332943,0.5607243182629583
85.54830412635238,91.73093973633777,92.237719857223,90.45192804096656,98.43045065167163,0.3415441075008937,0.4203687641620981,0.1361177778816257,0.4835267557161197,0.45675472100052716,86.1424979725181,1.6595664572802504,0.04506417025966902,0.7881080696597109
106.12254337278955,100.37559534463969,88.05826248989376,84.117561881896,112.87481851594802,0.4852075335624857,0.4233394036126418,0.21772443697572813,0.33262218705386176,0.14806496889535947,87.80630288482615,0.9042315511470324,0.036104614943405895,0.2532032556242045
99.17218730871143,82.48556736535508,90.32485998598231,112.16135113536619,110.069052990942,0.4016666926664224,0.1614558663971255,0.4467295739696928,0.19622278100512452,0.164164762913171,101.26659248408471,0.9134046704625649,0.022791916473686103,0.46826198065313146
115.03266531589512,104.08351304006769,96.91623737432221,97.06539990217803,87.76000177971775,0.128361745476389,0.3845460512203246,0.17448151076200935,0.17906712482468798,0.16787864154511134,88.98723131733966,1.9755672759323066,0.04881387118574833,0.6355233508323376
106.03195846071527,103.40275024371417,86.19457645715343,115.42651680181498,94.73872813242389,0.2223180489873977,0.47648457365135755,0.2946486711697288,0.2043511757223067,0.16815630388178354,112.25861538514357,1.599010577092697,0.030043942172309338,0.16970235189117064
81.98955062084273,93.11523683119135,114.79426858846304,116.67826343447138,99.61593669038534,0.10756056788217522,0.245997058827339,0.14402458969043286,0.11080479826766504,0.1411918823743332,104.64872333528098,1.7564306455290108,0.010324395834780961,0.6546553154313473
118.25359760293671,115.00967236847904,113.00922868396901,114.38840258728824,95.27501648675295,0.22740860655696254,0.4003454805753154,0.12679450046741053,0.3714695695026329,0.34821701152049855,82.26314713617613,0.962202463195934,0.010246533446053476,0.2839445054359849
110.25875763022174,103.09356012304598,108.78736006961226,87.11144430323098,109.25575647099768,0.4527960821867152,0.17359480338882363,0.4177070822715897,0.4459460868192301,0.49059365266069477,94.31506673353233,1.275357415197436,0.0476403731834696,0.08881834392391763
118.30369736776687,92.10653289525717,119.44645295822508,95.13504059221484,87.98893988084131,0.4234197432076633,0.14950728032767346,0.4788516040653723,0.4259968211215136,0.1849300737818708,114.33703725472978,1.0384687484655255,0.02124722521903151,0.01992219230987562
84.49144919200954,111.39847653152711,102.19301601506274,92.28525174648115,104.33801479175031,0.1660789602185181,0.47456566016015256,0.1622794504423514,0.41084135416363476,0.2621037017052633,91.09776192134483,1.0380137648417487,0.04248259864144273,0.026469475910785703
93.28404751364019,97.93431029313835,114.50656503012365,106.7266590743666,110.49607358818866,0.3895221061971035,0.1367405520666595,0.3900233150953877,0.3047645509276322,0.4601513541355391,108.78871554996692,0.4734734874518497,0.011742400875382693,0.6381139051958256
103.33974205878306,119.65592195542484,89.6564026516357,90.49164642875259,83.70235754953332,0.17535936689758258,0.1437424311900006,0.17848811939394632,0.131430146899752,0.49206021634469754,83.75200551984146,1.723732489954038,0.01587668437125024,0.5399509002394755
102.16078008282842,104.53436945633472,109.03846291595279,93.41783703797044,80.4902720746011,0.14914265036451166,0.18034037823787755,0.4238742989105557,0.19870175828071465,0.18891733607621514,117.22134615797499,0.933449258926157,0.04427118039359493,0.6347921020041827
105.2891814835328,119.9478197008153,91.7819741515997,87.35737809876079,91.27067831305413,0.36892391216307374,0.25950609217593157,0.434191661520125,0.3553077382650385,0.21528588683379077,97.97382725335174,1.2681926894380195,0.04976365267362129,0.6023582537521979
97.01661899108188,90.03651715810258,93.8784010147012,105.5282695431745,93.80111947370459,0.33916931024787855,0.44658464861915703,0.24579318422098476,0.3945882886096934,0.2663331921508615,99.66262542366998,1.7498757307180908,0.012076917259610803,0.3047802695915398
95.84235779134619,81.60125051197056,116.7177000649148,96.27543839659415,93.12574064139177,0.31722935911139993,0.39348001111929476,0.12421094852393755,0.2819798089366765,0.1380854063970478,102.79320524916679,1.6035851927793994,0.016705478934757483,0.746414836725587
83.45936784981538,105.36732861580734,114.5529980105502,81.646128002096,85.81089869464142,0.39000221778883726,0.3431225060740556,0.23077186415571138,0.13051260535713421,0.47032098481196716,94.537293584005,0.5969164598192173,0.03891647563207577,0.7023564613761172
85.85559315544829,104.09099421391171,116.84922010873476,97.51073468262038,93.75225792775403,0.22600148821906482,0.2101507109586961,0.14040198836703346,0.3309412836386322,0.2062613821558454,109.01141204807047,1.3323948898119824,0.031180118251339935,0.2786813041900076
110.63362742386765,109.70276247022605,89.87024557108839,86.43305449231545,94.31240129661425,0.4371412328847112,0.3731067134507262,0.10156596232376268,0.3262698446664114,0.19273387072789167,80.58334262825244,1.1175294062252088,0.026238641844581648,0.6183528082676334
111.02413568906525,107.80253559659913,106.6341482542482,113.17714240652816,91.08521249365575,0.10614684801111998,0.3477468651949783,0.1819657440821707,0.45985432398129167,0.3293522963813347,86.4881707057951,0.705266265292116,0.017778701518085985,0.6557265473239436
93.5873490187804,81.69357802436704,114.74983103214134,103.29718939688712,91.92489167534774,0.1836740438880145,0.4916509758748966,0.3185766266444462,0.1661888688505501,0.3068968680676296,87.55283670440508,0.32150133114266877,0.047817414344844385,0.39077151553540923
82.77666125797462,108.93638012649839,109.94950078196244,106.6471460846009,88.15123883786919,0.4837396232892397,0.2696840923368875,0.2701382047578952,0.2844506888899194,0.21204142046179553,105.41360735731186,1.352134789039656,0.01689074209867073,0.09633513325697783
116.52864234034419,110.12632076083506,106.31025294335882,106.0377569368715,116.17430800366564,0.16471344521746062,0.33157108134737057,0.45768007868702065,0.39429189676056786,0.13847496305502058,115.62403258301848,1.6147461010250912,0.02060998263220997,0.26724545583131976
117.13228532388496,103.8254967204096,96.66677643850193,94.54935918237665,112.76315364322889,0.26033959042217125,0.10211835196220083,0.22317615435483057,0.3677506370456344,0.2160937133964041,82.54558965925332,1.8980072204806355,0.02297192496838947,0.7910490234401675
105.78421359337334,83.09064121014615,85.68744052060109,116.00743580419385,115.37992592418004,0.4362233276380666,0.29095368541628464,0.36766726513597703,0.45354608931259344,0.3731241234597691,114.09834399889807,0.8712215778115544,0.015543327856759173,0.572748300223385
118.07329794789875,97.11403869313295,111.36243630562828,113.12900109257286,92.62787623352773,0.45893048171418915,0.42322614237012157,0.3268256981577562,0.21889324000698976,0.21925696186054244,112.78054383010121,0.9486300151871172,0.031449322249367404,0.6197687031631837
85.81350844908569,119.88105446556692,81.208768150054,103.89343674845772,106.00849096726836,0.4501324359433424,0.12155369189540073,0.4765747392387296,0.23082392007687105,0.39554842392536216,83.0650264864792,0.5352598532435653,0.02365300302907436,0.7295394492384505
107.27157367878593,90.2251097587636,108.86316977195403,88.65598253125063,113.1615302300673,0.23201190105497932,0.48132055569326426,0.11458961206269032,0.2413275506561266,0.4469844188108977,85.72913695115676,1.9730780408325643,0.03431390002142489,0.16221030054984517
88.76466696338538,107.8682411630431,111.33653943335904,87.55783001848755,89.51945950530411,0.20962261565478948,0.21024779063731033,0.45950072642744655,0.43223290126903424,0.1423084781185557,94.00181296921943,1.7367772435366242,0.024714323507403255,0.7747232245807796
111.16414954937468,83.43995886539811,87.63043809866656,98.22123624759661,117.20727714979083,0.33207196394773864,0.18935807533597024,0.18605530870594322,0.346161594761425,0.14954646566600505,84.5867845742038,1.9258065257026495,0.014656941161124837,0.4145136062066459
102.47511339572043,95.50711392832902,119.13480888889907,98.54845224885153,97.34939894749928,0.2879116004011904,0.20232869370515202,0.441568989030943,0.3217976929472528,0.1860435325046461,110.33144540401935,1.1168574917195309,0.04490389508523249,0.5957428234411056
96.46577267550894,92.48720290427185,93.02779238950338,107.51348239717993,81.63342389367524,0.47058626108872215,0.4291586121627007,0.20611689214636547,0.4844203631216447,0.20709556685681846,100.16277255057952,0.6171174223279947,0.030386082925291297,0.254568262390469
107.27266902585276,88.04817992503492,95.36832012817972,85.86155890241328,102.11004176289879,0.21705724881879057,0.25438534172191113,0.165922088181827,0.37480645548510716,0.32293493033111753,96.4305843314608,1.2530729690279436,0.022874019599346845,0.2635255394914055
109.17401779808559,94.18622304225458,86.53666310161051,89.06022327724702,112.72451674102291,0.4577849926207693,0.19635009025861327,0.16809235463967975,0.2434493570718119,0.1584434734032355,108.99790501039166,0.9011608526655335,0.010654590090983147,0.28767978282936435
90.7059494023941,110.98810372044909,93.24797627224845,87.5493021737185,109.09234238509724,0.47846041126664407,0.38697867874776337,0.41847666185966537,0.3992174493488353,0.19712766990907477,91.71581492257066,0.858762753918206,0.03391385883533069,0.2784471038062858
98.74180117900826,81.25109005099226,118.39769677377595,85.9101378028843,94.13627905812365,0.15626265520809463,0.27177343320377956,0.4316076487097925,0.2322061314403074,0.10382517689132574,114.86125660458643,0.3941374970404196,0.04130017319916789,0.05000255736344146
95.3917853998283,99.57719597033653,111.41776089336682,80.24361118700507,117.29888205344298,0.3640242808485882,0.18002522834126566,0.31713406495665597,0.10595202001024756,0.3035399422486309,106.15866954723234,0.37801112572852114,0.03600245000868511,0.2476594523233575
105.83957840812045,118.02595516595743,112.69558149665943,117.11352872332867,104.04002203742712,0.2574433943068839,0.45216479479308014,0.38872551977761205,0.11441126196115824,0.4158089586555308,93.86021248180901,0.9128974677246429,0.04150877259330235,0.5179045769568372
94.292359315087,97.71656252454414,106.32129241536452,97.07727439065346,109.26691133871157,0.41649098175026433,0.3653638193332459,0.47171869436146474,0.42130141106645447,0.18755946584078173,101.59490761286119,1.870847451967293,0.016199433516776784,0.7215783552689734
83.67392064320119,113.19946595939555,88.16754558568016,117.7579043809889,86.22183199749071,0.252618354009729,0.23996928897454928,0.30196312657576146,0.48148544807905413,0.34623934737912476,90.37793904377567,1.5152914933386403,0.048868119144630566,0.03333227053215371
85.16656784409591,112.47504442349572,112.74807310812056,109.55037679524989,118.4212185561882,0.22517562376805153,0.47660709535417545,0.38010858913187884,0.20643220939280138,0.4626051075208918,119.39922963046672,1.580977515307922,0.018453331522503412,0.013302684329010451
90.82158514741664,113.06594955961151,94.08162120173684,101.49594502277363,97.82400118805315,0.23768515912110627,0.3064845102337937,0.2916891382759002,0.46945234931967483,0.20626534376039377,97.42417306569514,0.6600086837967363,0.020671183982937498,0.47391929187133475
80.23400090694429,102.97848774156631,109.90023551055812,86.98209534301085,117.26623447572149,0.2333226987465251,0.36406407333492397,0.4546462811654749,0.14595363626754143,0.18395340756218181,115.87096610741503,1.5354268193947425,0.03049318250995009,0.5597394355235924
101.21598157674015,87.12984012604375,105.83790283667541,87.67690834061376,82.54133393181345,0.4792137929936918,0.4109188417617723,0.2384279069951532,0.2430539232318513,0.28781354826653416,119.12081829098693,0.9610584711841579,0.010207821078947394,0.4865908301986811
107.41260969676969,84.42779533221977,84.24869793505741,109.59774252727253,82.20808932832284,0.36951979990107764,0.3244164418605464,0.41044798099938185,0.1216667167120566,0.42761629700606796,101.43169839895599,0.35393356832810574,0.02769793952474075,0.7784346747258507
112.39076716191818,111.84595034591311,85.65573712311064,100.73522589107876,83.8650196387577,0.12322054070098627,0.45238957000870783,0.11730177413899955,0.15113297255152106,0.1720737487268192,109.19982280388061,0.9409237431570343,0.017829011008512786,0.18309461486569517
105.30284879143949,82.51720051882187,117.77923425290989,88.30922941478326,107.3157862379458,0.18922031285585952,0.2607048290361014,0.36219280275091126,0.4570413527631112,0.30980112405459004,102.88987147764834,0.4796941280066456,0.03996072473681021,0.3849958258972437
85.1316569750844,88.38385793307106,98.03798595533482,102.92384565366065,119.95452961566733,0.31299589633888325,0.2277220391798737,0.4202721697223396,0.14419449124727898,0.22044127226327484,83.66270531122888,1.7439740601300349,0.04031013536726857,0.732721599568383
81.03704912363777,80.01257678576349,94.01468378859792,94.64625471209679,115.35348944394526,0.13879256549565727,0.18567232753048557,0.3346391646223136,0.15038415519236492,0.14024711810540869,118.09672210469417,1.7205146128310884,0.03462939378561798,0.493997820801249
116.50330190789208,115.22099905437275,85.72715001944191,96.48419340724294,109.83540649180092,0.43036432457583873,0.14731965123765495,0.34322133996486126,0.2408044731576681,0.45854684871049856,98.26545804061058,0.7530706245248695,0.02686740701280947,0.46169757203627193
92.50444271136965,106.52952114042205,89.48571452764368,92.93677031843232,114.41718597393935,0.3830200147232874,0.12377209260522415,0.4581872442037258,0.2655595578144143,0.21929097959363936,115.76252494246118,1.320864029857274,0.022409360677156417,0.7462733239574552
90.0203614435598,118.57296347539452,92.25038243747387,80.9411243929311,90.19603615210282,0.3691128086251463,0.3871895684930913,0.22130031074834428,0.2406626183988182,0.1625322038026762,106.22421383754246,0.8865795071252061,0.0430984789939605,0.2711222485738242
86.84819768973703,100.27307864870198,84.5086426531144,105.04195508981638,114.99596282225978,0.3373774259236697,0.4827636213326487,0.26664978493735736,0.4984824726377738,0.1705658417983357,84.20763564136476,0.5198958051013262,0.030283744768549205,0.1257406658837133
94.50075527214943,86.73970877221618,96.00099983137652,111.43867285802509,103.65950696318382,0.41843978361671397,0.4712433014457027,0.3752217410653004,0.1437305157243463,0.23061654153538208,96.68211883865253,1.3864627949650843,0.029858671437833738,0.10338471183917344
84.04572853310412,101.48748617308134,98.72341525822372,93.08449024084646,84.40642384213294,0.13426632527091664,0.34069924836632026,0.4992595236635725,0.24990184529410364,0.16517801701050452,87.83392618783279,1.5801866257941142,0.014537315555306175,0.657497835920206
119.244477424811,87.04173279573023,87.70971563162982,85.82330768408943,102.80772154795753,0.20745607786681008,0.3283207876840756,0.32758471473370787,0.19192833317452243,0.40028189621513,86.7943945795024,1.605764796865068,0.01873532191423663,0.6855587116325436
97.74678297930802,89.98228728106224,97.17693532086113,106.94087404246872,91.26802125994521,0.13520491659734418,0.3492161131056089,0.27027957958015275,0.1508700079372987,0.35375390083826164,108.60354974733576,0.5111360253130401,0.024419571676733004,0.18710267406655295
116.60983104121522,92.25384948710823,87.92716123291413,118.18271387491258,112.42242440472717,0.3692197672779719,0.27600811825247656,0.419197127786166,0.30372663376419423,0.21430178083941695,81.20079949285847,1.1470124073664918,0.037954113711353654,0.3656570759064304
93.72550499373862,113.65727404575503,100.75256996615201,93.8700999304425,113.58446358156857,0.4814405111752629,0.4776176150999484,0.138248557887338,0.4784325130193534,0.4101929522953266,118.64562275575918,0.2918238750990381,0.043810839647856356,0.4678813884211259
110.08660267457762,91.91499370572423,104.26714061031895,94.77560894079188,80.04207890241553,0.14265766502289387,0.3077301087408858,0.1139805240310396,0.3355428282243507,0.47327505674727477,97.99693503784337,0.40779662084987095,0.049714411073198385,0.11122727942827781
118.47262965601118,101.98516304291347,103.93730406663133,103.9956570270918,102.02565843277611,0.24728389499418324,0.3034500696204632,0.19102413036107044,0.31637849597155704,0.4210298674973456,99.59030724234927,0.3918395178994286,0.027097284058104062,0.6790484954649023
91.60191379094374,118.86304499632226,104.8667365006114,106.83685442215847,98.19171029268199,0.18610330957489196,0.3213947047858069,0.24185731084716575,0.3991488312295032,0.3808154647828812,91.97715583884619,0.35008388871337703,0.02812817388927094,0.33510260449884655
91.5144560196313,82.57395928699718,94.00920786271544,87.04389717073569,106.48353073028048,0.37951586244563407,0.251121253489758,0.33971172118819126,0.360434073474589,0.3723255889478917,83.42464291249712,0.8340963608512106,0.04064242164488091,0.6907790031420341
115.16015539210878,92.11019432982609,93.31530501656187,106.81458015316046,85.97085736964945,0.33010254161502894,0.44672189872929,0.19951943170800104,0.12232271574455061,0.48500138154952,103.5297071344602,0.875939301493049,0.022849079057000614,0.6080613241625975
117.17749706710796,94.55387124101932,84.04797783707099,86.98736019682566,117.30984304029832,0.12429349064954742,0.46118226231678194,0.3449139747816894,0.4674961541258398,0.32598157222505564,93.79017994021712,1.4712730986228997,0.03162071904056482,0.23596342001952586
89.8847715347608,106.49075215325146,86.24660894153061,87.7640676939511,115.1695287559991,0.42840349019712287,0.3885161052938134,0.31004485346426824,0.2453294359814477,0.10114360827533693,104.96290464177667,0.8272895123865668,0.037080692925441784,0.5732593730624028
85.92132880410247,80.75002346945116,100.04932758105105,114.50907253051739,93.039641816625,0.2003621098277508,0.4807067233895773,0.21018473914599653,0.4007409770648801,0.3033990458125344,102.23079231229414,0.4956926573110594,0.019449988428185315,0.592564027510805
85.12649082582843,119.28923318262551,107.06954517957654,114.02762527792626,110.08553089315694,0.22340575386191974,0.49643737958495227,0.11878975100991768,0.3328308425896095,0.28460728640388455,88.67643387237578,1.9070323542327965,0.021183597975414043,0.2490104610840138
107.92969095956761,95.3825626852368,92.97359972814557,108.67834383577896,108.6685203270892,0.13061056388082465,0.18563848232614202,0.3776967894711566,0.1433314519173734,0.4204100442198849,98.46615689630514,1.7820837069749733,0.02424762548756263,0.20298847205735868
118.02353536196372,102.74639271393289,91.78484423150694,99.5811519732191,104.54855266903677,0.35002439758084536,0.14034303795344277,0.21472585150529896,0.1548711449387458,0.41904051822310684,92.32252037558341,0.46739507195660857,0.03310739340117776,0.6587422300435981
97.06919198307651,111.64532493438193,103.3845284886335,80.37742910510602,102.79359552928034,0.31318385005026683,0.1011319746866346,0.317161458891261,0.2931214737059804,0.35723056119700203,89.58896324904659,0.8848627249460101,0.020816618139848996,0.5423464325587466
105.34415143767444,116.61045006176283,96.54886694656754,102.97870637085433,98.99989802857496,0.11393762219479844,0.11417031677321893,0.2397472420381427,0.3754152384645949,0.3666232370354783,110.7881743718761,0.5441481392237003,0.01832671130031975,0.591658585869879
101.2662571387554,82.69216282675985,115.89134670132407,116.41649359326502,101.9223843937053,0.21130543168410187,0.18642701782515836,0.37325023895242515,0.11084509445352105,0.3227133326777819,80.47626367996833,1.9284449980076936,0.015980328630912546,0.250444202743574
102.26222062883782,82.30224143775818,103.91802052479028,97.1660715951665,108.36174520937749,0.26963945681765084,0.19563472717408406,0.30811923573298594,0.18686706264912123,0.3257286422196969,90.75531434500499,0.8729607861829822,0.042372395914137516,0.5777552189542515
81.88499666382289,108.4355073091796,91.47575295329256,106.06821321812433,105.08503901248491,0.15958953449053737,0.2622771648365425,0.30417053412192213,0.11268041121753099,0.3442868961878457,101.24342734687951,0.4217054971063851,0.045438859890552345,0.5714452557031676
89.0736593852893,97.61809380865067,113.42533036213298,104.22366574379096,82.74953207913646,0.4001261173990014,0.4824294251244158,0.18125054098576387,0.1834781468998315,0.22193232969153495,99.04583953721831,1.5219769795772906,0.04618887782920056,0.26661994503263475
97.71635325283319,92.47085835111668,105.66582715646531,104.58255765181043,80.41592406040562,0.45630561498276223,0.2627428654771489,0.22071752523038196,0.39647231275175043,0.11519607103105699,117.60661307678248,1.4955056533244426,0.042865346824450014,0.21636804145542127
104.30782037673852,109.39398615939747,110.74920129606302,82.35903081559844,92.14633668439475,0.3195258045233226,0.2800759964305043,0.34994328429706234,0.39243986939616504,0.22999535421810857,113.74629925028975,0.6718102975164604,0.01549156892704517,0.3451158825616263
96.85094242206095,87.19086831179648,96.8293548466004,82.8451814330237,84.52869132028206,0.354566874409297,0.30973148118439786,0.15358712415611064,0.4526904832038643,0.4018360671323421,110.06410508753031,0.8125582391102166,0.013910077652189764,0.59127376139848
106.74779051373677,90.50289844640619,108.4562338991829,81.92434112066672,102.50812212174012,0.4686616536916115,0.3881618365855998,0.19792262418843057,0.2722104900543958,0.2547473701779476,100.56312533081437,0.976283070610521,0.029966573168949927,0.15486998146521122
95.65794654347361,111.87885567661861,111.35806320822248,95.02238569830033,104.90856056350857,0.11432877305286247,0.2642192611915547,0.23822778159911323,0.10156951448035195,0.43884930363651686,97.15626929536529,0.7184750031003834,0.030857078122333265,0.6994099214684284
89.10195475277952,103.2162734472168,83.2505877579009,97.3841713647444,87.30910726152436,0.1575497700031413,0.3003808669541056,0.41387112925361813,0.3417925476399236,0.16774049015306036,81.46278274315182,0.7555534893084377,0.03931292769840278,0.20422081766536931
115.3352472836609,97.79603271867327,103.63094994550138,94.41527441320042,91.54964140959211,0.34728445026604465,0.4030387577794945,0.44190580645767186,0.2274615038950125,0.11356856021440774,112.86672998555275,1.6527831860326496,0.018915230146248366,0.671706960509601
88.11679132246134,116.47486330668079,111.97863129707811,85.33044577724124,109.86899505167193,0.3431792825771628,0.19030740405756266,0.4123580295778366,0.37195268374644974,0.40927474187037116,97.22851616648448,1.565738559146574,0.04723798679431569,0.12464764743682509
96.74123108146613,80.6158661984228,101.13469281504888,85.20185760339464,88.39737252374378,0.4870124801285607,0.3338189580594165,0.46172542016404394,0.35675735298961775,0.17269773847947362,92.83869566890624,1.4621011209483512,0.022397191719808675,0.5915525564375448
107.84163845696372,90.28568148564784,115.67552807367267,106.28679033696679,113.29133939643236,0.4197232718035836,0.3774794496854861,0.4911759110699664,0.1973727955762976,0.233250206513573,104.26537519777126,1.4518537244784853,0.03311235803653912,0.4491159380308033
104.60758153320737,114.75398364088063,94.467387000886,101.9656230754232,100.63561601777334,0.4285964106409488,0.12515583921343218,0.35327990584597635,0.3141904210931501,0.16752874890702274,110.16551275598971,1.163293378661779,0.04456854429687153,0.5291671899215212
116.15162832311881,86.59661634434454,103.1224305274677,110.17724776907922,94.80199042134642,0.16604868370409726,0.42407904850159184,0.10617806217506992,0.39873657612397684,0.3930668908017948,100.92205282130944,0.8641122364318532,0.030937924339489817,0.7793092769599788
114.70326098463906,94.92059068310937,86.93235039583665,103.36193421620126,96.8227204014925,0.3598719905474618,0.26380706523250647,0.11132827340968282,0.42071066731720685,0.15028288152257652,85.98332701901566,1.5109536545854563,0.040142297793333497,0.0420463029360751
80.60760418728019,82.79354369974013,87.8110872082636,110.77319838072609,115.68158064134994,0.2123149936638823,0.47871317071648134,0.2207444106064685,0.20205566015796866,0.48934822215136176,116.86585882816179,0.4536435406861957,0.03996104801629207,0.11930157843067768
101.82563496056889,84.22261850056493,101.37675808967384,114.2242184238778,109.97910516490359,0.13437288083826757,0.164276155166939,0.2753270059527141,0.4150692511366203,0.4537435755773106,84.51397959705518,0.4968733841117111,0.041600849860397415,0.06326784184179256
91.643926547895,84.95562437153431,116.02726799048972,114.16354986528845,82.14861460580903,0.40225428907310634,0.49047001264114154,0.10673845704278345,0.34780262199657586,0.14653848075397355,118.78286525986975,0.47096411390507925,0.04244193060187754,0.41570956747815063
112.94697959298257,83.88850551139758,82.53134533608149,110.34403588585037,101.45242487699832,0.4641450962419481,0.47412288294375693,0.22121128708151905,0.4310834140731994,0.35211023015491927,97.69908407722657,1.5322565905630663,0.025698517892746263,0.6422457950002749
96.58192096361276,116.15448783904088,113.57214288271015,82.30493886188226,104.6434896776469,0.14019551379402329,0.3411072637313777,0.49042281574306745,0.22323761960228927,0.10045631045840096,117.86492776905098,1.2851965476364957,0.0245422497050487,0.04385983277423966
110.89069612829833,102.01962319099809,119.32021996304753,107.44190018590193,84.16572050788102,0.4907166708812717,0.2655933669802013,0.2723731071373532,0.3850448468374954,0.3417541548577697,116.58599038951704,1.0377806638954832,0.042139924006605455,0.6235253460219103
87.93192047999814,113.04982484797847,119.870266925772,83.93357067489559,84.01317271380194,0.2207946449247956,0.13999115146238694,0.43094500797887836,0.293350870538561,0.36898971745868847,96.25069061961054,1.083404847500403,0.03318841571330193,0.34644465873558716
110.53548216573134,82.57417126866159,82.7424046425939,115.55265932038651,112.01799249273805,0.44420188004765826,0.10708895171408894,0.4437541107770766,0.40071810390270723,0.47872869999458556,112.00101162101602,1.6982288225495075,0.03430853135337902,0.7531429223825091
115.2625279945753,106.02053608531014,92.90145687755434,116.25252761331164,91.94894099897726,0.1934363221075135,0.228968934879167,0.3645914970450078,0.47031719546449335,0.49706774457975633,83.59090127307063,0.4629396131910973,0.026476690031762805,0.3061568959220069
91.02043357819397,115.45601676771085,107.23290369972831,115.82688338836971,86.23605157015889,0.2666950602342724,0.3156918702882976,0.16822040304549263,0.37759014689543935,0.43494816915716583,83.30937077087201,0.920677490604766,0.018064586346940237,0.7876783585947411
118.09187191062526,104.50968626801308,106.7214017637371,116.56242321305805,95.23011898778515,0.41945972497776807,0.23833721790244133,0.48530560628557584,0.14813863481521256,0.2975880060384639,94.23826414885424,1.580290859626177,0.028277222770253567,0.44521723657123397
108.78299978783448,105.61362484497936,111.51010875463841,115.8777116733323,107.20243421720379,0.32183885207724217,0.31460554282146186,0.40315631187157763,0.34384289299090065,0.13085177331766987,104.39140400572674,1.4012188984993732,0.04878585863076276,0.7919945417911262
82.70558218012258,87.32561383399121,118.15912729068336,118.74601893508904,118.6965325479345,0.1719406613746985,0.31289560826204144,0.3778190404253675,0.3056698128842313,0.2422031133761859,80.3728427927794,1.0115067625862912,0.021634675169919064,0.5055087614715728
81.47197601600472,95.29792671797674,110.38690815951983,110.11543214631324,83.43635619799834,0.12045382469834581,0.4143523597340445,0.29887769595923547,0.31551565221883704,0.2875832561071665,100.60700500039005,0.6425971168542721,0.020880329654965505,0.2770686272728864
104.37955548358076,85.7147847416343,99.72837331471173,89.58742803364485,82.12644686938911,0.20613816629829868,0.21054938589761926,0.12540031489999626,0.3830396064807732,0.2087491492534088,119.02587614994161,1.9062721232836777,0.015231367027562698,0.6427269480500462
83.20077702106438,116.43571798919632,109.78583856806137,117.27295927091802,98.7995972933421,0.2194245392697111,0.49740004840113605,0.2543250223296796,0.30427888310160356,0.2545892403044726,114.33781714400783,0.9638588849988909,0.02924721764039309,0.38956810212728543
96.53169995811217,94.33629170008382,104.65228384208359,94.06237547885334,109.85092935928024,0.21607644529775016,0.10234029529870617,0.44195453911010196,0.28926147017602466,0.3879561214837668,89.29882479008997,1.7862112568312705,0.021541215835766285,0.24704639812383294
112.0526930486345,115.03378373717524,89.71203720981109,101.08088197169502,88.93778466919355,0.4834626766518282,0.10113253598149492,0.3700158427377028,0.1474562816135755,0.28318602307300866,101.122750477203,1.6112033400582324,0.03748494923985797,0.3826683231882646
81.50223293681364,108.3130121667935,101.95925095740499,108.95709118212335,83.50491645626148,0.43871283235657965,0.1285983395937873,0.4958453939514538,0.33233433124734524,0.2579973835668621,86.85635076466713,1.7576775577680244,0.015404983266750084,0.6975300751037483
119.82104716247767,119.77394267788128,98.59999302014052,114.64234860735344,89.74274223222227,0.10780410613416175,0.33472923126455406,0.2979561856030022,0.18612680086899555,0.2961790134350003,90.53040589451996,0.27961348991768575,0.01989249930782266,0.5858459084890867
109.50264644893188,115.16903427254263,112.58665064323114,112.4709631296463,98.5210652835546,0.10511570560919457,0.49979104561151755,0.2328457764662514,0.2920888592244759,0.4139112672201627,116.92003353909098,1.0854349989649883,0.012474041979183599,0.13901505335566852
112.79959791115091,107.62819252085202,85.29805592576818,84.5673761625808,110.8768854373856,0.38511133743736703,0.4554236162808404,0.47653029474662045,0.17567113238654658,0.2561599384903098,119.91112539044056,0.7040091969308682,0.011658836186390941,0.6708782697440857
105.01856355091695,100.7750446876551,116.29047163395313,106.38361427484874,95.84586980353201,0.3747267967849566,0.11800971017216587,0.38677796247171914,0.1019533760004991,0.4656353905070135,89.70243952471387,0.7295373716441594,0.04256573890009433,0.34513485926034077
96.55727232704734,104.2097744327034,110.41101138745394,102.57413227796496,100.35043528876719,0.3872677798966412,0.32619966898599306,0.27156038892049006,0.49520990741856463,0.3946046933437889,88.4827149203147,0.7222205640677011,0.04623512418502101,0.06629479577113422
109.07602810616727,108.21058199628146,113.21387362454244,82.50207145109178,110.19808528327916,0.4229171830055568,0.430153996093919,0.10874997331512067,0.12187375402490393,0.17934599428804665,95.35437297366296,0.9312989257304399,0.04055555341475155,0.11773768442963997
100.55041803806759,82.98772480132608,107.16040112678078,108.66160776007771,100.94508678178738,0.36208703843482604,0.34957967847976557,0.23006542192143076,0.48919950526978395,0.13724265685124992,97.8342568940818,0.9687330782680446,0.04460653880903189,0.05293098158503265
111.75195910599051,92.00992434517207,88.07628874125744,94.02935806973113,96.4020205318391,0.41068804910863055,0.2923508478740974,0.26753367998901123,0.1102259972779594,0.39111985664808835,83.56994670523552,1.3595704342594324,0.01346384590148094,0.5412702428260169
107.83734409608675,113.8207975151291,108.83672760314707,86.95950236278406,94.6486833920103,0.40863020430678976,0.2275829987154716,0.30678514823833825,0.34257684929394494,0.24705809714544796,85.90834655749576,0.7756379666091329,0.04592537124718205,0.20605178768464266
86.33654853791111,107.46896798232206,89.92687512867576,101.01547731407388,111.67319372778738,0.34623280246374466,0.2736508237666991,0.45122794219816076,0.38740529067624574,0.14419999325742727,96.99309069694445,0.7273600057202209,0.028641593458831265,0.0770792021771877
106.8375709968646,91.9349596266053,93.31467002465364,106.13457146412128,101.97870997359777,0.4198412734634984,0.23500225255800355,0.4742273688128035,0.3413485119112214,0.11103118425631858,89.41682272265933,0.8810643546418737,0.040745752917233966,0.29253572456714627
83.85573949880178,114.95966357094184,100.50452992214514,98.93444052789862,87.9375734652905,0.3937450820404239,0.15229374758841857,0.4509069931829115,0.4793321230229609,0.3781023412117368,113.7973907791359,1.451400362637124,0.03463029153670247,0.6935729046066142
95.07975275882148,93.31299449260396,90.82942731317708,102.69626298587093,98.49101441121128,0.3131491106863776,0.34082520313319203,0.2715420684783729,0.13343311280583606,0.47153739953372664,110.0618624857125,0.2502995573428658,0.02399479264312559,0.502982445075823
115.56790741258669,117.65375908188643,88.77893716912364,84.00421715068842,111.41350205950998,0.2316746139017769,0.2251391094801612,0.17652991033312945,0.49696329953378493,0.4770257749121166,101.45353723522908,1.5571239251467788,0.02059196130878021,0.3889819514516199
119.79445614554436,114.54400279416618,80.94789608474939,90.05054202825863,81.73369108165056,0.23977294794150317,0.20400215237796374,0.42214781187294403,0.26904402007845585,0.4871152200352571,97.30517276273605,0.8431953159867697,0.01472520649173485,0.5865557285400514
112.83117508164666,103.25627905169264,100.54874164668215,102.17799527986111,90.09805034786365,0.46048669184373414,0.403780536904077,0.13596971604574676,0.3808510946222001,0.4949017547443503,113.23951212855965,1.2584196031889803,0.02650604405924154,0.06071603150309697
104.06553476555452,81.2266791385612,105.84046895883358,109.37735320715323,106.92105054847309,0.24931701319350671,0.4526276012197257,0.2632567357384773,0.4885296002837527,0.3614365486350227,86.63981374295825,1.5826640114174795,0.029764108645181767,0.7062173670770227
93.28470073248882,113.0505166051017,108.62175988469929,85.13189291697111,87.8057688215326,0.1386001931655171,0.2916182955178493,0.1198915013590871,0.2580302894744433,0.4661524856564325,115.49551435469729,1.1439615433582389,0.049324603769757495,0.14218895305392804
105.48433652712954,91.57664534224105,84.77731765784948,86.19875972599569,86.62468722161603,0.192880877792545,0.48022711123268946,0.1399692178540562,0.36592461882966854,0.48627422246020047,81.96309533474259,1.3825146849292045,0.011491619053149113,0.017105301188635205
99.1116362727353,104.2954181371799,87.0560909941766,108.49986441452884,91.24050430006113,0.3616614294933004,0.4596015815021133,0.49641218985831914,0.3567373744169856,0.4129055389162428,116.93577847155316,1.8598962777329033,0.03360596648876292,0.2898883226391473
92.46232553575844,88.93994484296431,111.40824543772764,118.39255331747509,99.69999394712372,0.11279407751189484,0.2709241514076176,0.21530614140196486,0.42967413359886264,0.3710312050325223,85.55240209457952,0.3022659766908479,0.030999792877134814,0.04675786991522264
81.68122565727968,90.42277265701904,86.32201164475384,113.71049139408072,83.3941594973282,0.3457656889520756,0.4726234751275671,0.13554712203257693,0.4815365088858291,0.14030588286768841,112.48396176148675,0.8616754633044831,0.010915847612418235,0.1336630454616061
118.65904962753535,103.54055106498504,100.70959148296653,113.89402489676746,81.10190485165825,0.23880701875300703,0.35210946591887293,0.23659048154699047,0.3730145113177462,0.41016744767822655,80.72180313577121,1.8719947787738567,0.02318969324010079,0.5911988978716429
111.08610997628038,84.66416182274067,113.63112395761729,101.16704876951448,82.44517609440368,0.43140233197653577,0.17173748036159997,0.17283067847553862,0.12092561117156385,0.29634073556273055,112.60312681633692,1.7155022019824049,0.026917096920166236,0.3237864651002538
113.32980155205297,81.09256468285007,85.53482771574414,111.91298095306516,98.59484495431565,0.15501344753839363,0.22743879655484453,0.43617372771331886,0.47946357708707343,0.4288303789388046,103.3628309255954,1.3294489673652572,0.029770790469568334,0.005519070234872992
115.25554817419335,105.41717091164334,104.94115017481633,91.6894042452806,85.34722094206934,0.10025935326498221,0.3272096965355088,0.16666405182677516,0.2502987644827031,0.2711675776580702,80.76137003701984,0.6512801649465582,0.019338243439618364,0.5150057925098799
118.4468956358673,84.1919075657358,101.1604240029427,90.90274363339121,90.56562654325819,0.47717630312481507,0.3534954927562497,0.20706202079207034,0.35711793625337585,0.4807461910215691,110.96839038096986,0.8284328163739103,0.011364008795897123,0.5656888841771851
103.78344877211252,111.91736468715476,111.08717931325114,114.75206756774213,91.71610951649468,0.12366364963683468,0.42639506713704967,0.18675902228565566,0.1612431808255828,0.45954676746938006,84.06229204189941,1.751423658466595,0.021753724514392156,0.7215707861756213
98.63005526860294,80.37338292880099,109.87430492545462,92.09372448569133,102.45974133080746,0.10073978279915892,0.39643429614915693,0.13489136395575524,0.34719811801624656,0.34835876055622733,101.59621703611592,1.4719750502434459,0.04345447369734353,0.12368208824200551
86.77201128077803,112.77598028537314,112.69088877113111,115.09811659011822,81.83747988426892,0.4451104197965846,0.4290425988918195,0.37406573723441516,0.2522190361683728,0.16656229881902807,93.28015761748638,0.7498879019067546,0.04231431505137536,0.6857325901529405
119.69834839100055,89.91117657758778,92.37734744189397,89.97342916761784,90.70130793466129,0.35427317043971385,0.2987879194831651,0.131176904912555,0.4822247561875411,0.22576780796472493,110.36673045191955,0.481429628159175,0.01723003098006664,0.5669663593215686
102.10645424414587,89.59242177215118,95.75085245601619,106.22426329772861,113.44104814310907,0.10085630599692214,0.4606761215349767,0.33082035194826653,0.393224269420127,0.16106649611815393,114.12886286690602,1.6163480846824003,0.03585200662630635,0.4508982323058992
107.70966001067518,103.77291379149293,85.90914250164275,112.64462406165131,81.49099551972155,0.2618422696104168,0.35802449192549857,0.2003858832652708,0.3805995780736632,0.1934459690695503,98.57106804011553,1.2583931895109646,0.046945894990946875,0.2094159867299882
90.56766652941208,82.28235667727844,106.6971590233785,94.73484330374058,106.08193932819466,0.1836511308559491,0.10464986010415314,0.2127626981413227,0.19869471681192735,0.40574262267213934,110.31760854227834,1.936016832339042,0.016884307637940632,0.3662741863736801
93.88123837214361,98.22962923197977,98.31844040664723,81.82322614670178,97.20906105384014,0.32788396246716833,0.1711297934928226,0.3272509883795349,0.19017743622990838,0.2702009120216782,116.66499729748199,0.9613595599781902,0.015147053608313858,0.15861643055426208
105.64257452460811,101.84208984301735,83.0113506511315,106.72223942746996,92.35451019661043,0.45528322468781857,0.38770248780659744,0.36044000668048926,0.21259337972885556,0.14983266595863137,107.5680214989726,0.8607971865733466,0.010885850670268118,0.5741555221104772
80.57739211116089,86.22382228336981,99.90238629266238,92.41606636120275,107.77532055014203,0.4011795937199738,0.32715615381911595,0.3491040679296949,0.49004532775166043,0.23932836806688182,92.87961944376607,0.7588232501797889,0.01689645858784928,0.5628718394392414
89.62613902263058,110.91184673900675,91.4590872557592,104.83454830337664,111.9686552100472,0.4202990116816615,0.32358273634889195,0.19410397837077698,0.1211553327946367,0.34640435679558423,98.53248318222805,1.093290240087176,0.04255810311302355,0.15322392848425884
95.42224514574995,81.87219767261882,101.41782084235524,119.81636246178002,118.75967465507654,0.21904645455102933,0.3781913385923499,0.3802908646953608,0.2821841871277311,0.31455884673583917,89.19990960535867,0.8147768743253316,0.04255958960648414,0.20209335771348036
88.84088775776672,110.2278603769701,93.79807327280264,86.41089920732367,106.63658802409972,0.3506187430671631,0.28744197752002987,0.4509482423796288,0.13037383009990458,0.4919272637723062,98.33633358436836,0.37808354962732255,0.03161808308116039,0.7208894637689036
100.03474918107077,101.56922230622709,113.09570648942034,93.46174703549693,106.68379038222652,0.11338036456331252,0.1832385423585537,0.3833231418617443,0.13398410373664438,0.20486910126010965,89.83561916229992,0.7962258513124267,0.023342579077357144,0.3773478880056986
94.64765867850501,81.70895586321717,95.12060429345395,118.00137852816539,99.33049928353668,0.16159067161955096,0.38942862552648516,0.331573356524058,0.1257914447168251,0.28405369416064286,112.28998899429835,0.6330503832803593,0.04227121676007931,0.44089375415981635
84.32921747347473,107.51307317504903,118.53517398874085,116.31780986177029,102.87843351232554,0.18340117120641822,0.4870794391929607,0.14316717892362077,0.3392220701456141,0.29273889433872724,104.39669709055234,1.6769237434874777,0.017800609738222947,0.7669002414624986
95.05122977394124,103.22710674036962,112.63724248796998,114.44949368073817,112.75375539769765,0.33123379879935233,0.4825971402824588,0.23651275112659445,0.3995065492844315,0.27898659087020544,105.32983942877866,0.6622869329692189,0.015594159603921635,0.16561904891116416
98.2190551376695,84.7543195828092,102.76693706955106,86.25715312133461,82.43833335591424,0.3643046458902143,0.24626301852183105,0.19084888210092626,0.13344654375100698,0.14070050052835115,84.4105315388339,1.0530252492831393,0.013568408717310434,0.5017041746785803
99.94671333715443,106.21493800186512,114.16589225625572,111.31342215817214,114.28962051026193,0.48377212750540666,0.41538264786991796,0.19798369998840293,0.3116588947349852,0.3856930897400269,80.05841230194608,1.4272919241343387,0.04405303786089645,0.6192119640316803
110.40275083283562,108.12957587624558,80.40550276562799,105.04409247236842,84.81927216556471,0.24101516080099708,0.2759952232639138,0.38735276782908257,0.1909817259012535,0.3105377433866632,111.5674653959021,0.5111470272817806,0.03859371920877153,0.2555517375742424
82.34668529330165,86.25648608422621,112.93168645767001,109.75397572400085,117.95089620820849,0.18403526867449294,0.1012310404062104,0.3761054942260016,0.38290594384849697,0.4982890794387681,101.69225662913102,1.1797443477629248,0.034983451353176806,0.24705344161406595
119.15905034601641,115.73135945495929,85.31704203907996,115.13530963699921,113.54548539154581,0.17240617775791983,0.395832130026296,0.47918696974505515,0.3578321347244423,0.48525622418803416,117.2621349936594,1.7325771653675481,0.03909869848843498,0.717455447085257
114.84343439438788,86.06742468465966,84.6716731109327,116.95235518336327,86.95306596538018,0.49777639411111374,0.4206497607086157,0.49971436348235065,0.35032978372310464,0.29882227704547093,101.48956955958434,1.2721413155906596,0.015739147688089906,0.07952475761921961
94.74486924170405,98.23939397976241,84.97770111318258,80.82537152130189,119.76361879068465,0.4670545017480876,0.43238233657359404,0.14404482933749427,0.221089058719506,0.20425804817199422,88.58714097258553,1.0941762681960974,0.025391563499647864,0.12588451784009314
115.06628979339845,116.4935171740255,91.38252277088475,88.80406290981756,97.03466232701706,0.4421046637510835,0.1932981417227215,0.221617908989638,0.30751546171829536,0.1304477946855042,107.93906341025347,1.7180380657346463,0.042564609176565515,0.3287641531044879
98.13277475912028,80.22397755456963,111.17012450239332,119.86668152568069,101.14763480408357,0.48449185705516706,0.29642511061436233,0.17617348961169654,0.2083282951294966,0.4192334988348647,108.03931921251024,1.9076908729130269,0.04667062037924398,0.6387127734611118
95.53034780049805,95.71007572884812,83.84308528688403,90.64647273456048,100.08531154538525,0.3536025920713689,0.28585040968935815,0.23264054695520603,0.46027374520354436,0.40902581611687183,82.62130416642202,1.6867244489560382,0.03052382535689365,0.3639932800754112
97.2739200453879,101.8013898297244,113.96262594549626,89.00969210798448,81.10656723625247,0.3872448149399448,0.27840020184689324,0.49246406030392487,0.38402811871452247,0.26944988999466357,107.74603589284189,0.9647165350513205,0.014882457843319145,0.2164527533688781
81.52901781130963,85.36675221227433,102.8193193921761,112.32739240151699,115.47223757122526,0.4842208174925827,0.4582899986124067,0.3959860774177334,0.4067984486480327,0.26945099987756205,88.5011289009768,1.3204629051712635,0.049140693296507984,0.336236028870586
105.40452807899885,96.12573009803575,86.1805883262459,96.05673357773917,93.29660535631135,0.30294020145206907,0.17661893561473718,0.3381584982135394,0.24796661934362885,0.23897533022814127,90.18082463143436,1.1716229663026483,0.025801141655630397,0.3563683535864369
114.80103523428551,99.46877509642428,89.04783599818116,91.55204267263119,85.45880658170756,0.4792912804552264,0.16591337327359895,0.4319894336374187,0.21258742840323763,0.11146225160801021,81.25658785023123,0.780790089697206,0.022759786563497135,0.5816201677260645
116.74341796276525,82.01383384945873,80.51384994223577,87.31955734107476,112.43496071642502,0.11618523193153099,0.2716709970343486,0.2817843624593895,0.22810045137773943,0.3675118422257464,105.09488891091466,1.011810225678585,0.01479963662859909,0.69500006484011
100.93867146524325,105.03373149507945,94.30926701662939,82.7471194219668,114.24632649968672,0.2941371113970999,0.12964522653246277,0.23922847796531022,0.1407850935399616,0.1251662775560968,109.2691757386203,1.7012168640272418,0.010505184839788604,0.25700085160711367
87.67577088501629,81.32236802180459,102.90816543732774,83.33156881538405,83.83047407439336,0.18332264999897685,0.38023018446462686,0.3784006582902911,0.44455565084142445,0.40256771699616256,89.21966652602012,0.7758397250173019,0.03414693356607923,0.5668316871446444
112.01508125930101,99.66438357271983,89.66033808988573,93.94505693438074,109.16963915372686,0.3141982749044584,0.22504483520370436,0.10232459806710029,0.35885499251511777,0.21588527504593877,111.70155728612305,1.806724849952323,0.03449724074537677,0.5611107161319145
82.65416579026407,84.65922463732839,104.65048139962278,104.27886937868429,118.89848738141487,0.2000400406911672,0.4899302163096826,0.16969607696250044,0.11297389593975878,0.4797561580768466,110.48125144562633,1.9850013086142544,0.01936964546888242,0.6135580443656102
94.98197925021799,82.60310508710063,101.50149739398512,105.53387247047161,85.58411143144997,0.22240268882257377,0.2573680202482602,0.1323739615773687,0.2616260857813284,0.48888851630742014,96.39064832677803,0.7868427675371071,0.016479470245886283,0.4602085097003773
102.11447894140787,87.91068486633058,113.78920231524273,113.40645983135319,97.18516383993767,0.3776078871352305,0.28952993793327986,0.2229886584049412,0.2464175837124168,0.34449125998407937,82.72900648822456,0.4647915955957999,0.031120352019957345,0.011758798646941938
118.66972762051216,119.19095497798966,85.17004355790478,94.7085521932987,104.01285880186578,0.2017800250421239,0.16077901019808005,0.37849146957745927,0.44778791084753977,0.46061556336832543,91.20741309890711,1.9250551104968563,0.02741627420234475,0.5246938685932397
83.39351238325777,95.30622015256549,90.44688336066363,118.08200883866817,96.46343291325883,0.43656741275120414,0.31223987267996767,0.4155323876016336,0.4705422927069546,0.1093450358428537,86.61716595716393,0.5493640294331046,0.022146161521167954,0.48983806211598274
110.5068343419005,95.46821454048695,85.27248281675342,114.5260612064339,80.01667667612415,0.2648392870832768,0.18165019182807796,0.4987075141698093,0.4718264038532697,0.4208743804303947,118.35272948508727,1.6000616656383102,0.018729314478968858,0.48921556497482765
82.237634958978,94.57537623588173,107.47593022074946,93.66817181163103,82.652512704839,0.21835192205046627,0.4808409058180523,0.11170017602485771,0.17521588260703025,0.34674950169237057,112.7097705671845,0.31844858763435313,0.04437223433031907,0.22503886339131762
92.71360134936594,89.79923435960649,80.21679199272792,101.39207652721608,84.66583658976744,0.41720268482332334,0.45345234124622813,0.22020344428050354,0.2563218404278277,0.2819309607814986,83.13505885696841,0.6622389223227698,0.04935311836421998,0.07830834576320474
91.49985155186664,105.64759320889658,109.00462755291909,90.5382250742409,93.16774684260936,0.11078952741356596,0.4455877012208409,0.23517936615447266,0.1797113815021461,0.2636788252399812,100.53840116971026,0.705271794302438,0.024223269295308943,0.15148207175256678
89.87636952509861,118.27554401264769,87.62078907949612,87.32722414534705,97.80141183326128,0.3842253499596099,0.4483662317575243,0.18615058648624905,0.1690451868141583,0.4775131871281373,90.67545318302919,0.7701613060932665,0.03792523144392668,0.17296407403772643
87.57225436802277,86.26833825142432,83.83518150804342,105.60684992432998,104.48329019607584,0.3203572076654271,0.2463088075967694,0.17972778202564915,0.4980991288793756,0.3876737148366206,81.28471906028835,1.8587815806530452,0.04462188857315032,0.13888760606857709
106.00651567511865,110.93200032037585,93.05432051170303,116.73694934447687,109.32818444275024,0.1871541232708661,0.13650377793086116,0.17971293758729834,0.19909704156303124,0.1444342597046412,92.8920508355668,0.5567919911173458,0.011077471232618463,0.19562953215538156
112.18834354324747,108.83848655306845,94.33822581730247,91.3212995225054,96.90068278316056,0.19186054828549468,0.14671188197317236,0.25109268035462506,0.2944781036679368,0.28211398903236723,85.10341175255972,0.5538681871550659,0.046322595219847384,0.05495334348247001
83.88121442133433,98.05122006263788,81.72563932380959,80.15783840108779,117.25995757898771,0.43168402733962585,0.20159815453388458,0.4548375295553385,0.4632491274115209,0.48391988480145764,88.90928083919862,1.4604311392427165,0.02996595971479169,0.21546065723613764
107.57347442351572,102.47387788263876,93.64408157692232,102.82152058740297,115.66303105353327,0.17239329355395394,0.19830045849414854,0.34953291094296285,0.15635665328203557,0.1342485321345698,93.06161847714077,1.916554937249645,0.0322699704160936,0.798308181511465
106.0952053577546,104.09927991814017,98.40818011886712,93.82788122603432,107.94188455686847,0.1294788848125791,0.3424598538664996,0.4218712568039946,0.20355426506367547,0.47341355485031544,96.35561800591347,0.9312476272552198,0.031594932785899976,0.40910497875607627
119.23923764063257,96.9903077408236,95.68820816056802,97.1245388946017,97.02175872198886,0.4167742031596203,0.1309841621460285,0.26292125140992595,0.12720594641370353,0.46607766311739796,98.73769812773247,1.602975148265602,0.019717087736357948,0.27553828839780126
119.6249909347398,108.27113030037363,94.36737796842367,94.86009495306891,97.23187698976223,0.39712085778905815,0.3746180521418868,0.37308073864567937,0.21407300075829744,0.4734156620802835,100.80789085465557,0.3043128118847833,0.04128965763962849,0.5763897782454397
81.46848750321799,101.11265608085,112.45523806091059,106.42271172830043,87.93683387046167,0.469110663288158,0.3957955237496923,0.2875720828287172,0.11884629231628607,0.11132454005481428,94.80003057773251,1.69211150791237,0.03929353490142806,0.37556836468161886
109.1213696551348,108.7783442532812,90.50156862595989,104.9149862742774,104.43796132487745,0.15525373316954713,0.33830587747722307,0.41923975168187755,0.4793863041094476,0.17014483171045872,99.93398363836909,1.5159445769642335,0.01383169396073332,0.023598370214306198
113.59150495424726,85.44289247333765,87.79354018046091,99.4387801507122,81.76580595569229,0.21021115231846332,0.12164011482176602,0.4956188667523518,0.4123660316844292,0.29228565167601095,96.71433837674482,1.8190773907470592,0.03251166298006173,0.43791176892017525
96.62376790406826,111.52876167998893,85.94857575935993,98.397949477461,119.59076933529778,0.3302261421209782,0.3248697645332368,0.20174430125726014,0.17415627771736786,0.2187902866488528,118.57755910387816,1.3655449961920296,0.04828104806820363,0.24325325908431142
100.23680053699458,99.93295296488363,102.35174334896672,87.44017481330965,85.88655530743777,0.19886141991845996,0.32301123594574443,0.22328112233594277,0.3915779166462705,0.32717589314281426,82.70563482382141,1.8973391272808149,0.04484629773704837,0.4569471195622806
107.09418516460434,95.83067239623081,91.59626512861902,81.2556647967959,113.8420198871393,0.31290550616561896,0.4805175068356986,0.22896381415212852,0.3541079452959711,0.10002025081097146,103.43805361794197,0.9322504666158015,0.03503617485394979,0.1385744107179355
81.2931546337933,109.99932496333278,95.27954235994324,103.947512420186,89.9071200276065,0.39476945891090776,0.3010175716067045,0.1833539829137839,0.10060422257144688,0.38277758560150155,87.74588685522316,1.5319300282613117,0.017947733750442695,0.38603988571475156
86.21598664928293,101.3355200333979,107.82470779816575,87.81973179780586,97.45435789730257,0.3650802814202295,0.36616284659182685,0.27498192924818443,0.3557189303079795,0.3285339160424241,95.0175141301845,1.519737364369146,0.02388892520106809,0.1549121616497466
97.78619881165582,88.63916596317851,102.60197785008523,85.83742747126803,100.3899669327432,0.19555801784450746,0.30750721658737146,0.30583711784755807,0.4294491552933495,0.2733956090682944,101.85863239547656,0.7200637561986363,0.0160143227784409,0.23905232802711193
84.53726045463998,99.4216963542055,92.46396219502228,98.0898516832614,97.34997437772697,0.27443417430651085,0.4937617885099266,0.4577855491435733,0.19691439601749672,0.46411723786746684,110.39237789690753,1.8610141934164928,0.04287722459958394,0.5497317952030283
116.31732491274371,99.5974239982585,112.73995615507498,89.0260957164686,94.08331178537036,0.15518666253841312,0.44135642349600024,0.17332935069200694,0.2702413395593456,0.49356865250733584,119.10924447154704,1.6135593846080656,0.04114683325090051,0.18212220746590646
83.00357522532764,96.82991179285975,106.74799548299724,113.52668136437585,102.63659647196621,0.13881957462089214,0.4359151279872021,0.29789357981106385,0.14439654631004417,0.48099655164200117,99.74486652616147,1.766115621167986,0.04641433229342708,0.3337099003228221
105.60290678372314,87.09068310467792,81.48824152933757,111.66752580709264,86.68152829765145,0.3196925472556904,0.45225640876973416,0.4476427767947003,0.10585383317627915,0.20593628142633436,90.27916463884112,0.8845342513973173,0.012535821898837196,0.05851086593417341
83.6467814213101,117.50249283626381,118.54085456236706,104.65029166409978,95.14549090749173,0.234768631845261,0.31394561821660205,0.1287464039364323,0.25558675933187597,0.4258552494492387,111.66300872534705,1.7221958711172554,0.04858853926597969,0.5497297973323295
113.32958163856208,88.18879837341649,97.17569309718728,94.28069196002407,116.50799962966727,0.16927644600290664,0.3805105898305531,0.2841317637549095,0.12828204755859393,0.1709496262515819,88.86289799389493,0.8012088061020348,0.048657093463291716,0.4311545498392385
116.79109661449095,106.03543705294666,84.42960561090767,99.28771158633211,89.81313464896226,0.15641229269354184,0.3478871385275013,0.1349297595531287,0.4292187123109972,0.4226636523747588,100.31362688871074,1.937701837500785,0.036976391742014496,0.6510323458585625
115.39662652737928,85.53611196064807,82.1724110344283,108.17716134200313,98.13144299872611,0.13202479884831297,0.45527887909207343,0.4836643302704795,0.11738723927249804,0.4801318272547327,113.86845190598251,0.2919074886401736,0.04526992998560034,0.4280603603883112
113.53459550412339,82.98518524677247,112.0430453043137,81.49339011376634,81.12280047655828,0.21178486775587435,0.36590477632127627,0.1699262984947867,0.4269823398418413,0.4367653366241696,96.15194035843076,1.333578207866699,0.027537514927305662,0.7953710069071978
98.4526300692412,88.85165158722607,103.74874828026122,81.03267976845882,81.41558169451915,0.4913365620785981,0.49701338486833313,0.13034308311041123,0.3631854405112298,0.20921847086091697,102.27911066533899,0.4464191448566278,0.022536172040222915,0.19290550253485286
109.08593984687762,88.40660649969246,106.25668494642935,109.99688646003034,82.3732466289987,0.15023111425245808,0.15951816748603923,0.4745748955713621,0.37345969533813805,0.12018438038761646,84.7820007629498,1.507783053323689,0.01617473824019338,0.5936851858075236
110.79015817856957,90.73684871845144,95.58183832798993,83.46556769181267,113.54519933459412,0.4936920312584371,0.4231248945442859,0.22367172226029003,0.28834667744228026,0.3906303916808169,82.23871093891711,0.8864545314295665,0.011263178796590152,0.3458613236475949
102.42915145303056,100.18661111388688,118.74219243611023,93.38023039762683,115.63117145906784,0.37041283433577854,0.2852323595256943,0.3049559602796268,0.11728307216657302,0.30025329779477944,119.4512988293288,1.77362103849917,0.011679894108989482,0.3007716140911654
108.78751524258416,117.14112543408956,116.31208211049838,119.64119220104278,85.26707008148631,0.23609875668961458,0.21402048018998254,0.20784896990727442,0.3595787589425794,0.2717030482885274,87.15582768431774,1.7772293940843789,0.03766266830416384,0.5852234601375073
111.8406556836638,112.17977419790013,105.77494112713947,91.15443832952808,118.6059308651326,0.27032096337116984,0.1636747965405915,0.48474542729744685,0.18957048098022056,0.26244368264031387,93.42196147820994,0.8941572786317808,0.023462986620411644,0.7644456302557172
88.17688551560838,99.98301513433756,100.85948451276745,86.47317379344156,108.90115289332964,0.1760819056718956,0.3812571409556592,0.2744514985843417,0.26545997560724066,0.45003795415562686,100.18739548696735,1.6674681096826738,0.012162466982290154,0.6044614873289098
83.55468656720959,107.72391115386844,113.94461985162548,93.97585700329599,108.376832343968,0.4037919399173814,0.3079500211556724,0.2874361616164548,0.4839605591188223,0.48258486587649474,94.97886432789635,1.441989535029075,0.014488092383446175,0.2640981988557158
86.27096032591399,113.83796005811514,118.08126794212899,86.10774773999108,107.67437895889329,0.38190834716395505,0.4040591705945732,0.45963716326152637,0.4857235023482951,0.13290990650832935,83.89356240096674,0.9964921251439967,0.03661135059856399,0.407913320495846
100.23324386226103,101.25997327329515,108.25958874402752,99.54961997345748,104.01305568070867,0.4989355329882327,0.3812088859877595,0.3370979416766511,0.2652668501307591,0.234555957474415,87.87656495593212,0.8506637769191542,0.04754720861208566,0.1737119840211282
89.23604077645508,95.14026385954521,114.60961400286008,84.39610046593542,103.9030104373456,0.42168408340959096,0.361774022618645,0.18028206752859763,0.3439644148536024,0.15646644068858617,99.73790671613237,0.6180336300711364,0.026319127692716396,0.49619104849366524
87.3714824893956,113.86158391693488,103.16175815414199,96.12195130681084,89.99298694607272,0.2987499306024515,0.33338305513385935,0.354273628297613,0.15810487588937408,0.13823941146030816,97.55206303248357,0.36061479249889095,0.041106302699779954,0.3220696804260057
97.47378796758538,118.3044930368697,100.36837158974483,98.77958126799442,109.85095254001237,0.20348326639014314,0.3428119328618454,0.47267312558836916,0.4116494123601414,0.39828421006897097,111.92775375102316,1.1553788950544865,0.048943272404563226,0.18250646949203864
95.16188283327627,97.09695799523176,93.47790926286476,86.03679021317565,108.55236856810603,0.23209293782308638,0.14468295191006342,0.4567757624481008,0.3003414020066515,0.1402043384817008,92.47151829013181,1.195070939882143,0.03833197195577137,0.01687416336070573
114.92123655534495,116.22370596971062,115.23211752151119,98.0713520975197,91.36264768812785,0.3139874920468717,0.37016409706610254,0.2279600118409354,0.10369957267345434,0.3486427848591048,117.61260480907205,1.0270326523055977,0.03892025733338335,0.7402594471572721
105.51694998403293,118.18819647624127,109.0820259267442,99.79394246360627,107.55234298053793,0.116038207371794,0.2731173163484749,0.42991009125073887,0.4995390529369921,0.248121165593667,91.31241428600688,1.9135450644985168,0.0346360317672688,0.06305666602760054
110.90151649817588,116.77077045312282,110.52863015888616,97.32762222543622,90.94426073861936,0.10805077060007884,0.2971612407755089,0.2105101589727969,0.45711000543567704,0.38460126013107765,93.25194631085219,0.27395770521054275,0.04910706058753729,0.2634475300353616
99.99526658918364,93.12711778421887,117.71058370751257,100.31863373799848,98.88225343856033,0.261729307522381,0.40481129236726787,0.236482347569173,0.308705434045516,0.4691141119196681,117.97253316998668,1.7380336799590297,0.021992241374227093,0.1523629370305594
93.92784872619451,105.576279611664,100.80205114483792,85.16195691593026,114.76831243321979,0.1800629064948118,0.22522320076268243,0.4542373650107838,0.2847513441241647,0.22715553146943154,113.61933510645873,1.651437532307885,0.04131953803842872,0.39530182089326743
94.36051328575194,97.30313719832617,88.22668226654316,102.13592830471556,108.08220249714331,0.11491946807357621,0.2675812150347604,0.30024044454752363,0.26253314692843494,0.21098369350822355,92.67871863533206,1.5778166899445332,0.026603122488485183,0.1559558763237818
115.24661282503757,82.06430659889051,118.93327638797513,108.15270968081427,91.3719473764607,0.24765206942154647,0.35697791942148793,0.45651188798520104,0.3598703290310008,0.3584649743895064,95.81138764404676,1.1686017966661266,0.016216785683623832,0.5889688291228791
88.17899020055864,91.84351674618392,115.0290300666577,91.65560692783802,98.51284538228943,0.4267499447923512,0.16605711109330656,0.2204390517832554,0.12023639318994839,0.23985511874929624,113.69041101276264,0.583121911863931,0.03957489498925887,0.17985557832431437
108.2295221696893,114.87959454895542,106.34284649384416,110.12436786137691,86.93307185183822,0.4995295129066023,0.23172495814623037,0.4439091984103628,0.13431108557217297,0.2838849453343998,83.44357736855366,1.7600388953535167,0.043176076588446,0.14836533506242616
115.09631310764556,91.02876734472443,85.13512656226062,119.04977161362677,88.06559701816644,0.24058514615265467,0.18063314529256624,0.2490025028227456,0.3605112445655788,0.29612322995563717,91.78705244228402,1.553040645485778,0.04454396477780359,0.173508174234539
85.46607880311906,105.04083600407147,92.7545259798438,85.33396820721973,104.04484468863504,0.4377336124833847,0.461978642739335,0.2927571324677779,0.4926905256604479,0.1288083054146336,101.26224391450162,1.7074371251658498,0.0468751397979033,0.23805065005638637
110.35940908888942,111.72793496828626,86.2205040404909,102.27468271759768,112.54713482725842,0.21053568853449925,0.26668450816343037,0.33308060414333096,0.31837189652528425,0.32719070551282947,113.15616707569197,0.6626282532279887,0.039796463729266804,0.5134651088107008
86.44348045696741,88.307290070827,80.0964558972671,100.98536625581153,87.78726787447803,0.4585002890434525,0.2110260767813224,0.4267414982354515,0.3232002216510637,0.2961961931690765,102.5846669607949,1.2201562379318882,0.031104742205628054,0.1677027054207465
108.96970302907596,118.48855422470423,88.35021955996281,105.96388047054131,88.47337845834045,0.21976537025018766,0.22162752110400114,0.25539194857795483,0.4054041952398766,0.2906931550369084,99.59115388989528,0.9779286681713548,0.04754781705598021,0.5574802307391398
80.72027435918815,110.3421677685834,97.3601870660357,117.87147446058611,101.37143528573623,0.1615334741025,0.40394527093711996,0.3653519951663474,0.47969550736046684,0.3117656406478173,118.48470274612657,1.3694250116668987,0.018382627046072405,0.34413670752978676
86.29931475902735,97.99097767189112,88.11567179224066,115.12117090746298,107.636127235501,0.36176885698312167,0.29173210910448455,0.3723120833111858,0.27444682528007336,0.15514259149432977,84.65641576603699,1.5670634636879472,0.01309239053697652,0.15760686245885103
93.64955218618815,101.11281291228562,106.77920752852114,111.31430866581701,83.20588839482167,0.49467329451965236,0.38814548111834213,0.3434503300919406,0.29256830007420775,0.38457160087546616,111.20263702727888,0.5540018947787275,0.0272650288150346,0.19203561196083285
80.90075367980987,84.57810788679559,95.79985240690252,98.66826440328367,85.45846520855393,0.1507099688540724,0.23044535925667767,0.14987974030515436,0.15041003843928166,0.10853901795088033,85.08139430101308,0.5545669062011649,0.03328874350181687,0.4218670529620428
96.4461255159842,97.66491145447321,84.36359854709947,116.66639840782936,103.9658371035083,0.4023573660566202,0.1909234498500717,0.4328030876278749,0.46177380566549286,0.16742642386075707,109.31309758815728,0.32631203289285315,0.03719957539863326,0.30290310708818047
95.54142121825129,100.27628733888827,92.56789945875227,114.17324126578373,103.00060166274015,0.3835456169343764,0.2841222913960244,0.4675844629624204,0.293766877520661,0.2515495545771108,101.72358474250886,0.5250738170794821,0.042616878739163894,0.4109786725282641
99.79583257574174,116.4354161238239,113.51918792936272,112.51207565703398,89.02436816927377,0.21782604761206403,0.461448576091263,0.19047172136341128,0.4310859166437947,0.17767497903117505,90.58584843082309,0.6703031518519205,0.011070265798262601,0.650063671320503
86.12492445873427,107.6038607885099,98.74569025365584,107.34850851827375,110.42508928444465,0.3573587417013966,0.2804262558896785,0.14184347000667175,0.15037320172682095,0.21260365996626787,101.73348348967023,0.3769075134240492,0.04208185364042968,0.036665101681748524
91.81254029379004,91.38601732491234,99.63326265032734,90.9419725410599,106.69181104064798,0.4066606739816281,0.39157600090626077,0.18204810056294696,0.2904808778267599,0.13879478507079812,115.17664348211835,0.8724591710839601,0.034005147179263034,0.31488850461135964
109.86921783522867,98.88155784212978,108.95199062394573,100.41750276283105,108.51486887868037,0.3863785144732811,0.4173208140069603,0.4574048000148109,0.4542983865560696,0.2351569228584024,98.88734688227103,1.4315410166797382,0.048117908017509814,0.33235423116669627
88.99872991182902,109.55372183732167,108.60496093828071,90.6642282819671,102.238839641607,0.20181353337600913,0.4586357498985475,0.15840278992780396,0.12373762867705068,0.22569719120990983,80.26314263451158,1.6378779735522633,0.023915896918815974,0.20073372763522476
114.21246671497607,89.98090587889756,109.43919136058705,118.15866868587548,114.6496767903026,0.40412001756586513,0.3776799168621854,0.49482211161074263,0.24381342844317425,0.21033892594275178,82.26422432265002,0.8551784600020255,0.03467913837874397,0.3535033623119439
96.06080330721105,104.28830931952554,119.67080537010816,102.73749645502875,84.60110409721466,0.2512830436979706,0.4129025045721817,0.18571998044845525,0.4790991936985811,0.305019733011878,105.30547909785166,0.39669357143401524,0.04066193625135739,0.45330647179189115
81.81723019115043,111.61258038976113,96.94513301607384,89.87251562516778,93.90688122643787,0.41325799830978793,0.43090472979356664,0.29152604693510004,0.3965485521610348,0.24587772957418436,107.1172624768301,1.5789015707772145,0.030655816830132562,0.46796656627782895
110.29491466185809,98.60989342535316,114.73997970103505,109.39702355110796,118.960566017817,0.4243712057092818,0.42956120344697224,0.32648232777536756,0.18725912634921493,0.48808927007214586,96.07099551050902,0.9345714546468544,0.016236302934782083,0.5358666568278623
115.54015067159374,90.18188847144037,106.36236931210213,80.82172138112576,119.64426897718393,0.47879194807009917,0.3479282178317347,0.49355240031240843,0.3011185185564927,0.250193749970413,89.71121548558733,0.6899982913446273,0.011991990880799172,0.06141509560542682
90.44024435210386,106.59180374494336,113.9661448479826,86.41858650911885,113.91517371241918,0.28420120630786516,0.11836280727420401,0.3196487392765448,0.366492976225279,0.14380798949225962,108.63866352942695,1.0737092070328584,0.014456026453566882,0.3680060407245428
80.4898266316329,97.67908552341629,98.88150490124553,94.96362853034944,103.45538985201999,0.20223902867846788,0.3884736439403257,0.4174360713435461,0.49434681973777816,0.20128947435630043,92.16644698159797,1.9472624831296752,0.0297961832939111,0.6060900517769184
116.59369394810528,93.07956457201156,103.17039548665697,115.09850102973292,110.91981580405513,0.43657578866583246,0.1688411860456666,0.152351358159457,0.3916814324702482,0.27834894857646164,82.96046343350545,0.9021197141339171,0.03558435094025169,0.36403625742100854
81.62933059221984,117.71163056510649,81.8658761703445,103.55033897497319,103.01414481260659,0.41756939933880044,0.21302591813375835,0.18527755083987946,0.31951949752922004,0.14612418986837233,96.38442158015012,1.929042880176739,0.03282084263264723,0.5251888281873115
111.45560922809264,85.93772207395911,87.17481568250815,110.08427730953443,85.98019009646501,0.21149968559659854,0.16649480458331545,0.2280189175089766,0.4061994823406193,0.1482969348831385,101.56554380634205,0.6930460294396377,0.03851664567369529,0.4723590920759444
98.77780508262558,109.26592360843728,106.04967715130725,88.4241674445238,92.15841034744342,0.3447475676685483,0.3339064281932905,0.3152522516669145,0.2936990413894246,0.3655442416753065,118.62515189330452,0.4347033300330752,0.011559785742978605,0.37177513542847224
118.75899612964164,97.94682480619535,81.77829905745523,88.7833959786533,93.69740358647351,0.44072426218230243,0.16481465533953638,0.42565252894863714,0.12459025773762078,0.2928497799370824,103.68886851334696,0.5250629052541866,0.015453628861163905,0.0631428361947683
119.97957617178344,92.10766189907675,81.05583395130179,100.51686310221343,83.34421539895908,0.3045862083563438,0.17903433264566504,0.135869242142615,0.12996439018478925,0.1148935940173152,88.33280584519603,1.6041180447238044,0.04044560435794359,0.5065799938456506
90.96270394782887,119.69532704375757,108.18554075720618,82.02666517131482,97.94746874367183,0.32943720964759304,0.16218984422184235,0.4234818997719765,0.4595810884133569,0.21696326408004651,113.28774339957553,1.1908229537855632,0.04124729473910232,0.42761040361928854
86.86550050515397,84.91778625608485,103.48261653395208,100.22623558560863,109.71466337262032,0.16578657199148344,0.2638447502480331,0.45262808051382375,0.2599276733364929,0.1433345184054492,91.6592796722016,1.2683639381703558,0.038091753372709314,0.004547659853602326
115.69224912927439,89.86727429726648,116.91967946621588,100.71967090216381,90.35339672740469,0.49386723710500235,0.29987018848770863,0.23694858847636469,0.457448315937682,0.4709613975490772,118.37112734299102,1.943489694491329,0.039817201730608355,0.16548535562271108
113.83143352410437,81.4211967211609,102.38037509891842,108.86486140119867,91.19910748624574,0.29872178660346244,0.22268655751736316,0.2930535278248627,0.18771278046807485,0.29129523917557254,93.0124906669759,1.1334653984081884,0.0485376034600932,0.049119660795587806
114.53967670252871,89.61138253431939,113.59497130926957,83.14179855329829,86.39710367473725,0.19177244227044185,0.3488811044314044,0.403955672427872,0.487771115310222,0.43702818772175356,116.38071821830542,0.4547865556528855,0.04776874695012123,0.4561874081032044
95.23938335607633,114.16222051192717,85.7834146050713,115.01752959176966,89.18926106451175,0.13445393792262147,0.18460915197666355,0.3126767431514822,0.2030363976755996,0.10574608283332024,115.15815872703664,1.507401660129986,0.03577927362602723,0.012118360895217962
98.10033594378115,94.10937617041351,84.72504906458094,117.7723895807656,97.52713163008855,0.4019163799644082,0.24310880303502833,0.12644001296794474,0.30353456660905453,0.4908834852593562,114.55970990198824,0.6137398871218752,0.02277338314950289,0.6739367608649351
107.61325045424778,103.01070706656125,100.0686366740883,104.66310494227396,115.93369224809716,0.3714154505691044,0.16350644529707148,0.30571823437187895,0.4606889819573943,0.12169746678083536,81.57541121436988,1.2676915259042325,0.010564395635037208,0.7579631992025463
107.97249502776438,101.29920317820884,105.80743842663905,104.25577122036086,97.32484829945253,0.3551572803059747,0.3885091959123591,0.3816046797258037,0.16006816741883392,0.4629114126861046,113.99479873791162,1.7451628395584913,0.035264324836355304,0.7804631962832569
104.99056040521802,97.74279200656655,110.30457511487649,118.75649934089142,118.39461429988917,0.22890853308522907,0.12069680935640204,0.13328837379301947,0.28303095271987944,0.11599280083161885,108.85200475806867,1.0848918820070466,0.02725215387348271,0.18126756845103148
112.82943145699922,104.0703558823794,109.97327952282961,87.12193181030217,99.1607382925569,0.4118210071073054,0.44632940238812724,0.10534927000852196,0.4240054013308975,0.49248258763975916,93.37193105598064,0.7999989265777909,0.01588109807192845,0.3961126843357747
90.29219059965457,80.13979924437389,118.66950298688303,114.55394247407365,100.54794473879707,0.11214726444229979,0.38998689784784657,0.4996376315190548,0.4188474345175818,0.30214280121405507,99.6039370622291,1.2572065276123259,0.01861030992018375,0.7129350198914179
90.16609152476028,107.71900840796947,97.3920433819971,112.13398133690798,119.98072440723797,0.45392918882924993,0.38317296996101435,0.21698066018415854,0.18972791283090792,0.3050177570818482,105.59660160708833,0.47216475974369954,0.04746117263639951,0.5498680188265647
93.9633042995948,89.7761217391219,90.69529955179033,83.73384982722688,95.76184786000621,0.24919620960864416,0.2317871963232007,0.17116992669075395,0.4381144012686792,0.3820058002579507,117.74147913023428,0.7882370984860778,0.012648901626240498,0.2389968442935614
80.69700210867637,84.57582229605103,90.86782989090682,86.39451103637923,109.28636398002901,0.2325285878634974,0.19506683263407473,0.15125516520345436,0.14500518186894118,0.3501912740868359,111.20337950946946,1.1322498770056593,0.04149883102451466,0.6671615071563024
84.22419163471601,114.63976420098098,88.84458014843811,84.34362467886271,80.40426577725034,0.14352687122677016,0.4840850495907869,0.21165404064482674,0.11032194423273266,0.442131889537274,97.14002969180699,0.6947645363371685,0.04608197324584302,0.4591489519047019
108.60820017288586,90.26466983754167,100.379944205511,84.46464186688623,119.41183692944998,0.2470349583401201,0.23718635318998388,0.14744824472655332,0.3641688232875634,0.2435173486357734,105.81682825738305,0.31870171266407654,0.037533900987131344,0.5839876245836888
85.0153895627982,96.47703706567512,114.06598009337864,89.79547793921627,90.67887141384693,0.42919781182668915,0.35224732145205173,0.45196494103758655,0.3490244631952305,0.41171129188789946,87.43483501775219,1.2739967139882524,0.012453665652624055,0.7755275413225986
112.33998063562932,90.93358628768051,80.11485244379251,97.116548819598,80.501408387139,0.3786157139618901,0.2850369698562665,0.37546959678422054,0.3654468070233373,0.10268144797044979,96.95769582931595,0.9521828884197436,0.04383411691268841,0.7980074784830176
116.39169135317468,105.67252896716883,103.3205706488497,88.06358043449453,107.99784741714545,0.3794551754911407,0.20486380072913835,0.31672912880001236,0.14453295536434196,0.10920900062893604,111.65205333209933,0.933567954010952,0.03613155764243648,0.40385741028903643
107.09018574713383,82.4185429570146,115.2338612324229,103.17653451719222,111.69867524154441,0.10604788351022809,0.16327780494917438,0.10795700264406066,0.1529589683404074,0.3236694421435897,104.26358857983166,1.9944223928214562,0.02108131597487552,0.12529001530267012
90.51656288515377,84.88191199013816,108.09798292747138,111.75530745020649,95.44134134477166,0.26010913262919844,0.4922992490362613,0.4234777440868809,0.1587103017954522,0.2667157573844222,111.32996590684762,0.44562205580217995,0.03518621531424054,0.4956473620004458
80.94769101265246,112.73016098615457,88.24375625321763,93.56127767589953,105.12924031108521,0.2723883186253283,0.2448467115805143,0.2982359122702145,0.36794981817818606,0.35635588626386117,100.39266941888891,0.5198073661608671,0.015461711398727158,0.5150827988038204
83.99818876845211,82.87983064553853,81.02815086301096,116.66559440957822,92.45530977074623,0.24283966565342135,0.3820182492594091,0.21579415946537306,0.43418713769055206,0.48574881730561026,95.20573737179319,1.7834581805977991,0.03830590211852646,0.45771591381209514
106.42635260468528,119.56940996070969,106.77803174247774,101.00379183424721,100.83679734068954,0.21789466177955807,0.41387542110817255,0.42537032154309096,0.2963053498139516,0.13509892466121767,109.70161512351785,0.47795790334458377,0.04611982472634546,0.33763908043113156
95.07668593822207,103.99118623820341,118.35165558182817,111.5217613479324,96.9690646813295,0.4144727560397137,0.2629912952930079,0.18322851020070086,0.3506600930243118,0.27477524227230565,83.75019433919842,1.8558399561419552,0.030867250584734975,0.46524819202130624
93.29779316130133,115.34126118492486,85.43143302506375,113.98341027857208,90.2030704536933,0.13502897947207285,0.4934698516266828,0.19786474809765814,0.30438602219185823,0.3669153046924095,119.14427336918715,1.4259315072473655,0.04808423804176791,0.42723224262028103
108.62516943103671,112.2488232309932,99.07986069053891,87.69135904569097,113.79070973849502,0.14603574575947664,0.39576403754430356,0.35931553193565025,0.29750115892272067,0.3113319966674724,117.93495096016136,1.1742850836167602,0.027523798712817127,0.7557541033788696
94.70033380213259,92.82721041930077,100.40064729413758,97.40344964415671,107.32208868154896,0.48191801097613096,0.4643591349075856,0.14479332954851493,0.2475008212267602,0.30670857270784746,115.21474424811457,0.7372011926765747,0.044302681271258186,0.6700803461549026
85.48791233490661,97.42758616191492,115.66807244900815,81.44250837758902,98.29353332613306,0.4679903383607126,0.4266253317816183,0.2545930811977657,0.45448416220425825,0.25126311825284936,115.37112395398583,0.8790785936248426,0.04094593663509095,0.3149512967801631
106.4212786554084,115.50844348167942,103.75144907732704,112.97937084957314,88.90764075837146,0.2084771743217238,0.34395705062303983,0.24236070192592135,0.3489630239690342,0.2638736300180898,100.44224482005703,1.6954204973485028,0.01353718057373126,0.45669323304453435
94.11237744911438,117.68529095712171,115.43900452370745,102.31811930754819,99.01953351179381,0.4183076558507528,0.4817243893495653,0.2081236715485716,0.3040040336977126,0.3897729741210355,99.91782881815487,0.3506329594408788,0.04650610311731016,0.4528423189402118
98.04269565817833,82.35158646268064,115.69508415826267,112.72598033661342,98.25004578911468,0.16340763808285988,0.4183624592309474,0.3331887846581709,0.1598962095648326,0.44729183472163503,112.80328685933014,1.5949600622609446,0.04641710615366453,0.40857454665693677
91.17759890877893,93.71682425706122,84.92642343491558,108.8715896522289,102.26679426219431,0.27068050381032377,0.17064773836985953,0.17815854573546017,0.41420255990653,0.47428646423399135,91.33026048803222,1.6986861993748807,0.024056634635828016,0.04645243805293769
89.3641369129958,104.92022288310758,119.16920857019899,84.89580541904716,98.33940042501311,0.25129996890165973,0.13153123012289314,0.14032923178154297,0.36179140367754037,0.24830068423587026,113.99655117623941,1.4854420905463939,0.04173755526701048,0.5700755969360499
99.76635283688506,86.6718885529521,101.2632084398926,104.2390903419236,86.29378155273982,0.2704525989383174,0.23481895125937557,0.28621542639583125,0.3574197811520259,0.3164556655619144,88.03520847615135,0.3453831632953094,0.018985497799417085,0.585016487423979
86.18895596035506,114.25394862535023,92.4554974668018,105.21333548314524,105.07092302700856,0.16569656966059104,0.2965154607775216,0.2842452236425366,0.3182948992214564,0.14426801241615356,115.16429084311724,1.5496461106381796,0.011215723436318572,0.3873478531077334
113.5668350233054,109.59578524926094,113.62305733753112,105.00859158602663,97.97828642055975,0.1614108492170941,0.3120976712431788,0.21017401701985336,0.3516126754845388,0.2491005530716641,101.64340879142608,1.5155368234357818,0.018317485244668003,0.7212583731036336
95.74266085252299,95.16119066645743,96.73572391636631,85.1723700861508,96.95833484012668,0.18829389906617433,0.3625579153309314,0.2575630678570058,0.16304498820388985,0.42352359170811604,113.72844110633615,0.2729142830576129,0.029359513565748813,0.7871377340850558
95.57779628810485,81.38286653272925,91.00523021305361,110.07627898960868,103.117822856385,0.2727034847762458,0.46602813588905745,0.177360371406161,0.4505400938425893,0.4263639882796276,99.72571134275967,1.811495889253811,0.012310700139347661,0.6503302393659496
112.2466998702412,101.70752177523059,114.1633506190107,111.84268398406867,83.93138280568988,0.14156632963529237,0.312672526260127,0.3614731440585788,0.298192877890902,0.2561052336743743,104.3372874424604,0.4813426943217587,0.016400247324456163,0.742290450426052
119.08025472063969,80.58989787605316,103.87352151718474,111.70046037267049,93.27576559403613,0.4775368509454815,0.38032834389688785,0.4863479510257964,0.4384921243412766,0.4268525592864624,117.07144520696303,1.9313688010385839,0.04801751973526334,0.3900021429246489
103.94279169188631,94.48490123389793,82.42459900030008,80.33846076357324,83.79448120444754,0.3902529161200039,0.3584316968581067,0.4547448364449448,0.3453639090652253,0.13011536037007665,96.72849009232397,0.3738485169148323,0.029753636446666454,0.7313930300220295
83.93638376480187,104.43559109575,101.03460923850054,98.21853200692568,107.6768590240967,0.3330254075973206,0.1411340606347099,0.47972042804897064,0.35866759044051455,0.3222585133653427,88.81145552162586,0.6665865004979152,0.042924021191258564,0.7480214424183145
80.67304548049793,90.83933925662924,111.09570925150511,116.39908426068473,97.53346384950326,0.1791284530932351,0.30630681994991216,0.2370124015317369,0.37015446720345635,0.3417639189837429,83.63921353853554,1.4579238348093921,0.018264909969703598,0.49885368216206516
83.25935920553866,111.94914956913952,115.40681733090935,96.54641082774879,89.73421015681109,0.29972283600282346,0.20109640057774036,0.3102972521604486,0.28467875429808986,0.4405063509849303,103.59916254624862,0.4901723003345566,0.013540867723631105,0.12057690029200839
81.75886672891781,103.64331287579424,116.39477962249997,107.11552102081302,92.68994391578937,0.457734936545114,0.4036996616433638,0.22785598264492438,0.11523580416726148,0.47013438369755145,104.44340481360048,0.5736932247165769,0.04122192224042885,0.12184613978446697
105.71553297159868,113.28273629792102,99.03320237397831,112.78993959991354,95.67638706665417,0.4968049006634677,0.1508083049290032,0.37424640951328103,0.27005861419588817,0.1594081619356318,104.82820437364649,0.26955037639985113,0.02395335314395477,0.3778446728494772
93.94022714383082,103.31954503514217,98.58745670777925,119.08447681844333,100.65557694112698,0.4992405243862268,0.47329154178470967,0.49304355051308546,0.15755850174805805,0.29676981012919784,81.48664483032421,1.696340132655747,0.028392177414300897,0.5884644060848675
95.40688115664086,95.79734172514145,101.91759802452466,94.19648152032781,108.91626407859744,0.45830966532854567,0.3700633783116163,0.2738407213166335,0.30667769635183106,0.1154406418804225,81.09661947621592,0.3158302762761255,0.04968516101822294,0.40111536686385896
95.22651710806564,95.36577546100972,104.67892997507218,82.4338749078404,106.21419672460584,0.3446068707257169,0.4438862066801048,0.10111745061651277,0.16398587105908963,0.30719604880212864,115.81668080211708,1.3570027775231168,0.02266122303696892,0.6398798579153449
100.19888868634749,98.12104457146566,108.77011962831806,110.33023128019444,113.85043453649837,0.3243857304083463,0.23734093806657042,0.11117379199781632,0.39744003821993557,0.1971700472980572,107.8200793290146,1.2690378244006002,0.028925831691466293,0.6158307449737088
94.9921248326979,93.08150769013524,108.57368405978079,103.27219436561784,105.27206185407266,0.3578309207603205,0.32365869643105893,0.27233523298397017,0.336115801311346,0.3780154975882648,84.53268831946554,1.144670455969138,0.035392453268710475,0.16288649776785596
102.22091628423341,110.90772092815418,87.60163553968613,102.22848530965587,86.32407155774519,0.32889772717838484,0.3230101728410729,0.27443109874283467,0.2720138089888461,0.29638639401176553,82.98547174965051,0.9065260184605934,0.013562751229124231,0.10621157887746496
96.29007757163967,106.559752936643,99.72286433256681,95.18366146688726,115.39880005662425,0.2808311648624159,0.2756098337228057,0.18414802848416542,0.38993516842222764,0.15318098756380177,86.47428056365726,0.774234487796967,0.03865728412058417,0.5646676245813239
110.91302857989913,101.051631400015,118.00212622701952,96.97461157739976,111.52291710352424,0.46348416906732925,0.34993848430886343,0.11956027164930992,0.36359947989930164,0.2446057046023269,112.27675920243627,1.92465816833194,0.028069240811001428,0.25630436053755323
86.71744959205671,91.43169908442388,93.52342325335819,84.23283010818093,100.07219260304271,0.4719059377522582,0.4744301945958832,0.4383713527411386,0.32713956078958084,0.4676710765220845,108.9234411097444,1.6243769819468317,0.017000579101349098,0.7451175153217882
87.69040536505983,105.36743557798634,87.60369438292074,84.94025029357101,118.76346910395698,0.3599232756291435,0.4500516221884442,0.16402127970845695,0.4616721253724815,0.364636277826187,105.5461275596575,1.8647820476653219,0.02722167438801809,0.6948061971191359
106.32961223244425,117.45803658833954,99.59551167972927,81.33609852253497,102.97484681725776,0.22130956925548922,0.49912541087236006,0.3747535869417893,0.4633664232082916,0.10223420839080699,105.63163148427765,1.5343214173290771,0.028426713904060534,0.36099044142491404
102.33315547342833,80.59902423746377,114.44968177607326,104.79882722465699,109.78764677504584,0.32093536381967436,0.3850130494290812,0.10549475564748456,0.40502369004913985,0.36057927726705874,114.35495466326972,1.7007656120790309,0.03562947899633286,0.46440465956568355
99.75684424630059,104.73609751633052,90.29879572914096,118.9503107107459,96.02880030190661,0.20990386143707856,0.37557797853909947,0.15236041559877755,0.42961487950752264,0.44649004690340166,93.33834953452514,1.9373069882706484,0.04748535265546136,0.6776831550556568
86.49306485350516,82.23661673498509,105.44687732341484,119.33519404705822,115.83177987385127,0.2941907721113989,0.3029768671793286,0.2608217443465406,0.23813359408151996,0.4491593115413791,92.88920083121536,1.0438779740732285,0.04060262355448035,0.6970953569703461
108.08418269945655,119.62391715971444,108.91313048168426,93.57004493605584,104.04872532240692,0.22194927031501585,0.2611400047417567,0.21996651857780494,0.36268510431709056,0.4256873324446331,97.01707318687781,1.8370684784871258,0.02529800161641419,0.44557946593190584
83.19066569942247,88.86729960890163,96.7016094371397,88.0727397425218,118.14004059312683,0.16573433077765654,0.2018970063580927,0.14164308341149767,0.16407358281075685,0.2627526497822861,119.58704048371254,0.3253797847074885,0.04878592861102904,0.7775305225957315
119.82390106978598,94.83743680486661,108.36915944308794,96.31082922652962,85.58036817544826,0.41035051588365556,0.3166471739875659,0.12131051115486535,0.35003469987359137,0.418121667555328,102.19595770410008,0.43877623668036136,0.04163324689293188,0.416774926590596
93.47707390808435,89.33486794862652,93.12312881629678,88.60086753590866,84.49380476232986,0.2573871206306252,0.1980050405488666,0.40557509127883506,0.1095624955843702,0.4262364097662935,101.87604540187519,1.1081550865043701,0.011118072242904864,0.032886128933060914
88.69713717449652,116.23028127319371,83.40886703106115,92.99026575020937,101.13799578010541,0.42170383261767996,0.4551943722776831,0.13579197624944986,0.14310339276184997,0.44910112957085746,112.38375145603753,1.044453188424004,0.014663456556803792,0.4501561332257595
94.18050624713428,100.70428380075549,81.73680240937416,105.94278533457512,102.53915206224241,0.29010510686487956,0.256935402964346,0.3293174260521463,0.12343322806257602,0.3574864679584323,87.12257997654376,1.0168728900686335,0.018720446481791345,0.6216055200197578
107.23865063418766,102.69031263308948,97.51614329702653,94.0056616917633,89.05740760399105,0.4780332614357592,0.37028795766682077,0.28581404492367346,0.4843523954445955,0.3754065655613654,96.21604032734095,1.1900853906069289,0.013340143320274635,0.7879481224005467
100.00270907226451,81.04209809510027,93.12963312397304,107.11489174258118,84.34868158745437,0.1227841742840266,0.3680186127252526,0.12387834510117704,0.2228919531159872,0.346273392161087,105.65449624768951,1.1921523874682227,0.029417088768679267,0.08429486219525871
82.51564969278114,106.08714421165462,95.910988845694,112.07300146197525,117.49245215885296,0.18624640647474539,0.11527567383771964,0.3471814755119548,0.21434291315320442,0.3131856897356793,119.52067073681373,1.7734882920295982,0.023628721687686656,0.3524297573576348
118.28161814930309,97.02371415576717,90.5730889710013,104.34454954969912,105.12771703712946,0.20445823156184845,0.37457153877152494,0.45828055646388166,0.13462592111825677,0.4145274741819035,86.17878386792316,0.8553474221876767,0.048917018549254336,0.46931990146776326
104.89379744303587,92.87114454875524,82.55006945669211,88.40019355302395,86.17677712088935,0.16243802204813962,0.23176391487172446,0.24294611832998272,0.18252399560730437,0.130093736345215,98.08107120907049,0.803421672463726,0.028909443890046918,0.7051708762373984
84.95601383133241,117.05133284286292,80.55390583895871,104.07430956945286,117.89895182960547,0.4073945921051252,0.4174510157093102,0.4987333161512095,0.4738416995981308,0.273856969353929,116.22327208419559,1.478316668766687,0.018486194407029363,0.5727119876160669
94.40212509976512,101.0839235668985,107.83134653900639,92.68678778632955,99.10607950828997,0.15335520581670933,0.10428000320781008,0.3126070153988601,0.44422656433313923,0.20716149583220816,109.02124273581789,1.3848346409051155,0.04882923376964711,0.1849970136958989
112.68411401331008,109.81422661121054,112.33797645971363,119.49360654510625,94.81309899744716,0.17957654719522767,0.27558134870832895,0.45741312038089377,0.28066953270817785,0.38908516239908575,104.55120948779651,1.702232222040831,0.03055527165696271,0.6875113472998939
109.88365051743092,104.11138268407932,106.66419068884785,109.59495619331739,109.98925267785259,0.28501048406987733,0.2491835525771777,0.276364821798457,0.4073602130693518,0.40176242235120385,90.28433452065397,0.7912367221532961,0.012922390853466408,0.5313946303658352
115.42980597179279,93.97286700944221,106.13925424447643,91.21161726387423,103.78274820467901,0.27270327144616013,0.20704697017146623,0.1556508156334981,0.10054787775009269,0.1453030332293159,87.48842936768374,0.2611898784439518,0.013234984840740975,0.7161255332664647
110.04700560687712,111.64004344646561,96.8049801195649,100.3488089280544,93.35399404680692,0.16586210607675922,0.3759751163924355,0.42716635077150233,0.3947782664924836,0.3892931068809421,94.96849174126538,1.9021114471503557,0.03701170727773512,0.6674991001674109
86.76145386158522,90.42069620770128,116.48548019599298,92.35878169637263,118.99037334182441,0.4977282458896476,0.4850390957283962,0.20753887805169466,0.1580402998193427,0.1613192951742753,90.20431625434632,0.32739443904238896,0.029791835561100606,0.10340998599372782
89.65912340861527,108.9228434992418,102.95613174287342,107.87480198099195,105.75831786436724,0.4582426682845131,0.1409387391823137,0.23605766755256818,0.312138611368429,0.34538020147327503,112.3390359543872,1.4400226508808158,0.03496923257795583,0.7683765096280228
108.26994334390356,116.22188193741836,102.53877984249925,82.71395131615981,90.83301737787599,0.33829305512594987,0.41456308885596993,0.3286773054171068,0.4404186157325709,0.13385208962887393,108.82813711172768,0.8132059856251114,0.0439864003276886,0.3634371399946892
108.32875921635056,99.76298511902694,101.94207930478747,103.86321821521166,95.3051709193828,0.4435861814240576,0.33600126431080146,0.18917302634014022,0.4910972754791466,0.475893709491532,113.4079248353735,0.991182846934098,0.03725534443904829,0.7860420011458658
110.95582100351422,108.94139535586194,108.57197648772456,108.6124069613978,115.61432006616991,0.4382903286694846,0.4646384542453885,0.2528566884181226,0.1911219489798358,0.17316154466369277,86.84329242817998,1.7165573604662134,0.044471594321019145,0.1496057108700206
103.81571117773098,118.68288797987833,84.76770737562552,105.27835906375458,108.67706183743182,0.4495039874043669,0.4306525395604347,0.492375353333975,0.4393008405816389,0.3529463655705961,92.39877433478848,0.9842641035424198,0.03970753959820599,0.6346544366508012
99.08881643817438,91.52833545827745,102.00149810844397,94.58990721162812,116.36496284271266,0.15691270034862004,0.16593901534169214,0.28947981071855033,0.40711821245774626,0.1693101560711009,110.74205851898724,0.5026501741808723,0.03697599011975625,0.24391328060232045
94.2716965013302,87.02827970808517,103.05556560661812,95.83970365521478,83.83592579203363,0.46620700317154107,0.37351629219474236,0.2249236361785678,0.45430383686422016,0.33945214727237627,86.54193666244532,1.5702613986369323,0.01538794965422612,0.03584424267604804
102.59369403991633,101.51385644662805,86.92788346532781,103.90552675839372,102.69435895429956,0.3932633928100506,0.2541768825022231,0.257420215725331,0.10504702819258815,0.3151608091020037,85.8242022848887,0.2853701548550694,0.02931310451499753,0.7952323401672392
110.94450492166364,94.46279719370537,89.95038094654558,118.04879547883102,102.44870091131153,0.4043187223335467,0.4875298054346415,0.456890734683295,0.134796436541102,0.49220804814272345,95.32235522151123,0.7307827297593167,0.02732370770668696,0.24282825634961203
81.08559835536721,112.82846736446973,87.87032243675763,111.44145270583374,108.20649708623858,0.15979227560034023,0.11644571935683322,0.3995719341872902,0.46235458013166053,0.47991316241007587,87.45747551804672,1.1916288208103136,0.031627813932074755,0.06441540380377138
118.75254897052629,118.62317206378106,90.9764249862304,110.65798324893674,92.67420343119696,0.4299904431064848,0.1819624862845522,0.16160116579776443,0.12358739102858114,0.33278763195764927,83.15610632156816,1.0160864671506205,0.025645714406597707,0.6883977490038009
105.16791755318377,103.90984339818372,82.18174062484658,80.2072699934143,82.31056058379238,0.29488847046521643,0.1437134433745486,0.2859308474686252,0.3269294362137949,0.3891818574041994,92.5109809821997,1.3353995932730163,0.03481748993922247,0.3456162387044935
85.11768190126965,90.30609965391095,116.27820892970249,100.74530701386746,111.87566955363155,0.2656790280133683,0.22734097883137588,0.36627167926165194,0.3736894572182181,0.20817142266792749,115.02398060159322,0.9173584622491666,0.02569823497744947,0.4611619420313744
113.53247008428832,109.39772394362166,95.65540497682288,114.5543757536393,109.68199013283683,0.10792923289485068,0.47827622789700774,0.40211456258366896,0.1804417337853416,0.326266260397546,82.26131714558444,0.9335232465182559,0.03230471543983408,0.7878749545189349
109.7260577362021,116.06297308662278,103.94653889830735,101.14297719848707,115.60650230388302,0.3379790122704278,0.1503954527982717,0.1766628349358233,0.4826826065855152,0.30320434400835905,102.64420482892629,0.8601502051822303,0.02579501239531401,0.38456725841468603
98.17846912656788,112.46282784115371,82.1538544177923,80.05159777825288,101.13169958417427,0.17657688775739044,0.41902990163760345,0.2882293210133891,0.35536483330907753,0.21900061345543156,102.52015535656959,1.8027233206325495,0.04607069413291903,0.05367881034755051
82.94447575265521,119.06172053812254,80.22004696159195,108.72598545994586,89.73538783144883,0.12316163930251221,0.1659776894256177,0.489214761258394,0.3494353743312862,0.4324340794297622,101.23362243168168,0.28026889441479397,0.024936627227992662,0.5529489031859887
118.70208021088226,95.26166602511584,81.0913370505546,81.07743061635131,102.13493486898754,0.10860782316952769,0.4061850004617469,0.2939808266167455,0.3661231507484789,0.24328201613630995,100.2203489206017,1.894373442848151,0.03923730030930925,0.5684795948451381
119.46847916125125,119.19094140182878,93.49091889157063,99.30814596755587,84.01823223191265,0.34834753072755614,0.1142479071151032,0.11823548501468434,0.4195345639620591,0.1497861071201761,80.68945879039718,0.876887931603023,0.034549406777562325,0.1553665890178329
100.88707423966926,103.98806396193092,90.04246662445284,104.48457743660695,115.98771006785014,0.10559357383445463,0.4649825958546613,0.20621270509741496,0.3329528653185754,0.43556678821540196,81.89804757385438,0.8885448224580377,0.02542094111767336,0.4363295348633638
80.03821333693922,89.15735097231777,88.39678253295753,84.95544812135309,86.64404850948408,0.3983628317701715,0.11865112832437333,0.32437948034353736,0.31671914683817587,0.24003207128418486,100.44828050622627,1.5203124840871798,0.042305242737901295,0.2953767491865028
105.0365018146155,84.10777560602571,109.54126436082888,115.48090362233533,117.06350896713477,0.40142519254734066,0.48560226319020783,0.1588746615743656,0.15808960149774487,0.3938944077843477,118.73237090852237,0.9294842927702561,0.047102686776346867,0.03993726699053344
106.40703257278804,87.89585642534465,83.41186302159632,89.28099815227998,118.4782874314017,0.2817665640665113,0.4180875722318864,0.15643104385882825,0.11594301765688404,0.3791736299406564,96.31903122022997,1.3291284386771476,0.040419373277835374,0.24928194087378952
118.49380807002848,95.27675535673369,93.03166164390203,100.40042329036261,91.66752365869603,0.4978844211816441,0.13791928411828025,0.44573515578018796,0.25411589630936593,0.10671581811724287,98.8930704997375,1.831353688400747,0.047943521835377576,0.7276260855261132
119.18649806622253,88.8488556009831,94.76570728731075,97.17483502800712,85.00256092324649,0.3040087171884843,0.21154168284992797,0.37736125660807207,0.2151322489740368,0.29268004937321845,119.28252461346422,1.7308465831704465,0.027452267674589054,0.2401978762680459
95.31299307080519,114.26922880407894,85.61444005827033,103.3608780330475,96.26548552240067,0.1802261005376757,0.43124070321742414,0.4701725847472432,0.26133430168658556,0.279552013027193,111.16453621742907,1.1518916858160615,0.04654960226591154,0.17845050839352147
86.82146904469819,80.49344657796823,90.933732139596,82.47315842792008,95.07073885186941,0.4930734692846128,0.15684619068986538,0.4234478058360155,0.3269114423400965,0.45229376836167523,110.80439388470626,1.5041412238469443,0.045048918838186194,0.7527302787353989
112.40839422797383,108.7874104351045,117.89534846807068,97.08061669348277,108.31205594367411,0.2169714179307648,0.21846318648813734,0.23032797922216283,0.10665243292918217,0.16795715963122332,100.18941788159087,0.9367608039344362,0.040495492613209554,0.3058614567111444
106.61366888408081,88.68185212633038,92.14330020930635,101.19318133591041,111.86629276023687,0.49783465644793,0.19957942951357302,0.10796683910425564,0.21141612561539827,0.2633560671938347,115.91650612793363,1.6080772744539928,0.04340802780615319,0.7524472444886371
98.4725093785173,89.1096614470211,119.7386276112148,84.62315225414673,118.23555629965311,0.3191149117129535,0.12742640794617058,0.41617156788190646,0.4302005072788231,0.18526423154868055,103.24705221572262,0.5478210143118251,0.03920534558441122,0.7041874932029324
112.36185153721955,113.55574077231407,111.79670332365998,88.32683765218488,105.30329509580967,0.4193672752939914,0.24457076297650265,0.26924407115305377,0.47455530172560667,0.45676175638400685,106.26789303617423,0.3298556175122578,0.030492338491530005,0.37637160009973736
110.26999249803727,109.82743168406606,90.8626148217631,87.24477551054726,93.12491935658197,0.2500442852761956,0.29524412228904107,0.21460951521319702,0.3061737033394647,0.3727631611339772,111.5022208116882,1.196282182857826,0.032096766045677606,0.3079693295663403
99.19377921509567,102.95122988254707,113.47801449276642,110.76136910818464,107.04602102666064,0.1370670789102526,0.4679364504702759,0.3875495872578719,0.13870107326462888,0.44759559679153704,96.26339520420258,0.626842698411318,0.02670747110656202,0.11017436238389813
90.53957171771043,99.15521995739773,93.41743496511845,89.39712718202136,80.40981441533918,0.39747314649713295,0.22525072673309954,0.30857323531915115,0.44405226367586637,0.4872502492361115,118.13081138172733,1.5252704000105346,0.03657170753956268,0.15249317772196067
93.57847882282762,90.24465070858486,102.87609307867267,82.49207081134848,90.82078386840804,0.21243095837905296,0.3602232729309298,0.44409876959710426,0.49526673953717804,0.12828739545852486,119.52028931396318,0.42731614021677156,0.022991595111344305,0.18595454555308627
81.79077959953662,105.65671618053744,102.727582342745,93.49920092297893,85.89338401742175,0.3014487863283314,0.44946630473579285,0.1012632497198113,0.2748940878421773,0.3336794896478531,103.48551328221347,0.2648664917950223,0.039586379098439824,0.3762831150859672
118.3167933107494,103.37569789554453,107.16453466288272,101.25395013077807,112.2613299058482,0.31059612342264575,0.39310907453369925,0.1262088347815924,0.4141666894343373,0.2132682144533934,88.88221549032889,1.4324808620482534,0.030204614422619736,0.29769074993303113
115.85520198192485,95.3084217439052,107.60101248922442,89.19549938185588,106.07420188648155,0.4296917546095823,0.26779517071170356,0.11716743672119856,0.48556590626855256,0.4122197161988187,110.99608069301755,1.1263990163567916,0.024127516612234036,0.6403074599300925
95.96622519906211,80.2712639760522,118.22111473690484,114.73766182154876,91.63346201384114,0.23912641291293976,0.20801094728734526,0.3355854913800217,0.4949178411295645,0.2160667296718991,92.88554413919789,1.9160269619528214,0.015889116728211028,0.2373407681080617
119.91029256931442,92.68510698226136,98.353767458363,114.05036104697669,92.18385405312164,0.4793084466984612,0.23215484784743562,0.38163910610312,0.2526937431168159,0.1340208896034595,103.08414006355481,0.6830998137612926,0.02022103635991436,0.3396157605069878
98.0216113755,106.62348668493021,85.21870219089713,96.8940147476687,92.37639749446507,0.47447574624531563,0.16557119788663838,0.47787658719903947,0.141322730371542,0.20677897798259953,83.46814081833273,0.4656982056260705,0.03560801451726905,0.09816593883003213
107.07097223459272,85.43877560241486,89.3092591640375,108.45504815009932,86.24897478896459,0.4683693994778222,0.36341634516302923,0.17579337433667824,0.33683732458211263,0.1721564832142216,112.29562820120603,0.2904358181821286,0.024793972222200127,0.2169759793903098
96.88077048959559,108.51522888370475,110.61873537720021,83.79524714686674,114.07982437677913,0.4497768270681367,0.11993144293540903,0.31191107911099936,0.12538921033178504,0.37800910042705016,118.3634783548271,1.0274328606544285,0.01132676504767284,0.6264161110145736
108.95889204519865,93.57178354773255,110.55211409320961,109.13195461362636,104.03564906033543,0.47431889407746697,0.4324265798686614,0.24869113006105406,0.19476196219190367,0.14841099695475324,83.76886098534588,0.42642954944284434,0.023189521188480864,0.5656803327536072
102.33924693623378,109.38813955598341,119.97039606821818,103.14208997263542,112.34871487048991,0.4494495949530132,0.13244365161896499,0.3515316766311066,0.2469069877986828,0.4983113273483857,109.26396241787455,1.6073760170768088,0.02465430795917844,0.32177629321850604
109.7709486926233,114.23233608135303,118.18099445536554,87.7233282984326,86.61838545580466,0.303529325407338,0.3195163798813644,0.46715551400594046,0.4878547613003291,0.33345458443781584,114.43355454258986,0.37597514017480127,0.019372035230808073,0.4619785624515337
103.45407313659604,97.97180251546018,102.82890771676676,111.92170937942035,117.26857920196986,0.41847282989694,0.3539066996433786,0.2709601855974475,0.12292614290987874,0.38709754941671337,84.38024877662012,1.8613209182880799,0.021452601149504542,0.36666691433044013
96.69663300794232,108.71730582174499,87.87196751365637,101.38207797418094,80.8721911112208,0.38010510894425964,0.14668092267549013,0.19202754998254631,0.39285127474988224,0.15988479103781594,89.87185878253956,1.196494365673608,0.038197097129154096,0.7161764389815417
100.15002268532388,101.81345836502,109.41781343113325,105.97939160827967,94.33586937223205,0.37637401377309476,0.38719087648195105,0.24133754237597047,0.20327273991177083,0.24921576444144528,95.6748499222021,1.4686509106511394,0.03985065815521396,0.31575260113895487
80.22923602852485,84.61943494491796,118.9224261406981,116.89332633261223,93.00372652324582,0.2436786485571576,0.342807922281833,0.39753931988754543,0.4447010539401456,0.11199691360084563,113.47041326827144,0.47910493515835567,0.04835595863967716,0.5776915844827446
90.3541175969555,97.4566517476015,107.59760118448291,94.27310690631894,82.69175390924622,0.3906206229477478,0.22567440731566413,0.43545680428418876,0.1302867838964045,0.32046980406922665,99.7372506201219,0.40663432012313416,0.014723530618815938,0.17482331470017912
96.11180369777585,90.42355977925727,92.99720044844847,86.51828983149218,106.3536027778259,0.31946943590160537,0.23060458487009133,0.4881226389413461,0.14276926046747504,0.15455889341396892,85.47853210166548,0.8689466089051164,0.022469000174751154,0.3472776942733856
101.065237329809,90.83452469181417,102.15449925224965,99.70831388668952,111.83899426264112,0.35770383927531013,0.3057196898574613,0.20578685142081873,0.22170871858297675,0.16280932348352772,90.25484236148355,1.1607604437244965,0.013081781039233414,0.4234651375633802
118.23937077360807,85.22682035914625,115.35653915631931,108.19187753139609,107.70214181191619,0.44710565556474935,0.3278075492558762,0.19793383046153268,0.25736830308373715,0.46267402172195327,98.69511363480271,1.257128414826849,0.03453214935606872,0.08371743224039126
94.97203588569889,93.75632781859684,80.22557939290068,119.28819498549231,104.26023329492196,0.4547364646612252,0.12764267644528313,0.36164005531188115,0.16118846838788953,0.18435334621930288,81.5705698462088,0.8271298020069665,0.01065553173215223,0.4699347806151206
96.09314495695702,101.75075287568714,81.6210813638505,86.94603821166676,104.9343969985361,0.4456830368985666,0.45807612699038325,0.13307676635757942,0.4495693317914775,0.3913974211372898,105.23988275876881,0.727159016572592,0.01821425365373726,0.45973199146315963
100.5704691873448,111.48299291710532,106.34970761781348,104.05742703917548,112.61062817221253,0.41028414530667967,0.41672613105832423,0.3028933086951982,0.4787630571952807,0.18014384159223812,81.01287585658902,1.9674684490678742,0.03347920178843807,0.12700231361031653
82.73052422207603,107.63547185725142,108.62362853156063,91.00654198720044,87.82598545949578,0.3019860430070172,0.22742103195536184,0.42897249712100305,0.13308028485151097,0.27347139476970717,111.23485377090752,0.7271583599019794,0.024349545894207687,0.7989196095318354
88.55409901823997,87.92563453727976,100.95128763614377,85.42505245463315,106.37143445677401,0.40939106249813184,0.2249363646230958,0.19619051370817953,0.20501966191795848,0.38543604296261813,109.35403750021906,0.4913685894980162,0.0317750503636293,0.07399463064706265
84.20313035795078,81.07558561241025,92.77160969783485,87.67438894932164,119.54648221640329,0.21471307033553236,0.261073418185192,0.3182672349756711,0.47630403157867673,0.4177390239547716,114.61759967890595,0.8790544126766757,0.035609500338569425,0.7162427908114162
92.1198520246887,88.88256344102055,87.87079293996858,94.95411619213961,104.23395581326311,0.17411266568960693,0.45323369301377425,0.43790697327408146,0.3980898078219476,0.3067623899087779,86.30850962012632,0.7817748001667439,0.04355760271433376,0.39321251732871415
111.27781100185129,94.58304990972273,105.03883920171157,99.2823959311755,113.85981385013594,0.1279259821029245,0.38460209655566635,0.30733686816913064,0.2239099703271824,0.10397520000730953,104.10340843829908,0.9880366017601484,0.02571500885268064,0.178163968934002
102.7616710863374,91.595666875164,108.14349028713023,112.80257952091983,98.6176262705586,0.19241959231053954,0.34227607103175695,0.1449226345327825,0.3621674826446849,0.4278688355288047,111.24110334347029,1.3414990386524737,0.0211558765855448,0.09023898549384235
119.48788955529275,115.16387516765253,87.87818678661966,111.4702348862495,104.03804977399065,0.2272713362945006,0.1327942157819857,0.1558795161704874,0.243163573013962,0.425373701103371,100.62995122361491,1.3055088831862856,0.03155220534047191,0.559536090408421
101.39245191231339,100.55754346318274,114.13644571129717,104.43491155613793,101.50823940214934,0.3537114878851021,0.447155059238474,0.49777084505244984,0.18102648115966377,0.3779285744947174,85.23217308051339,1.4720072994765752,0.012787252306977158,0.6035603322017171
81.95439627032196,97.9321147903423,116.32166248182031,108.46946917378476,82.03815912224614,0.28660668002517464,0.2973912243787281,0.2302325614243218,0.23700488599976421,0.370512779359107,83.95702466708511,0.5241988735746435,0.011676568910468133,0.5387525460989944
115.3596912860417,113.06668885508216,101.86736846278112,80.89621860729126,102.49718472135203,0.34832116687840664,0.2274014282509732,0.14743236752763433,0.331296514923281,0.3957585379859542,104.23589631765023,0.3304026369894618,0.02808948940039594,0.3358966977575946
82.18356199705704,92.81515838549922,105.15638475610956,116.51652335528698,94.31182549037915,0.32344871608580394,0.10146026938265651,0.21292620498952108,0.4114317358540047,0.39701928211069537,99.90430433095646,1.6339171495247937,0.018723150001329087,0.1380589592270611
114.40095131533813,116.73444041602065,80.84175521829258,89.57711351010126,108.39449196909996,0.10416410101659711,0.28811849310407134,0.274927269060136,0.36091255051637683,0.1499920160259991,117.18240546928601,0.630017119313335,0.010288663008534722,0.6316303223408772
110.27372172318194,95.69667400868217,106.27018451091419,104.4863446944814,109.5909984640424,0.348566093152908,0.4787672080644203,0.2486998138461,0.23494256706390326,0.1113094057487512,113.35363084093083,0.8024137568069246,0.03717481842025534,0.6969843768507347
108.74633710980487,83.43483191961445,86.33000723760244,85.30908589037264,117.29920279371277,0.12295802358217262,0.4726289787718875,0.49020073861547575,0.1022566801746347,0.4602718745372659,108.94996766615259,1.047439500215992,0.042646221469817176,0.3134967247251038
116.54170593411956,111.8964907838788,84.66874242703837,102.97085879678343,87.48922504359406,0.16958401227232836,0.3245434874625719,0.37125636941149975,0.24362348422423166,0.31159523670828687,119.2958704218937,1.5035361446019506,0.015915142818237887,0.6729740467401903
94.7353575023521,90.68365106549652,113.15723925949864,85.77805598077093,105.84716674440303,0.3510168752621221,0.17757051975391752,0.49770264863427294,0.1815527342341944,0.10413538587464749,107.78442734092798,0.5362727526155052,0.032556090968055916,0.5084801881344753
119.35578655104668,107.48218333014535,83.16933956027839,116.313980078501,105.72318710758384,0.4777138368418993,0.2716510803456572,0.25944788757059145,0.21026852738652937,0.11033277071646706,83.69450934796427,1.8292039637224888,0.04935939811285115,0.42158265413424484
98.25243918420814,106.38769914164475,115.16177321890548,99.08508911660996,101.25285931248916,0.20582727735206047,0.2573201370263928,0.30813169954668895,0.28305768804879294,0.4516144830816091,83.10251910029572,0.8126728348351886,0.020750227335949615,0.4884842366802212
98.09789596871815,82.90365705294661,111.48280507709434,85.05646974567355,95.7828004115324,0.4645319447720596,0.22686196872628603,0.4838218375501838,0.4459736688481418,0.4710539266138999,112.63476773639752,1.9696597124683684,0.03923258928480161,0.08620073638582637
95.47291382430916,91.20163168346951,96.10028503577674,104.72036441529714,92.45549248830847,0.3825323529551189,0.1793087373302166,0.1780911170631098,0.46346062523357734,0.30281818397377736,94.42814334412284,0.7494719852300935,0.016484103104538128,0.10031921510584825
86.90047750793106,114.77470042029066,118.83330599428541,98.34335295505282,93.08078849378343,0.4561869228614951,0.38821915167572685,0.18500492173402705,0.25390392802518147,0.4871300860090033,116.9713514624938,1.5198927775652658,0.04728371926332918,0.5813630931484892
81.89928311112918,81.47406162440213,95.71527982581608,117.20968073203863,109.22834173606257,0.10783310457740175,0.38583354523709756,0.4915118788300824,0.14165877836945118,0.20879714197875146,84.729897402059,0.909170946003796,0.010017343407429,0.7759576716030381
93.97077675483101,118.72185700728244,97.15031613022923,91.07170975898583,97.05412978897428,0.3188052482724764,0.4375059710986797,0.3026047479350913,0.12383841879782867,0.1508737293324614,87.95148047740966,1.714028537779359,0.02178920720917639,0.40624331312007034
88.46172907935332,115.42555080803183,94.44693241670761,106.31875857977286,95.56188795308654,0.25037734753302576,0.2290162695042196,0.18787145247168457,0.43605149447431624,0.11075267349949428,110.9266999724008,1.0592115367412973,0.04905730073693351,0.04320056377273201
116.0692567185585,105.69523006862521,99.53007561125197,85.28571876725354,116.07666651408817,0.43173769911083115,0.4686720694583053,0.35204440982042573,0.3501401594351057,0.15960708519419275,113.89897766912158,1.7734308004068835,0.03682760952006514,0.0544586845699806
101.87267473087084,91.4021189184567,115.11707567266816,82.17761709577631,92.56307669318286,0.3273270952843328,0.250069757575225,0.19161990460807832,0.3333318223422126,0.10047618682493852,114.68785377143325,1.5693925940501412,0.018473823975933615,0.3738917586933515
101.4731360480859,93.59257344173172,99.06937021515432,90.57265009323936,85.20332363731589,0.2105651166168634,0.36241680971537515,0.2820162442029367,0.15825621620177954,0.10052724469998311,83.96557061005888,1.2755500426612014,0.04165462327265764,0.5261316288010568
81.47416554467407,86.30586259648568,118.11786056099247,103.01612533346955,99.55840501111805,0.20817572562798634,0.31962372238205106,0.3138182260454502,0.15242875974876796,0.3454788572066748,95.27209209953877,0.6874823769011686,0.04592342318241331,0.12390132515074513
95.37295357222834,108.33680583933541,85.65037903624373,91.04519470610654,106.23608478655011,0.49956975129003,0.33394676250444133,0.3110552702837018,0.34905324943716654,0.4518683561042932,105.85545412412732,0.7047685083565929,0.029490846829492226,0.026427914790496044
99.16257458340911,110.80370155836354,115.88439375826613,112.93490365482624,87.36830857042928,0.47839973787825407,0.11641340630106352,0.18199752116606152,0.14630562560238572,0.40894151428105596,116.75182466726253,1.9849886601839357,0.016240946128305823,0.5835754264705464
83.65880942107914,86.77762402180194,111.34122766400922,116.55324357970842,117.01795470815429,0.11822514358077836,0.46105397879645227,0.10822214596125233,0.3410187251796495,0.21023047759210686,89.56060124167062,1.8694289946915195,0.0203437208893124,0.1169052120958857
91.92863157481783,113.61365512054233,101.44942140088386,112.91167393392828,101.93459369520005,0.2882254099764244,0.276754365601953,0.39955730828959324,0.29865684042396734,0.2684883320506204,104.01371533921534,0.4922321820748635,0.04772456469182962,0.3505439872071205
85.83572879116473,83.1687820429239,118.28876596837358,97.03210225726316,94.0208257958927,0.3921108410337417,0.47032276772194226,0.4175689606094267,0.39468681260102156,0.29508883245426065,85.74077181794027,0.6071129031385537,0.01644411188182669,0.5873089248705433
94.25212339073242,95.15737645901888,117.79987311577352,82.50818349612703,84.76245149529197,0.4600863193125325,0.29452538296867536,0.47211431412621463,0.421168904968644,0.16010409424405184,109.89114845688465,0.4369251759217977,0.022476273478077267,0.10023598602727804
111.58606061927397,101.97637965360555,85.14147031843808,81.37840547113345,88.96937393116909,0.11879686909094085,0.39634227474642625,0.37433566464013535,0.34083555183279024,0.49049571200693853,85.10097826678218,0.6023411474077981,0.015821506984845184,0.3542025318877259
90.43242950841085,80.56852118298568,88.64362153348773,109.53275747809599,114.21734758548016,0.3181612191087844,0.2391599468405452,0.32598634032903173,0.1113647010021825,0.33170569382812,119.99929953768955,0.7579157618831779,0.014224236446821319,0.08916410208449906
115.92943319078871,95.59656130574174,92.77654903614231,119.9944339283155,110.77361803686355,0.46097208201640927,0.10173202740725613,0.43812152487124667,0.42077155763964524,0.14244125191843413,83.6906759874976,1.715847130606618,0.030881002343602346,0.2780064700098652
101.49408323630217,90.19085730757587,92.85221811540418,100.6145739531755,101.68331679163003,0.43873219724868695,0.40541810629336383,0.2964185830239382,0.19808557535990926,0.2152401663391409,107.41348624152201,0.4165689392375115,0.025868371651778188,0.7299466363616581
80.54714577094711,118.37600341085897,103.02424989406254,103.56632977636534,88.45884535015277,0.3449099701887961,0.19852159975019867,0.23014227026958733,0.4723353724601229,0.39173144660250114,111.0815533665953,1.7937109905045927,0.011846737472971922,0.5489065760958071
110.59948715204992,109.49058080367371,83.80631893619056,103.7997748903968,106.3277498131952,0.39442961988679237,0.4823745688486717,0.10231760792125058,0.19779433734906046,0.3631895851841581,90.31959133826571,1.9508777299971627,0.015807795068258232,0.01847451400626552
113.42272698295508,88.24364715670842,115.10539187225623,98.45924286830382,83.86094477222579,0.2753086135748566,0.1451219792529483,0.4124934744286646,0.1188290136319707,0.31754044487579525,90.19314677264961,0.7430451197229939,0.011506335183498414,0.10758144730903414
84.22484886043503,87.91217814692678,91.31002823941233,99.85623217839199,109.9500479097824,0.3249857326170068,0.35438452784426155,0.22625052108872523,0.1094403764927249,0.4555933144322729,103.8458820640008,1.0484092300486765,0.010983597985521048,0.2350564546942449
87.46903608077729,119.70607177998147,86.4608772708125,103.9751187088859,117.15761743485359,0.47168191793138237,0.29279549076162625,0.1082561413926113,0.33234846408937957,0.2263719406651685,105.21898339519896,1.1763246538420593,0.01713880375228511,0.7164393587378517
113.30029691507309,105.91556806652639,108.61971987163594,85.36822506821457,80.38652215040993,0.17299423073347875,0.16758106255248217,0.17170217613326702,0.23233640023172472,0.21224808627706962,108.82103904663191,0.6099563325003435,0.039745971694028326,0.5976690713758291
97.3659513744149,83.58075705353212,94.31010247651298,88.9497117427895,116.6538688952297,0.4345699329812759,0.2981258829560097,0.2710589969860193,0.15833342284578733,0.4503563172484656,103.21175950727704,1.5302586631393098,0.010590798728364331,0.4939943647108
115.2022399603223,112.75771394124034,108.5577719365595,86.16287716416107,81.93469704796607,0.12192888231751563,0.19581254354979213,0.3485889102941271,0.3809249712041475,0.4204626299276588,86.97867095881729,1.2649978992806936,0.02217909699440635,0.12207583872507169
106.1555143141877,105.69032548700397,94.77697139017924,98.90746665742388,99.56597552951958,0.2641165205880429,0.2386960346565671,0.21542064718517095,0.3272378684310906,0.23945424605814492,116.96573898617098,0.4463103712665869,0.03259152284151329,0.7430997497273726
89.59712530986026,92.56666447630343,96.73558218654006,104.12716119646359,118.23276824069569,0.23123769627037324,0.10675634137415863,0.4793263950166431,0.12423769772821602,0.2083486073243758,86.66446302853785,1.8179690471042804,0.03974814273743776,0.6465033174704935
101.5393843807616,109.24655638172806,112.28004409582212,84.54032485234214,106.12498670215764,0.4685678509362785,0.3941392781049382,0.33125592167497603,0.3643255652781492,0.1388240211251182,102.60954073487532,0.7788372111562997,0.037115675958362175,0.1915405512647201
99.28442881017698,102.89723768991568,81.53667743076178,116.2486294618954,118.111365983018,0.42345893746208885,0.20004270471304123,0.4824855911515482,0.1925498415176075,0.3501457664927302,116.80011378645128,0.523432804349911,0.049536977672024765,0.323460711812574
80.13927694738447,88.51166368166044,87.207766948358,111.25218069119406,103.92320236447281,0.3181297968048678,0.1572412375874675,0.24517086712672487,0.4125171018955731,0.18503522959964325,116.518783658053,1.968245202870706,0.021025090496863123,0.34270703885385934
87.09334653186927,112.55883821275441,94.13899487222994,98.43427505172409,95.49226421282582,0.4851429259367812,0.21819345545904276,0.35068866379203434,0.34754681583594604,0.28831129686606616,86.71625899242595,0.43009074477047027,0.010005549120103785,0.47000509884717845
100.85520825764918,99.20569875314902,90.98336010649771,96.98224149975361,116.33348599417201,0.3621441856663037,0.39743077753070855,0.34760118853635535,0.32399784773359164,0.3426509632291055,89.54410782923827,0.3544691981171482,0.01152877103514955,0.2998483131400443
100.11576545916981,116.65545641689502,102.00508191271858,110.75269173056635,91.74365238638852,0.260782368160784,0.12834926685262005,0.1638793516731128,0.34268161721587787,0.47086955696697685,104.07402308238068,0.6657177619527703,0.013900748416801001,0.16802121714589024
111.61653960177631,90.57286451939942,80.78199886571892,86.42915772710772,80.86611500128147,0.1102962194284729,0.3176140788248783,0.2008245732036759,0.32469596219380525,0.3998629430934807,93.48657332312588,0.8087136054444863,0.049009507543360156,0.5335916156723999
117.88250567565714,119.99908081670776,110.48921054478083,84.3251265500635,115.95781841330597,0.3941812528678371,0.38995431912725353,0.4115693863757748,0.12904427472838306,0.3038311335671809,109.23532957913132,1.0091546657637278,0.032801931772069914,0.5420440323756218
109.75104733064418,93.28978061608352,100.09111647235729,106.47037365047876,80.96201902693085,0.2047113941488593,0.4685082244009652,0.4131516888077885,0.1430179389433559,0.197298451612072,100.89617283736271,1.4490478815953944,0.041974741356917124,0.3539084292636683
100.06163648399581,109.29581733019941,87.5290148758533,97.75162293917333,101.30120516739733,0.28208810219925784,0.4851634487225702,0.14386927364842075,0.3271889474168519,0.2365150052698234,90.64360223776757,0.8899984224023315,0.04940316064003282,0.38932198334168383
109.42261487836929,118.5781484317243,113.93102192017166,104.86073680919802,103.34562699339237,0.358536136693023,0.3594826908090818,0.19623659467360743,0.41432376012242644,0.13650498853392318,96.44151670449371,1.2288338187302146,0.0437707153955631,0.04053614151960634
104.12746772290683,101.80714570639095,82.37451521035695,107.93185578352819,108.65347200518411,0.4272555484349332,0.18478674343179763,0.3358317193966611,0.23892389076110804,0.3439119306487579,107.64444284312955,0.26016999485255177,0.02630463505461661,0.3648790712686973
100.4992144906811,114.81550421610171,106.89747211026713,94.50658631428068,80.78777414394537,0.20696713930975097,0.3275854687802043,0.10327930408542568,0.2497817830468808,0.4305557516248757,111.40565436762941,0.9235744432413369,0.04503525742084882,0.6403186027027098
82.36646585990721,94.07193046567146,98.48421300794732,86.674844780337,87.57313225690528,0.2852026346022031,0.2997044395959863,0.34863073516559717,0.273683839533593,0.44683069108952544,94.78243960578268,1.9036951819910923,0.027350036660256635,0.47318598984773486
89.20845435117346,111.22053358305091,110.85151363807086,95.31755941655115,86.89457526337583,0.2613298679392755,0.47702097369730023,0.4507752093297034,0.2684351130635941,0.2463203498394549,84.19941533458264,1.6059817349137797,0.014558721778935788,0.7365592231695056
84.43633540253877,83.48517248188693,95.65117003597489,81.82169733284478,93.3454014850534,0.3706512075600673,0.402122699469625,0.17434463092983524,0.19641808127459295,0.15850100665939718,94.13108028943788,1.5464009959539358,0.0319252540390269,0.5732106919639169
118.4613297016455,100.30018462440154,112.90578627340756,85.17063783581597,90.7231512963882,0.4042767512753275,0.385760745991634,0.17562152572735049,0.3147499144617372,0.40569574368135997,105.21882878354015,0.7829029588680356,0.04662989363151474,0.6221096390084941
117.86185778176035,95.34207587736094,105.9362451379329,119.04507116650358,102.03151025322941,0.4788114650973492,0.17140906165241257,0.22173191195587572,0.23933591345562955,0.34999094365328376,110.39328643385608,1.1043083030551286,0.04138153198517628,0.36673253904579295
92.21383796914944,101.2779382380825,82.18548797323437,84.49479496370765,80.28684420209079,0.15456754008359486,0.17737162770055714,0.41217473495679446,0.31682146634242825,0.1641544926113833,115.18636954543936,1.727916129004016,0.02607708673390967,0.1387595160702235
115.36840166260018,106.85121715598382,91.93319060530993,88.84645676829219,107.3230640463112,0.25537309920329015,0.15379767813269313,0.24507600049473677,0.26007971808465424,0.1448441646501585,118.47767529034158,1.7902724220791335,0.04419465136682601,0.7297480691185838
116.7812825914113,91.96556364208442,92.86236437547127,114.16962900775091,115.73503263535008,0.12393337047441683,0.45264075610301224,0.45505923585608754,0.10103155008505996,0.35648163856965465,101.17456697977053,1.4934503012594766,0.028567299791759412,0.5273571879987169
116.56146267319114,91.72616832026779,84.81250270385395,97.59990287994168,91.83059460564724,0.13747160301559194,0.42405665821252714,0.4518249568615006,0.34664606214809035,0.3452621828811768,115.20829772603511,1.0489475043712013,0.037382989076718755,0.7275796899953323
115.35466667247343,81.46539767214179,105.35521878545089,116.24725462992456,119.06681467224264,0.24859260362148972,0.19978758774514468,0.29970833166129857,0.1534868893906216,0.3688899579443655,90.4831207050253,0.3780388291786286,0.023325406750471008,0.49401796405352494
106.00522397192172,117.9969182808952,83.0263785050027,94.37113383984959,80.34858789306935,0.2880347581518874,0.1710406024123723,0.33532570111571314,0.41813113463429163,0.3355197846668524,102.3860685770146,0.4588682899662636,0.017788560270449824,0.36358475242807187
119.24735088763273,116.10905915066797,81.12210224992805,80.72530601839064,94.67877976425464,0.3118645646626177,0.439086991252324,0.10430215400033199,0.3466990511338518,0.263876873277827,101.575397034579,0.2505126131935974,0.02253881615146707,0.10779130516483067
90.34151867163607,113.8772910897001,86.4193761308745,111.6259785080343,102.17838799962652,0.17742645946306773,0.49183114003443984,0.2615255316588757,0.23410512497688904,0.16760337589625868,110.74776564709992,0.8785995966301343,0.04500654525877272,0.31816383011209726
95.09567085619952,85.82879046933515,119.90765223838685,104.71944483686147,97.57528930271977,0.49910638049819367,0.4424205424118707,0.12798896746998048,0.32630155045087333,0.15896048435018637,110.92491398009005,0.29092193612429484,0.04959083939145206,0.47804279194801647
94.84510226210926,116.2291292252342,112.84767232763045,112.44743153472895,104.64793891849571,0.3863125660051788,0.2936333717041748,0.14415558567971037,0.3228155565057159,0.46427026044112496,91.41371833291835,1.0112881337718809,0.020556673217855672,0.7446114149002896
115.51826330783207,91.97113488488282,108.14824540653157,96.17790969567571,103.99995234238769,0.23647787293326103,0.1203222459047916,0.4780828445058577,0.15671967520378025,0.29002080035249345,115.434457362791,1.295697840630523,0.01661453651451676,0.6634460683186404
119.92612002450771,119.38099122701274,100.50476065869793,102.95453808659298,115.89287076549203,0.3178708511393137,0.1948349852725027,0.17096721281525562,0.1452555522459439,0.12798211294158937,115.6597193332747,1.292790245661975,0.012843309160984204,0.41051333470718404
119.4254285005542,111.14431210504318,82.60737831834523,92.90558937375457,115.86249359681231,0.3032506190721379,0.4368083107337266,0.15070350854664052,0.3802476113781994,0.26504830816944,117.92966103025033,1.22177065685166,0.04015278224955441,0.3583927259183103
110.73410023401922,109.68932284097708,106.71692921872564,96.61055398529534,96.12965281378807,0.11408969558823445,0.31438892400188856,0.20080330645327057,0.34210163721620096,0.23972920433554848,98.3057730995668,0.6457990064392125,0.031120010218479197,0.026618702278791952
112.35729950363205,91.75121167060284,107.39327490803893,109.04834093695825,113.78223957446116,0.36658092730518366,0.4674013451724116,0.19781782483258367,0.47593618759507905,0.18172354410013278,119.49657296586386,1.1585805779557172,0.03224400803749151,0.2809507282350315
92.79542362828063,109.67557067352809,84.25959590314747,85.52246915807619,96.69344160693606,0.12827795288934524,0.1770803949552319,0.4259666798062194,0.3710224981058168,0.48833366130457245,111.39645323057192,1.9647128782298313,0.011808255457718948,0.7850542155391835
82.20903105420989,117.90793285861353,116.07583242037441,81.95734782103372,113.53246887569115,0.3839309241699723,0.2650525060146536,0.45697238965315046,0.483251407283384,0.41666196838404235,106.12749528853917,1.0280811272950536,0.013242279659660575,0.5928202872845086
100.35496696360102,108.078515534942,115.4772467719275,103.07897948310794,84.65308401138518,0.32265583433404044,0.4303063125222252,0.17161788293371263,0.46014000917175457,0.49982359299461443,97.29031881216721,1.7803604511037965,0.04658491958574251,0.41979924352816733
80.10314441946345,99.87686129005786,117.9692852849744,102.90487486452784,94.91756552352916,0.3660560665821382,0.1783556158320034,0.15777466487812875,0.4837657622401389,0.4485411285473302,113.69724883233002,0.9174595220334005,0.03306923297855488,0.6898396610284996
81.23688068323654,116.59917669112801,93.08626643432169,108.19109605260385,107.7694880844586,0.39947154062590684,0.47964770144616453,0.3013615011473565,0.45509856120094583,0.16512812559535167,110.56550219899461,1.3403277661757356,0.018768267249356187,0.018444666087586905
90.15532645474991,82.55110025842902,95.40001514687374,92.685240553488,108.01025595489304,0.17312388724294497,0.304937218264156,0.23300386433780973,0.2730077072058631,0.4192787945202133,103.42233060961942,1.0932180865141423,0.018298451861124238,0.7660993768122417
112.79129982639355,88.89781669566699,101.12924279105769,81.62433389552646,88.57023291733847,0.12136298837690362,0.3883375337120919,0.13529170738134622,0.4390004201121681,0.18075992261427004,119.88583548026955,1.4550893336329207,0.019636127445851255,0.559734984215448
110.47046421288331,111.73593281956289,111.05617853807213,85.69551699953081,102.04138909873669,0.3939755681391982,0.33675175959507564,0.25424884282913907,0.20701450016756612,0.12298372650656364,89.97845462376253,1.8204112193155997,0.012550315638095477,0.010651317815205452
96.90833657773531,119.65945187180361,106.16279476233345,117.40808365582916,85.8140122003375,0.24135208276520284,0.1802115026404704,0.15436500158079292,0.3953992490356537,0.1850059964052802,105.67016365146453,1.021576311111511,0.011990530065062819,0.5644254469592561
98.03493092400916,110.86430400423474,94.7143091212161,105.30033984614587,100.46808689494642,0.18926321908646737,0.23619258070161747,0.28506126384870767,0.30548509771588006,0.3658185075361653,92.84508662206696,1.5754490519543665,0.038799413985045,0.06650227949529759
119.6771763687197,86.95490160261966,117.41394781320511,96.06283815213187,98.71971865509178,0.33540881913517095,0.2926735518906567,0.25757608585498815,0.20631448477169378,0.38397704547321576,98.313729613661,1.7944443872703706,0.020550272577928144,0.511677815483817
101.14407534759916,90.61466197734319,118.54629770443172,116.45948820939158,118.91620400845451,0.22700052815749908,0.4398325574103582,0.3344649823551947,0.35357771141127226,0.30351609235109334,93.55785976575439,1.6317029558673253,0.0253785998107462,0.24070851173502936
119.87678288838092,106.79200380723888,98.06741983222979,114.02935605985219,80.95219511345354,0.47142242586081917,0.2686382274470978,0.27078738136752506,0.457205798308732,0.3419627683840686,93.3822082101431,0.2929729980326369,0.031494517007479975,0.16967379185309792
113.37616178854014,99.89144096844026,106.92880108333671,94.9618424537003,94.74492615467264,0.2796594862896562,0.20486044580669238,0.1980177780207671,0.4205737255020944,0.21178643104948805,95.07304433894299,0.25033189365692754,0.02280256377719521,0.5024651816299488
81.2686861124355,96.95157721716053,96.3341678167732,88.99164407472286,89.89293094159069,0.10229507612134628,0.10778425571932947,0.49136104463862584,0.32393517464917776,0.2956098527437582,82.26718305879997,1.7951794341344212,0.029151456529926886,0.3472326187460037
103.36558321770048,92.71085770158012,113.21007636069159,84.45540427428266,103.10579786300174,0.46715042764333214,0.24067495959611712,0.4179990238620932,0.38872392511205556,0.2908385929287352,81.59444333391826,1.5262984716156132,0.044600426167807856,0.05161841466455979
86.40178908556409,101.12962507682636,102.10183547801275,105.69190746102916,97.09699789091574,0.4098527589834764,0.4863113550370549,0.1802429503148283,0.1070037658004086,0.4285817625057198,108.9968904869722,1.926731056298217,0.019763979258194245,0.6578742998937527
100.37898740517018,87.23810464325173,98.52061398945318,94.92121556377163,106.64524418617638,0.2614348291379255,0.3177609974060033,0.18898492829301283,0.43671550474115084,0.38848249962908454,92.43634211854231,0.7618441895611964,0.04165038692489514,0.21289818938328314
97.39286893985944,111.17366603920881,97.03968394294769,89.43084691895835,90.94754875834339,0.4813466512779193,0.2901007486398737,0.4906260051043311,0.3043421571895595,0.348568836345109,80.84858443293894,1.6289444422514685,0.020557946189306515,0.49456821052863753
81.81140900366546,101.5967524240364,113.23523535601288,110.7644682727028,97.51157865353886,0.36965097592867624,0.29590858228806993,0.3251120763875698,0.189322825880596,0.2449452232531633,83.25924626306949,1.6526636349558643,0.017477904313504558,0.4874885221196877
87.8448142057805,114.53937773189811,82.27124136180274,95.96890900809976,114.26460569535804,0.3807972980368993,0.11559558400717372,0.38016524798691,0.22151025781699538,0.20873433454968887,87.83396964944157,1.750321357058454,0.012906349976030702,0.04492892535676418
95.72706749616786,84.7150188302784,90.63798001383185,104.00117766971793,86.08143630778284,0.37739538574104436,0.1859780650883025,0.48467337435572566,0.49627161348522864,0.2832401631405835,81.92849025000213,1.461048848977616,0.03736806084964268,0.7978532401891297
106.19741307369424,97.52647724796984,93.37558003282088,89.63701922092656,112.93319943426837,0.26056733433691726,0.13161498255949314,0.4112874735176725,0.1650895986184952,0.47321914419043243,117.84588817598976,0.4920389867302254,0.02646535231216622,0.35812843430905716
95.86695789853606,109.53917062424911,97.61420770549537,83.67468747547117,97.62023900669041,0.4962370955820842,0.14896391203268464,0.37320235283708303,0.2863967966270909,0.31645834168420794,102.73443520637295,1.4416497941674555,0.04081707655677594,0.1642853112194864
100.30751118943056,98.31368773973507,112.6496684699309,116.43405396172118,111.47114700844136,0.1718298718619128,0.3894083597779655,0.16664508838604802,0.454119991097495,0.2815898457372643,95.76097479127738,1.3078464659660483,0.01530684524132261,0.3493981507386966
103.31127608843839,101.65799842219563,105.78464120494635,91.51321185757499,112.4738738459474,0.3539472397470179,0.46871644281933167,0.39517580192101476,0.31633915337998775,0.26107105913734396,101.30848935410754,0.8339261619019576,0.03413402213040592,0.4824495570910961
114.27392710414644,90.68868652727322,116.11272832560311,113.9493089596667,96.9794706993004,0.28485404879748166,0.23666922384421574,0.47847353010096205,0.20114313765905956,0.2637385130387889,84.51280403436462,0.615073610534439,0.010519481789002114,0.0024318244669201405
116.36000808370983,84.81755975246033,81.11946236835601,93.91467302376218,102.6174279530938,0.4112895698604303,0.24573666905042565,0.45464435857524776,0.19722905605881957,0.11253793668376155,108.07382320043534,1.798924902548681,0.019353199387163553,0.2401068465078244
94.05770458131465,117.68270934685438,90.1884091622058,91.24853574370715,105.3931045017942,0.3515004449007475,0.3033013830940522,0.4732232319563291,0.2692529303583847,0.15423610318327757,118.78361976930472,0.49840636618033207,0.03438588811985776,0.4290642007659802
80.15455529366832,109.10228209418398,95.09877932372629,119.10991470573184,107.65670372118994,0.23189821489853998,0.25728472398416924,0.3332527255303219,0.20980019643567038,0.32012532806952204,85.22628542316605,0.9888463192144253,0.012241547072820814,0.5555815840194137
82.08859820329373,83.70511234967894,83.52672427696635,118.10489039567776,107.3620616487035,0.46321834622638547,0.26949213991942944,0.3606277975750525,0.19155943485031843,0.42053081801840897,86.1040049036315,1.3398974147350118,0.02508914993848824,0.2506447684095629
97.10424029155743,88.01930759520124,114.94558985743213,88.06223710685362,108.2671686590327,0.2078682521440236,0.33192111740222274,0.22009898789307403,0.12696094002473882,0.2278650962244123,105.14653539341747,1.9506437549771491,0.03246651280106682,0.32312772249542787
110.53297446181384,91.78624355421633,100.19658948682569,88.91957129273575,95.15718629821993,0.1848122642845397,0.4570695073610517,0.2064648458552573,0.48976927270756876,0.2969383246899461,86.07719709411286,1.4242086167195227,0.03910346255850435,0.17698274336474418
118.60537593120034,107.7255213861772,113.86456824762061,101.62398285866963,89.56158968605425,0.18842598662705967,0.25653765326627825,0.17337244699903492,0.43347330153818153,0.14798770772259015,85.04211152999063,0.7835368481126664,0.03822624219873644,0.2344322607748029
108.51519426668774,100.02271843162265,87.07395472428234,96.49719558472842,105.39360876065224,0.44941110059816536,0.11836681938083529,0.2198431726117332,0.15595468809711074,0.37410621836829494,106.81935270280559,0.35615838508215125,0.01592722399642089,0.549885941845588
109.41327426728952,89.72883183561407,115.03989357397325,95.18204428298712,90.84546871570994,0.3049286923972164,0.47573582913914836,0.24647230443225965,0.1162996374001974,0.40466362527805344,104.746298695382,0.8059804649817695,0.013006814128006004,0.26980948651374775
87.80480221814899,112.16685337611895,94.1665829986425,99.33596111551739,88.91279294255503,0.33180025987028694,0.43097412209776553,0.2704554288294433,0.39527246454258025,0.16842628245978725,88.70948043226583,0.7623764787988785,0.025054335991992024,0.22369569390081293
107.44364284675726,111.2413363020969,93.57700995813366,117.80317541485607,81.22442438240944,0.4998106219327364,0.16945878994764357,0.43192025106354637,0.18497526758509047,0.41300319383766715,112.92715795307706,1.683389093174049,0.019632241620407297,0.23884794010017307
85.31772413096161,103.55148126241963,108.05627448193519,90.02731958036236,102.16284387565395,0.4445009668109893,0.45065636248390717,0.29028737876527055,0.2715251892466504,0.4335164520522946,84.21003381282382,0.9090229704073786,0.022227655792675428,0.4901144336144569
92.73544988171251,102.1635698248636,106.3731071105701,118.91232214276229,98.22787440084736,0.33179568918032565,0.3485107325954113,0.1944268484834486,0.27846280568104265,0.2477795552267148,93.30299597010152,0.4222845825467014,0.023699385954541366,0.44865343478787034
105.92864161085522,103.12156991679728,92.70219575550291,90.12256526790881,119.51482886978894,0.3661286236352137,0.17859331200767842,0.26230077068891544,0.4394928235992631,0.3185782708354129,109.55470575214513,1.7724605597117082,0.02588711229203046,0.3255211131559331
88.27409446806061,111.61101068296946,85.86349564083044,112.17405077445002,87.42913771958192,0.45841759092992473,0.19301097758267227,0.27596133463930783,0.30016648927804207,0.26022696292247455,104.55604840849651,0.28159496687043695,0.030744016655936214,0.5058530352450196
118.68626576064668,107.4395062629807,83.60472974703316,107.72708477836044,104.14483051126207,0.37379742493901214,0.15948792463738815,0.3077601560687431,0.1555089401904037,0.3516789955150219,104.00283812614127,0.2552664421746022,0.01037214934910295,0.5142354303933664
93.50184986775834,90.42943991026858,108.75043126992608,109.65445491799463,93.08823395810145,0.4320992533097868,0.10799881867742563,0.2827744886815738,0.29708143672411813,0.3881016842612549,107.45096515788572,1.08081817609283,0.021920094577959362,0.010487650981322628
115.04908443358015,90.75308875553965,82.79457703899244,103.99471379310314,84.28282291326465,0.12988797279001432,0.2624083125080384,0.41419249246902234,0.31285782460434974,0.39993847524530457,105.85850899354995,0.3711355074842174,0.02057468559478294,0.271247610413279
91.06656257065941,100.28745572193752,91.4543848942919,88.59985369680177,108.12741659622617,0.24560391210866325,0.4680350727543421,0.13093810328780597,0.136465762321119,0.3113943619636186,114.97082959161136,0.5599283180412014,0.019448921302327178,0.1954311027983139
101.87997365609182,113.59044993001122,103.2495837862191,99.33788847095113,90.45025406443153,0.288329539614261,0.3553870109859606,0.19162245389568722,0.19041131639075026,0.3996438271078815,102.75069390279981,1.9742480187132567,0.0415447679151732,0.663297268270937
111.6826350036519,87.87484034257469,89.68913643892641,113.6635438701228,109.64770102916845,0.21670608028186927,0.39091669406400087,0.35628279403183194,0.13333086133166946,0.38445185589442965,96.05137929446305,1.7276387552374393,0.02005191986609232,0.22034887432153694
104.51493955918082,81.55682123146293,85.09030473138905,99.9982984075044,109.85355693931564,0.4518061498423702,0.42665850293904894,0.10354474635591004,0.3158855624554495,0.4653348847093687,110.64357308783391,1.5870659328805214,0.016038585642226395,0.25383687350748574
98.56403456767293,80.69172097659133,87.37079994667286,103.55066798480873,107.76868238751965,0.33949026967966656,0.21613042826124063,0.17781785679991896,0.3739790117419848,0.4085015738851492,90.36958777979626,1.4238878430951025,0.04407304024548041,0.4302299583251798
81.33713250847617,81.73327013842001,90.45240461825452,83.3400678154626,101.67784928773459,0.46503390596696015,0.46228663341324217,0.2357120664462864,0.3415507726023136,0.14060767434359753,110.383681430074,0.33367703578402236,0.025317659857299425,0.4379194391565812
84.94807927826722,105.9287733960569,111.08901277230348,118.82066655008427,117.93627846550856,0.137785020065519,0.12858742672021864,0.4708576984351649,0.16097297049099743,0.29293047939545147,91.19935915746152,1.7128402456973675,0.01736135988673943,0.6487788068214763
90.93460600941113,81.17638410492691,93.17648864447072,108.33920474850613,82.39204837090158,0.2732289459177629,0.22990844385066178,0.3150922609405745,0.10111635618943544,0.252059735327839,99.21523033803989,1.0745795765318547,0.040048314226374324,0.3103426243029119
94.38850630685715,91.92138190187627,88.77382543275907,108.2452301892126,106.36388020097496,0.29173762418786164,0.4213217544821203,0.3803853717206581,0.43990472160718297,0.25051929410604845,109.56773272962445,0.4220599543162774,0.03628697313887943,0.2249313937009003
101.41976376137373,116.4309855872639,84.1255541092109,85.98756897912523,95.33798716877652,0.15636221111895543,0.26042258557322123,0.48522385357000297,0.18573103762290744,0.16990214518962532,105.10636991286162,0.7763142695125322,0.04781199068074578,0.4865946576796565
106.23528207451602,103.36317168981648,82.96170749871727,118.3369921498587,92.20259265845566,0.47773491046363026,0.4799692339240852,0.15969474177196627,0.40778114462047965,0.2718970016743082,83.42756181183991,1.128444209622954,0.04511182318276339,0.5826248328375139
94.35890455132375,104.94519196173694,117.8066206983894,106.50752956413088,118.19093318190816,0.2968862864019687,0.2994752585832585,0.4873486244473375,0.17386444570003545,0.4092254941011273,97.86238707543927,0.2739655454870626,0.03777261447783186,0.7940780060518983
87.50364475281916,104.7523971589174,113.15515567505139,100.36097873019389,94.48694703317362,0.10226964334384335,0.35144404276352226,0.3610711906796239,0.4014824837802752,0.4703849451224502,112.47422239872965,0.691734077839922,0.016439645020951042,0.4946390557304285
119.39034120127508,85.63949361586641,96.43718110114627,114.9349501024264,116.01922986023683,0.40153404226225564,0.3928575943358036,0.20151500652839,0.49713588366859185,0.28736352436957036,119.87059889484868,0.8378663502893402,0.029327249537524525,0.3925868596662978
119.21528406239096,115.39390369057526,82.0382810154965,117.19065998509953,97.12668765627141,0.26698004091168925,0.3007510293108374,0.2576225823014734,0.3374550284903818,0.23984983591401057,98.67191926935736,1.0616348441855448,0.014751547608412543,0.10645440891950093
106.06476749826328,95.77103476668476,112.54672306454195,103.03677105291064,113.82178570216017,0.19597793957783838,0.4711979607182958,0.47113139198832477,0.29849816511227545,0.48485893757772136,83.43702890220422,0.25346780975421623,0.0319759312248933,0.7895384678519263
87.75085886083069,87.39932379019609,97.61507206339148,80.19006179849922,107.71411819585032,0.266286863937743,0.2549515473866474,0.46676245428566976,0.3531668012092696,0.4050069479987529,94.6474284157975,1.2395245853172516,0.04667134227785692,0.5479934521175632
91.84214911232044,102.291973848578,82.80014241843388,86.82577437530776,104.9143668008773,0.26509753262560853,0.26280066579040606,0.1333214819512402,0.4866975538455093,0.19118358673684244,99.59691990584182,0.5958589940203513,0.010152917882284665,0.13201394894358984
92.22650508444173,88.58887770342535,89.15386003231072,88.59277458901983,104.91403797722192,0.2977068254535724,0.14584410873842824,0.3587814453417465,0.2563501800991068,0.40706474963697103,82.9371411318947,1.295188428810008,0.04504059185058622,0.367741832470026
86.70764857877829,94.50825436719562,107.51547462373809,100.54684229390602,103.89123483101935,0.311351461795186,0.1517917260739751,0.10429620343797841,0.1849794729201218,0.38973859792818233,114.57035933027579,0.6685130374573862,0.03157272297035473,0.44824186847182745
90.03627917854993,117.30859492660822,96.55516993265343,91.47855746449338,116.17304736233889,0.43140565104034545,0.2365340142638458,0.3143700284931418,0.19600531618342243,0.4521772963679843,101.55164419628501,0.9547572727664508,0.01604998079566053,0.17350184561779677
106.21158461057547,104.55783452553803,115.46938608664672,82.34161145085538,113.50718048030322,0.4860828583636728,0.40117600949077603,0.13555468823673245,0.2748474322475676,0.49620227269999073,96.64462389765467,1.3413528486809894,0.04423462966714141,0.5859851463919158
107.11457457220403,94.39971179120518,90.25405370095422,84.19223599526231,117.6429668098676,0.19175393172530592,0.36818866807019157,0.47542539257106264,0.4092813553053549,0.34354406226571155,95.88738018443988,1.399002061271435,0.031475853905004444,0.5202700450318373
85.67648413318145,90.37754142923538,107.6442871827788,108.40609751543971,86.43074818410376,0.302682063558225,0.47152574493481325,0.2578933468430782,0.4605075999538213,0.2724211716030283,81.13234147378161,0.3035424629577066,0.027926628084640047,0.1869978835295384
112.56524643062511,100.4114907670545,113.93826712460435,83.49141559390178,81.71319996374758,0.4026180095035312,0.4662855597069907,0.32025716345128785,0.2239519393337032,0.12039468786346973,100.75502485601183,1.1863804591386393,0.02998872676762953,0.7918050965483574
105.479615259774,86.00095188439268,100.997961829332,80.56435037138034,111.197170421928,0.4237039854019101,0.3488039682773668,0.2052182591301983,0.45096466126463586,0.4681211055103206,99.02304326604687,1.679122921320174,0.01589486302794662,0.758934816777633
115.98120680714007,113.55531047857153,118.33411252601672,116.12383018635158,97.76072073161461,0.4548664318051504,0.34060715934247343,0.49063264286771735,0.4499222524807073,0.14170416197826374,93.83541028163268,0.6112403297202689,0.014509527002350682,0.21241688770585096
95.93392833774587,115.84734671886173,117.07755181428908,118.91343793272148,110.73268939371131,0.4924423903837377,0.3195225490679403,0.46801436142318875,0.4041365739330728,0.3590266701421675,106.34709167623348,1.180980116054673,0.0364622585085514,0.3534497236879413
88.07955319765522,117.79816544442889,117.88565867264879,106.64525455651886,114.29121065397939,0.23066895266254545,0.11081200943373366,0.21069450097683343,0.37432812914943825,0.44524596274863204,96.44128980672195,1.0333256241770146,0.04521647476180955,0.7158303532646921
102.4470568465581,117.7650778164689,83.75745586368365,114.55854785939083,82.22014516148558,0.10093863884619184,0.1831895095147289,0.36922708616083477,0.2134540417281625,0.1566811416214462,102.87056015354858,1.737386088836585,0.03777834844440894,0.3250366746084197
93.56428208872082,85.41302570461048,99.16540369851649,89.2898463196988,118.08289517335989,0.1327744392894093,0.3551515987298224,0.3379439268113379,0.4434454288598677,0.2259350668981059,115.40169699161481,1.0178353806189855,0.04363140759760809,0.7638564135263768
102.37285334613638,115.90922945214899,91.12233876204604,81.03910239786244,111.02620014735686,0.15468744733422113,0.41966203547607384,0.4952743699409332,0.2441558162472875,0.4461398456959721,94.55546803672256,1.901720893306133,0.04379086560785903,0.16032602910028226
108.09510639887887,101.81966582696774,112.6137091891685,113.6033749059253,103.51613232072695,0.405018188304345,0.4646341179034993,0.2697489906323718,0.14052060192952973,0.1473424825459715,95.91695358754194,1.3917497543222455,0.011281622951748043,0.5792178285040324
118.63711167415748,108.78847790469308,107.07501504650514,94.45687170234581,80.0903431440003,0.40527936818321686,0.4453327357993472,0.2828066963748204,0.12382835569485838,0.12668241614391587,114.63615885067378,1.2324206374161457,0.04083819596020902,0.47960485369405215
89.63770695576711,110.5568202725852,108.39485017748697,93.24088579320377,105.02331898153756,0.33944014002496947,0.46744974008598805,0.2598334054823666,0.3602479260796624,0.3168031075827086,94.32375720951394,0.7608591967100597,0.040883702821019934,0.276947949224929
87.81149917892549,90.54510877076176,117.89632375609986,96.52722291742379,89.79950377195418,0.4559031377808246,0.43295504465689416,0.1797394240677615,0.3710172394238874,0.4390012743238153,97.57451596274737,1.2939198253458024,0.023999078640206842,0.5742340427895839
99.48432987355966,95.48063519149464,109.18116149396423,118.48464425963525,103.66949697830768,0.4720997527250156,0.3359708562100888,0.17036449406420667,0.32329283363377825,0.36632760466334024,112.03248889433046,0.47968123931910084,0.02639396040026542,0.019368407613632056
103.6458874774766,94.59335434893933,102.5852372790118,92.77315465548553,80.04368297249368,0.208995624608027,0.48920059285027595,0.1917305005232296,0.4645410086924153,0.2700723030098571,103.67467609565719,0.9784271670649445,0.03981960000502668,0.18469587947903765
114.6438469151394,97.17776342086822,99.68353940215987,83.34003661703713,113.48442053621568,0.10022166593316158,0.31731562933999147,0.3513143463669387,0.4477453412833191,0.3162252953881054,117.35543395081056,0.7477489051233188,0.04946218963481824,0.20903642284496238
86.81348281510361,96.42484635137264,113.61062188255525,98.31131760854078,117.24609341865855,0.13765175286109266,0.47072542372251114,0.3261419163701893,0.20861247678887163,0.4595434465953976,98.82651760688915,1.422983881074515,0.0495130064575988,0.09397632535140588
88.37257213682759,108.60931319819085,119.1199409424691,101.98454548881244,107.68735594575972,0.14836538894681373,0.13899313560534465,0.3140036375202327,0.34995369112248387,0.30438366695658925,99.16105633520633,1.5869929676761934,0.028953714456501266,0.027168883549162803
95.72906638404034,110.05349358901876,116.35496226094916,108.12222268202117,117.43714845523917,0.47159681884497295,0.20512833389043902,0.49609403035042476,0.10773973377839496,0.14741359786406108,81.71713482865916,1.875100495874125,0.041582029618159655,0.2823580055838388
103.54610607969238,103.08549761803852,92.18509552436622,108.38509964655144,115.27810087024622,0.1742705224109648,0.13183029082181066,0.2752871465716058,0.44614887028484784,0.4283037307520522,87.89212654647267,0.6386763488667924,0.028642459705226886,0.17461972799065892
105.85264904515725,89.32156882394332,101.76436458886747,110.2374966780566,117.57453259491011,0.3979027424190469,0.10296376077418308,0.4462824107024913,0.258599636782086,0.39265510180955154,101.59997264207163,1.7983137219678884,0.04463836593621479,0.10629355964036957
86.26384198082216,85.09988363866242,96.51774120931624,85.02444677850444,119.21715650020474,0.3907674737854915,0.17100841088741447,0.3061579390337304,0.4704723835784297,0.205219452032752,87.48442547884612,1.730415099081125,0.035989106440743844,0.1258485954985157
96.97217469130237,101.3444207627162,89.08351125171086,97.96504494147717,119.38775739444878,0.3860111392006139,0.48322041571754826,0.24425247025175698,0.2550534690766609,0.2810250036834294,98.14333582729193,1.7592552561675108,0.04746561563697907,0.6610131751686624
99.54748605467879,80.35295703217945,89.70110121002523,119.13819321914016,119.5627005364293,0.42361569666777754,0.2757138886944644,0.2944983824029501,0.1889269959081109,0.4953380261408763,91.33268720510259,1.5458327576857356,0.049889606454007,0.07592229721552046
88.41972359086823,104.61056351375413,83.07633322021658,103.09766569778517,85.03682805945749,0.45694166158795935,0.34010172521138304,0.4842240285839675,0.374799106698952,0.48364225300766517,80.8325332284229,0.718512526260186,0.02320750641371503,0.5798841809828196
112.74646094570632,117.58299950408977,86.9194723219793,98.50848674379296,84.08171993898537,0.1646143466958519,0.19018296276123234,0.4540729854553577,0.26794975665064824,0.24846308164102726,99.00437710155663,1.7862763062719311,0.04917295253248493,0.043163536150606245
93.56560028291901,82.60391019042106,90.58186112069708,119.60894668357207,81.78413069285608,0.4017341425536043,0.35213026406774384,0.2376286399068971,0.25914423502109074,0.2633535033200617,105.8507992901514,1.2992098085926105,0.03770051867322825,0.032505609210526566
114.35873318474682,83.09810311016419,101.1598772446944,98.08479169709383,117.2621864008258,0.1505325312276177,0.19182157178807135,0.3150121126410015,0.4127308609113999,0.26761931377168835,93.52934785853864,1.5460704817247835,0.019523448009161302,0.3537944269579485
87.96199449140359,87.1872806151854,109.94856354271329,109.02877892401415,107.96727081971196,0.2533411198343837,0.3602064614122069,0.16290154555208516,0.25230012976684124,0.18325449447879755,111.06107846116852,0.6092003729878007,0.010124477996793097,0.3054824117348445
81.04508464689523,90.39838746899635,113.59580711417198,104.0343248582709,104.08779682928727,0.360658493731166,0.14494560596643097,0.27912912784097715,0.3384728228369634,0.4334701771512961,85.84215723178394,0.5254684371495435,0.037353539694146794,0.43659881492106295
91.83666421619247,90.40692354227792,117.86219552073018,109.11021115412849,85.0746447120735,0.389820510570442,0.4771452484055452,0.37195136290117814,0.23967585396007196,0.19268955300576882,83.65166941688408,0.7344903613807685,0.01889518722241327,0.5621144609494401
117.50827768575056,103.2948060727222,93.33449467828352,95.88557785598394,109.01618041410472,0.12263296146353611,0.21103504668398665,0.1547394755386803,0.24768991109667274,0.38103125570104224,117.39365976184251,1.1448988593574834,0.019255144841863837,0.24784857289295462
95.05090606744335,103.14979196474428,108.4199798659362,87.81499989223857,117.76965944970198,0.37681360968525834,0.22726657174557682,0.3034209482464352,0.18670862792071966,0.3011906874136073,116.86626190828045,0.9790939182095214,0.03208672259408024,0.1555258790931239
94.2469108574164,96.77499028307658,107.94057471471282,104.35140357551056,97.60479347756717,0.3040327504920457,0.22051873556736076,0.20378711849623588,0.49182978559267276,0.3148494044395015,96.26176994020955,1.8033140630676907,0.011237036867741428,0.6576934489219706
105.98968161203166,116.11313230288178,112.01134466581675,112.97036039819095,90.33633634269252,0.3248306526309264,0.10311763614722476,0.17273631265418005,0.24264878472800913,0.4863922970075075,96.7972755219161,0.27278238051696607,0.02665477020760819,0.13224554920560197
96.7761339719055,102.15276566616237,81.76763276645931,110.79168721509298,92.93853697660356,0.17009669371482306,0.22131588453074708,0.49606279751399174,0.29244345693435847,0.2273631101880906,114.04142319189326,0.3900846876554096,0.04197493888602944,0.6387621899295272
91.30384312164057,90.37168037424586,91.33517061680257,93.52059328631329,104.19298232304637,0.3537435681947281,0.2985209138065775,0.48297963665658317,0.13327801919681811,0.4162191682070645,101.22084472183839,0.8194672555209448,0.011090409552351535,0.4697175005404408
103.34261287600253,90.22847014407502,88.2569710629283,113.05432760285427,83.70893350705467,0.21163455138519402,0.4226677323960927,0.4390881362331466,0.43968914320935937,0.4466782795553689,84.68455153068793,0.5435314067808148,0.034957663161860324,0.23149598662871462
100.5129136480371,100.82243496757104,102.96547227246487,115.42600463628543,104.95655760379071,0.3872510027132363,0.1569616586859441,0.12076103739951077,0.23630609751234313,0.29802794344443095,84.59493770872005,0.9618135783327447,0.01633518633127104,0.25140725121086654
118.94535064992093,114.8541233339491,88.58961037948846,89.64733240901205,93.79096543660683,0.22104836029582106,0.3968827735702384,0.3889773911071699,0.4887698004454978,0.2602292361997638,85.24522953238782,1.5057879258490097,0.04451357497536213,0.29650356901977565
95.66057660320526,102.11980481230782,89.30050531585356,88.89380724455063,95.25559829472319,0.4142910643239054,0.39647998829612274,0.4954998068969175,0.40944610048374597,0.2134298122808249,111.23060817342225,1.9884812756518453,0.025627477156042862,0.47286378223776204
106.88092452851008,107.52502452384753,119.04466960161159,88.09661735687256,95.71436607427923,0.10610895965109357,0.4872664617915111,0.3864276175378988,0.42504265117433937,0.41729766177150096,104.07585062373772,0.603630807643095,0.0424848931607,0.783701424627319
118.58709991756243,107.60034970662208,103.69114099288076,101.58584205605388,83.02041520545026,0.3943044359972677,0.40058978743367013,0.47178327390954744,0.4656445127713895,0.2516906983359932,91.99064764436287,0.7154556105157821,0.03895281056075434,0.2546184152141576
115.73495235263641,105.02020861660431,102.86669631712137,101.58001373287371,95.67656829284446,0.11238460945313916,0.11547263739842668,0.2786553458093875,0.4339918119601629,0.43904449064620876,86.48293681612998,1.5952926367104872,0.04511340503831973,0.7534943293665697
90.18658765443571,110.21287941337937,100.38270071046648,81.3575812915688,95.96377999088654,0.26175583249196976,0.2206446501391869,0.3026405777726183,0.433017282747975,0.35459844787086725,84.93854082535995,0.7260869877754703,0.030674395795351063,0.16411748183956407
117.1441455289133,94.95578246163451,96.52932031702295,104.95844492220142,112.0669921526353,0.15592232546381393,0.2448935774634231,0.3221703660766152,0.3153049725148688,0.43225360803548296,109.65550035137247,1.4815624522907551,0.029444520207126804,0.09036649386912102
106.7384447081885,114.00218924491786,84.55882348162793,116.98370213274595,116.15687729645543,0.4728687055362628,0.14018523767010233,0.18976303613835532,0.25686276425576865,0.21855923258041116,115.43450278436423,1.271105834494166,0.01149722129462515,0.42569102558513916
100.76594346342351,104.98968951148804,88.51252200805607,97.91789751925556,88.1081344367925,0.26331619798337713,0.1162884914460928,0.126405308065126,0.4353445911748298,0.1410327136447548,101.24313546684877,1.7460646729537475,0.03135256350839403,0.7811846965669936
80.87906715764078,119.2361227250821,90.3658606284082,103.72433235591342,92.01001534151452,0.4296300447978998,0.22260480072121402,0.22368934795554232,0.14029881125072285,0.10530535259339949,110.90840388740396,0.3083393560685484,0.03087905469909593,0.38789103586561824
94.8248648084174,95.91046234329099,93.40186925299031,105.49599037359744,118.43745081954424,0.2421154433781541,0.4341427625175933,0.46798218581522477,0.12463422245213183,0.1123632255222435,91.3251361996657,1.9645571799335118,0.0342557913021072,0.6399320481503248
97.14538600024932,118.93306896217061,106.71188949379132,104.28544780084036,89.48415407195692,0.1635202480521334,0.40651592347427834,0.18195310640938991,0.1923241497577864,0.4555770791565158,103.4265517381634,1.9374386717492686,0.015240865549253475,0.37803706561340333
82.51682823597523,114.07739081167315,102.95924255777075,96.57655449699527,112.47869288353934,0.4499796155034139,0.36811568776806747,0.1656055121925916,0.2524596758606288,0.1944709624636421,97.5215539138057,0.2891786406881192,0.03159871638779765,0.6800014504332184
92.42321530309275,111.34469023857949,93.11855341623188,116.83524745616654,90.7186749782721,0.3687382327372515,0.4119724216722511,0.15685348880702224,0.45918233316280754,0.28513036287353466,83.5077676872117,1.1241414879365614,0.028161292189602546,0.6501926077775977
85.50216470298284,107.92386833397647,86.51389012259084,117.97452201155943,106.22220449555464,0.41800234179797935,0.12065504341678493,0.24423247480777507,0.10591237907893009,0.3873938925742598,99.49467097899031,0.9524956836960599,0.03383903964986279,0.5489539998606993
89.23442645138104,88.35275737141716,116.95500156481685,104.31431651399564,115.74944026689667,0.13178038809247408,0.23531431641057782,0.4126994722555227,0.39958659137316566,0.3561158481491371,113.8714699599583,0.6947855146064358,0.03642200332291823,0.4923284767550591
84.409008193833,117.01568782316704,100.80197247976353,106.73687665325403,94.91501886165122,0.3776082555365555,0.3604925300414291,0.35651038360273213,0.23986185601655988,0.11126628163074224,82.0713007130398,1.9611953620463203,0.02445693635326652,0.4145142617203907
82.36561288023304,118.31889765367316,119.78393316433929,94.58187395041772,117.75471719007919,0.276730339926312,0.1181838606361379,0.28754695804945674,0.2856315906919027,0.1714886149055277,99.08423907884622,0.5555508169219734,0.030162122576669316,0.7654071240732316
86.70905163846257,86.18737798634302,82.92447360036687,95.65077630336603,82.09209000726396,0.4137046521476745,0.38168373676417244,0.3238158162803777,0.4703634320486749,0.21487484528408435,114.93052304244141,0.7112203615273179,0.025803912772022708,0.445903873195888
95.78628758451588,85.53561714598673,109.22111182291829,113.33450597345632,107.51261711185151,0.20481288858599742,0.1733743262209556,0.31777591511268,0.18214287307943222,0.4475582313606473,111.60287717906574,0.2643902038184639,0.040619597338133515,0.2697104493904764
88.01976609744624,110.67392771631823,89.980007881331,110.37954387874109,102.69590299585563,0.22172390819352158,0.2963724040944242,0.311804305972065,0.2230586189741994,0.3953678484278753,99.73799918666597,1.2653904742288136,0.041856947937775724,0.7057736690439782
94.66850065164839,83.3396951206423,113.10038039228104,117.58611683192902,106.6367112000255,0.3768291744935026,0.40432441128849783,0.3423681879163976,0.2840729169039511,0.2795668386170065,86.8537855705475,1.7563976181333067,0.02171765588359969,0.528027896503443
118.58166266773756,117.36445676171965,87.78433603215015,109.24849394392854,93.97219277750779,0.38661382464738625,0.2508140964222064,0.27490391244487444,0.16546844768881375,0.371852182528552,113.94104785165999,1.3383476373935912,0.02038183752964591,0.4465384042501418
99.50069442262503,86.27861724595382,118.9911771223061,109.04549532305634,90.67633238523872,0.13076989969391728,0.4962048643521927,0.15749503086784628,0.2531913584473705,0.19511225315931255,86.12538329418487,1.390312645488959,0.03713292424561835,0.5457364603079609
94.85886760672133,96.89931707315138,109.90134896575361,117.02789067078338,92.85760531938287,0.21626325039353664,0.22898129972162584,0.3873346556217516,0.17069970926177958,0.205542616871736,91.07282852788407,0.366060646755045,0.040960648212692796,0.27909769254107425
98.90000353121678,103.72830291338805,95.73375969601263,100.16725293462741,84.22830516080408,0.14048243610817768,0.2325839994856307,0.47649669734420885,0.2520435930733349,0.410935321618613,84.97100765808938,1.5009126334437628,0.010434619663127349,0.3366823914198751
86.70697550880664,96.04405028880579,116.5975604708221,93.97432182978534,89.99171234420055,0.2846815752000377,0.27983987372481267,0.4295883776013659,0.11072778142950979,0.44595459968379203,98.36036457711603,0.965757732888562,0.027097439258889043,0.15647580796704208
109.71448883397103,117.96520664306436,98.3649446825419,80.34419822268733,107.52597325902471,0.29408338064007444,0.24045087407362367,0.4627339803835604,0.23594374070941418,0.49107894203447844,105.16791711890603,1.0789968100273968,0.02230923513653718,0.6840166485868768
96.6024320646458,106.9458214646486,91.10866063316814,80.0963257526785,93.77984874982415,0.4745425997131819,0.2071692848866968,0.23624108792947263,0.4248670184068206,0.17824403290589058,113.08473243942967,1.273777246462648,0.040660818157024055,0.5324736589624989
108.19169370451766,95.72453132036757,88.76696558612903,98.56027456536407,110.09394093193542,0.39278062562860894,0.1516604588034093,0.18224221069838642,0.3002023238354671,0.3983526907265692,98.45350433527426,1.9568876367205386,0.01574162898483339,0.6594093883068356
84.77732347169224,107.67008134586591,106.69376095215789,94.82951518740285,118.81344765517977,0.3957714574204729,0.34356890889869807,0.20884506955836235,0.2661511456573678,0.19848570663366416,118.8288108634076,1.559320697505524,0.041129860120031746,0.2539124551886075
115.78821197921405,92.64645923208279,81.24364373575372,92.33219226980307,88.18887770164173,0.21080697001631876,0.22928960827942646,0.33953908441340896,0.18303795542046633,0.11702780767363903,103.83427949820873,1.4468724072104848,0.036456264678058306,0.7963498478943218
101.89007656190371,116.74977684728618,114.81350040150086,92.23316622659307,97.14390134222548,0.3769818607196651,0.10872256024232813,0.4883139271436274,0.24011420409866827,0.10263254892767307,104.17640141100303,1.0058128108743039,0.04371718294899569,0.28576813930645323
81.46168796318265,101.76654030596598,82.53471920202915,117.544246649164,114.67735339409089,0.4538341245658083,0.33992181333473115,0.42695691793640267,0.27400988625438616,0.24167275320557335,87.01152118505343,0.31028840392550305,0.049609733896278034,0.2829704221062456
88.56750505750011,107.97474719448182,102.72081529733333,112.05430850064732,99.02608427006079,0.36207577721917217,0.2624003499564514,0.3224834392083685,0.2111291512458976,0.23305816269231003,87.60464138080386,1.1926981766396398,0.029062204802008933,0.7685083675662656
87.67087882663112,105.59373600491327,83.2112130798378,103.38351964673689,88.5081922185783,0.13287630528868855,0.4125487946873462,0.23954033078955886,0.48999965817244984,0.20390352964751673,103.06504628334001,1.40654215315928,0.03797645978901161,0.5240519057526999
107.39745748494241,113.12172646912434,84.38098917128289,96.01074208594369,109.34086351103987,0.2900210721078103,0.22221288021535646,0.3775701499662695,0.42334636784816826,0.29480429220715104,108.83517615021731,1.4823319482393755,0.03839843753842374,0.7467538627220632
86.54812246075434,102.66094680142852,106.87355927502892,94.1917442895753,113.27929096810405,0.2467710229624848,0.3979005276255385,0.1765820176256101,0.3397865352848528,0.39344978410916787,88.18826750591188,1.3137918957316845,0.04378292997419158,0.49851350903990765
100.42632740186855,105.0797935976204,85.63491186819115,80.92640698130677,82.02994283299945,0.20770784455162908,0.3622797360456078,0.3940904580347705,0.146966651793629,0.22956299373566794,99.36070710770375,0.7756422939285044,0.03072500727443015,0.19717984453065088
116.15680592792864,115.30569536993005,112.3036575664737,87.98448364939443,101.01834607798013,0.26252241917367536,0.41038295882395914,0.327002053165016,0.2798245892547642,0.22750897946835844,94.24800245232655,0.6368049529472489,0.014305909622721562,0.31258920610009355
111.84468402193494,106.98676725023095,84.6208477470375,115.82164799249695,86.42729571111849,0.10162454688995348,0.10808803638543481,0.19617849029450346,0.14667624233403706,0.14783463881111017,97.55055024327163,0.40766453797179547,0.04917451820357955,0.687129899365752
86.87182773653342,116.04034516682833,99.38467756378064,94.91567303825867,102.14626969192226,0.3410958496265786,0.34218212928807784,0.11790884377493721,0.33757410072016536,0.15832743761348064,88.88523752061414,1.4799549025478924,0.012273493782954876,0.3915695433918382
119.25589331328445,84.78521820964171,110.2779539516826,93.3730344897651,84.68197083390496,0.25089029392289575,0.495873543867033,0.30880214528817956,0.11367520534493805,0.2390632806716833,85.6289145612939,1.9488753971762192,0.04849498027482816,0.5671836983448184
96.87733421411755,101.95011510901084,88.23846550912587,96.21077836386411,105.42704101889163,0.3683592635347065,0.18983915385403602,0.4857796947834305,0.2701174791563662,0.10843492269708421,92.82004116215484,1.1687893134202136,0.020214329027411763,0.13322301278602264
103.05792078880889,108.92642376219402,113.45618131749605,96.36561327077494,96.9186910184891,0.31622646584518355,0.3704758497410149,0.2823964708206943,0.47126833590954653,0.46077286698624254,114.75666667356616,1.4280696643917488,0.02969935684051237,0.31981488648000006
99.86768537820612,102.65413513525215,84.33290696951566,92.50541416779096,86.87567181508098,0.15558402926110315,0.13197926693778275,0.2249235989723161,0.34325306490707463,0.34063812572613583,112.20903038035064,1.4620543794838579,0.048026460149751454,0.6715657472112596
95.43411049376526,118.93416290296146,103.30923826723918,97.17526079682185,102.63747580894835,0.20865723989000928,0.4804402187108002,0.22293268668621363,0.42167977444046256,0.4327920722338807,84.0661653485085,0.5325236851898774,0.037066421605258394,0.7528082701750606
106.76306221708717,97.39813853161604,97.90839217011549,108.05604517526834,82.43450332822805,0.13937400757093701,0.19302116487234078,0.18607660318009747,0.46786052670991984,0.2404419695755741,83.51234049121443,0.5856524829963003,0.0334224538082068,0.2594405314095945
101.60322273153376,101.89311248870806,110.27009044513524,119.30579009346633,111.83019147147232,0.43458853335660297,0.29120720087091,0.28288761767760817,0.4613685430372977,0.27636056287777083,99.71804915276176,0.6143101531478408,0.023035714355338875,0.1380582546925914
100.15154450601872,86.77812718428714,103.53043886532683,113.37195546850744,117.2965625458133,0.39794076689237057,0.2697510007161469,0.14074789463052506,0.12123791779897926,0.18329607079147917,91.09528808557911,1.882472683993691,0.02169624178497529,0.01873667098090417
113.01241517976402,87.55874425450254,108.50303457397325,115.20619789943373,107.240678665079,0.38890721449084154,0.2494598880401979,0.28164303255501016,0.1407505594070193,0.34921503991522385,112.9370318004504,0.27726510597352483,0.011311106563703465,0.1019075645871789
107.43008163712861,100.00649145004314,105.4790488850202,91.77522876892084,83.55240347142981,0.42137928416078074,0.3498732976017448,0.4938456327301225,0.10653655660498847,0.1062679309002085,99.44724718317605,1.197045352766645,0.03345328907805281,0.6685343159573682
113.10859618981601,117.72577229566062,114.27289341507776,93.35654215123212,83.74120605231712,0.30000224124601615,0.2065632235508227,0.3746041621404016,0.41728406142125296,0.1409743635131999,114.1083096180746,0.9100608391128732,0.027204050623251805,0.3645471613377531
91.20553550525626,113.713415032396,106.23258030532864,118.66776976411748,93.70724073748414,0.46693528109849425,0.11196917512244045,0.3753615711177988,0.25380030650291563,0.36697568512395295,84.32795274569509,1.4038630882860426,0.01897204787802427,0.23329718160765964
102.05888481166569,111.60152886552912,89.35967770927249,118.56359898638664,103.6959068996726,0.13905452864435863,0.47483212777551553,0.47496333593600737,0.3077603256704447,0.3038338136260579,118.80308306913781,0.6358612883459664,0.02536856497548702,0.6205280492986812
80.31590253278613,81.0061310251205,115.2886406560638,105.8112611104431,110.52290076255449,0.3539232751254817,0.33202758021901513,0.3174186267310045,0.3356764595543733,0.4434520688714678,110.68405368309784,1.9320489345180156,0.04763768832484223,0.6347567367407401
111.36064003827633,96.81839105003107,111.94444984569208,117.50129779250153,86.88684431078487,0.3444267118323137,0.17833374191869789,0.4655648161516833,0.1863842474331383,0.16606467791640994,109.27506252264143,0.8296268347448209,0.043936004737734735,0.289728370585432
110.56545598168083,92.3116803046226,92.85972012215416,96.51019404145545,114.54878079632343,0.4988231316255446,0.1853666777812113,0.14003734346376295,0.32480288434772026,0.43087749746999726,117.60864644926781,1.8703718678290027,0.027216291962086393,0.7210941152451205
80.88224269240197,97.35704827241057,107.20190598277082,84.41661833130088,111.69014388069667,0.12430028794532087,0.2960416700873093,0.12740093618279566,0.2714764471557132,0.23758405150813,98.81210960900694,1.2811006246936307,0.049198121062754924,0.3704898665153762
117.67610391589412,83.63739284307914,86.11792551323512,118.96388899784812,87.91422563142966,0.15485176725322258,0.4724084093720864,0.3539547917809456,0.43722252023128283,0.46237781167260394,85.95555656247406,0.9753069232001347,0.02848471091863422,0.20898494474077572
83.15758702812818,118.087701455836,115.70490839237875,106.22901890932525,102.05723709150213,0.4720741323953951,0.3992458465477515,0.22277932609367893,0.43157304754214143,0.30807316459282796,99.87602983364305,1.534299665719611,0.023965675128603932,0.7198047130832147
116.76930785211081,106.22080300445691,106.3358663726028,113.74742256807812,106.12982709169684,0.2086615687307082,0.2543095239975679,0.22048941230924346,0.28648161600121097,0.41253405524836484,112.60895357642235,1.2178631799650925,0.025516824381949906,0.12236118227912085
100.1470754815071,95.58885991593792,100.12535571164963,100.89914596348777,94.43327524473007,0.2939469367370134,0.2071434312363926,0.1349612298716123,0.4423024348518395,0.2669474427105379,114.38171835862536,0.49251942044981145,0.04498466746042874,0.7967548154191566
97.92473635921384,112.07487731454086,96.66053474703551,81.02239066541718,91.32077287095396,0.2767690181498471,0.40548862809302877,0.4398905983459239,0.3044579631898682,0.3529471335234349,99.5418282251133,1.482856099418321,0.020710190023639257,0.4906017811705443
89.26967456366793,111.74328047327873,97.97172233887235,91.21242172140532,112.42819535366499,0.1956626802155934,0.4740271782264106,0.3271685072246968,0.38784195619807715,0.14568522174102833,109.29208880697175,1.264114346536034,0.01888411051829508,0.7322779715220543
80.76867218226448,86.97003370924871,113.07819277583201,102.0260691064161,110.94599098317921,0.3547683809430866,0.24757991296141327,0.28002519007139604,0.37286481293696117,0.41853101728337794,89.87810800956751,1.2398787249133951,0.048421892966121406,0.14306864593157087
113.5270405904831,117.67853954354158,82.53698397213353,111.96938973193888,108.3506459287934,0.2397460953340127,0.44929474089385235,0.18759612167667805,0.3251592933050472,0.1605061921338957,89.22188167639507,1.541755115639789,0.039370756319989084,0.31128901163435796
88.28102402706237,117.26809065360493,96.16807521225567,115.50442109819217,104.20454818659701,0.21569990895775482,0.4581645877589038,0.10462271042998186,0.4662444754581788,0.23136081356554405,103.45038209532272,1.3935903282701412,0.040551232590645386,0.698600746107788
101.06991786163826,86.38095735583917,116.57310497149251,102.26647629448985,80.2436962198727,0.3783181679508336,0.13668731777366713,0.35650858493465665,0.4637845119060754,0.32208077015999326,96.87004675030398,0.8909244860804885,0.0396116159541764,0.6696807071203857
80.73138164281133,111.1053042007219,86.47745413513559,103.94953742512581,107.24327847735921,0.24484859931339034,0.4174310480384775,0.3850901697486372,0.1470770243687746,0.36628061475065465,86.44209637688388,0.8073553468931542,0.03731629451514644,0.6974809198725778
91.17462371793988,102.7725523364565,89.61034983956299,117.85261709471803,114.40680625396668,0.3658623384339519,0.40076846694387924,0.22652274605610262,0.2605111926563184,0.4840152226143247,110.45449971313516,0.6889329983746191,0.013649918702975716,0.22436731996299752
91.52171165989877,101.15257963801359,100.02531428615623,118.40093031800296,95.76115120735416,0.3293827683111171,0.30340199083925784,0.4947398768808391,0.1918230527584223,0.2591747640235279,101.28589790903848,1.2565045032768778,0.04014715388890481,0.4940944199311035
102.48910218486267,117.14826379549748,86.51244204706232,102.01942413113352,84.22691681447319,0.40395342463831563,0.38524023251441786,0.4866802572303529,0.3617201363212337,0.2252379892994744,100.81569229666232,0.7748035784944753,0.01995687600543681,0.3116788221261022
104.69995727274002,94.62732813548018,118.70544292718402,96.61636724594105,85.44750550166827,0.25906078682186995,0.13588516960671596,0.46948810332883195,0.15146720909847697,0.31828148963057906,87.57238078718719,0.460732010647262,0.015296210568344328,0.2566195227690332
113.35999843713617,112.83466765691657,107.79438478171137,109.95247207536912,90.58860870757627,0.26055804984698716,0.153689445213095,0.21719690144991924,0.35342760636165005,0.11250059644434632,89.64562545063708,1.6197206112813824,0.049320119672632376,0.41610208261750564
105.68214001691125,81.52079484821574,87.87560575560138,117.29117790212347,109.56941188330634,0.4863958133405172,0.46363824718802027,0.13384057853060122,0.447341419341556,0.23142848741929878,107.70831537530668,0.6159814238190726,0.011114551336357406,0.5720423579690859
89.22690163957031,84.45532358077152,117.95677779474006,84.48750664240531,90.28280192188993,0.12700177941030968,0.22244513371675825,0.42355499768691407,0.366332580867169,0.1954238402681555,114.07612330005394,0.5385347357278523,0.01126544374294074,0.4148142646364886
87.30535971997828,80.29855281647072,92.56539096392176,118.9671548639505,93.67613223237426,0.3876705906280967,0.3831284458042157,0.39714454540277755,0.3162626670654959,0.4275782608482812,87.08848587257255,1.735751702445246,0.022396501297683336,0.18439832639316256
100.17219517871095,109.83743135687126,102.04320408316865,109.74366029649227,106.46543472762062,0.35654488718276534,0.150159683897757,0.424102395102134,0.2295072420177866,0.3820138872789175,112.49382884776728,1.4787240151580812,0.04376808252905801,0.6459941069004329
104.34252091996059,105.98595628846981,111.96657448313005,108.40765579204417,111.67099682820766,0.3700526824367223,0.234365008414684,0.16467346339547287,0.3779832351761431,0.439609341231764,111.52380667570998,1.5907746899941242,0.04911776485326697,0.7822309435680662
85.82390553134125,107.1069493084216,109.48087649302133,91.99865729987339,114.98309311373129,0.435292526773814,0.3506019367465464,0.1909629078939139,0.22648398692118046,0.4018510723757507,112.59647274301311,0.8631309557069621,0.014741108915298753,0.2903028979783782
92.18846413210801,89.7532847750599,114.68387261922045,89.88079352465707,96.62009849727201,0.26434157188277113,0.39299896738727225,0.22377999703725027,0.10252729861469279,0.3413960258625297,103.26975255567325,1.3305133635136848,0.02581759335387796,0.6794022551667943
94.71691320147275,115.9224729023309,98.20942953151857,107.77235733184862,111.76155618575316,0.34036654204216027,0.3510218731119986,0.20727425430739277,0.4244283801246356,0.29498673553214616,94.07368074763005,1.881339937882963,0.03937207314079079,0.6910902174195913
105.11614322988706,117.7477799329966,112.10030117024033,96.00826510699453,118.03247373030733,0.4049551635939389,0.34443738575050586,0.26642832592092824,0.37185073865624485,0.32999094240482224,110.84083686476173,0.7447202092775105,0.035821129911948794,0.2084169924571654
100.98299333085336,80.90309291779583,90.40053118611587,104.86918348149067,86.27259609297747,0.30428445335915494,0.35942421036772276,0.13437559054677176,0.46410443574217153,0.23403281843294416,99.19781686288147,0.3706836672902618,0.019335067156634595,0.5642457022297909
103.36272179572815,94.46392089230119,101.37541920233096,80.07499391493012,113.93685418674794,0.18987718543481177,0.4087185430704713,0.1924887548370073,0.49830784928042404,0.2681970166253772,88.87456325621011,0.5490366034118243,0.023168237603076645,0.7507337613690419
94.47701951102113,85.60633737111812,97.51663428020319,99.44709173955337,105.49610841984756,0.21864976346525733,0.12482602905042942,0.11672167094552806,0.13805622445614718,0.10201313152484476,96.09547040628806,1.8205659941020997,0.033774986074396246,0.5918847530675714
100.98249761409119,81.74094328268251,114.8604928831106,98.26035727147845,83.07951090132036,0.23083599176237612,0.2241817600403224,0.2720366981754357,0.19316916929643924,0.12509646317764794,98.30867365121397,0.7426793938386405,0.01141626228457374,0.024017410869251687
110.9131294611674,106.40617675132273,105.97751091076887,97.07656006942244,96.41988250483953,0.1284650111811795,0.17285855012207318,0.22663581074764588,0.15919682008620495,0.24604712944577176,100.21380611166798,1.109692586867037,0.04032915909419393,0.48361538552174904
101.45354545549371,82.02377651596413,91.95831056871684,119.51576694249493,106.48769956512304,0.46888806134487926,0.20464120381184672,0.16735972680505876,0.36591050120089275,0.29635241518427946,115.90254301635139,1.185495634616423,0.021016196770996518,0.6227611337203953
96.75736661669288,88.89452411761812,109.80837447600933,90.41161238824765,86.49480415385182,0.11890160632370286,0.4151229324665555,0.3861371887415105,0.4909193446961365,0.4753226478249183,96.44660050305073,1.93002384378093,0.043133847372908166,0.494509265777783
86.18059600937148,109.1705311665893,105.7124101715487,82.79224397484923,84.6017126144881,0.3336993174500976,0.374408517432245,0.26380272959473083,0.45538687461161864,0.32112353007973915,91.39243268164078,0.7775882767831684,0.03734675367283148,0.022991875665130924
105.35387469414309,102.84464407488636,107.43996241487254,87.12155633453048,109.06351624868668,0.2302205305340182,0.10379659676383302,0.3345799059907999,0.3101735562059578,0.42475087114524135,118.49391830765205,1.1624347592325581,0.03581658083466448,0.09613526675379323
117.44385869322198,104.04201258141765,87.84520078571136,107.18175421136426,93.72326734184257,0.17480185052265457,0.4261605071389365,0.10611344410222544,0.33492535107989296,0.2587409604979525,89.67792763724363,1.9267175749819945,0.04069444483776533,0.6412978300725265
81.97150985542886,92.09354781409994,116.22340407800527,96.44557280703901,114.58661352124369,0.2326082085369567,0.27331838686668825,0.18943659447962907,0.17337026123999005,0.42204275360057986,80.44465162968368,0.6023534351098667,0.01300538086467089,0.3904426887623892
100.34637374091167,100.679119558384,80.20865284259577,105.48416293155888,84.31255380121681,0.19110332009225894,0.39478879779854636,0.38454421777705294,0.11336016628280099,0.4524289680750181,113.99284072484902,1.2962992781628606,0.020398829275235633,0.7663815003500809
99.14993658728217,90.41267422632396,95.69531863317259,101.48309422667204,80.57856458407892,0.41574205203735215,0.41842689976935377,0.4236764208876108,0.33302129163002553,0.49735234675510487,118.1778308307263,0.3613118230629141,0.030869498705629092,0.3319852714066922
91.38334333086492,119.5844773716746,82.29596503282238,92.77573952629473,92.85685899858593,0.17166085619098204,0.12893437237666994,0.38166698895176887,0.2175748949582745,0.3432932895720211,107.28527789891675,0.7102065626516182,0.04108625334611538,0.6573666118334445
95.1754368373105,107.39123673769382,89.90975194731858,98.41077376544212,105.79454267409797,0.25668064517553707,0.2334096634004014,0.457299449837949,0.15681738344477278,0.17559426175745965,96.30598616768484,0.3711261442722058,0.04396223010632854,0.028394032664556423
92.89288233314355,117.95090322013019,119.18690539770725,84.78694270750044,93.75279537603241,0.3671363411480323,0.413040405106052,0.43288579679396866,0.19245988653690077,0.4528453673157816,101.75018740777213,0.8277673084080542,0.025284146189416955,0.6728117841916639
88.31888279225902,87.4715838222846,99.63919353353118,102.55308432539516,97.02608162390396,0.3438202625698221,0.42928736756561736,0.12740877608128787,0.24275773439416862,0.3099455937962675,113.28006284386626,0.6112591636439206,0.04174590604433747,0.6872461661423876
90.90219492389443,91.14486297014558,119.68512625362924,116.94709495961001,83.03595363957429,0.33078281303291435,0.13962862162948247,0.31546329784087024,0.36619457323720983,0.24463803430586908,115.41361319786381,1.647227514938887,0.01881096440547262,0.28966066337037016
106.26202607984503,98.27510429939377,107.55256388796647,103.87842822162213,115.5700960032967,0.3002956977122523,0.21702656865762396,0.44820010874879423,0.33968264267601056,0.3205095584543583,84.10103546843679,1.0609420359533686,0.013297409726963076,0.24756163317062008
82.679532571553,93.98391648230822,119.41976503102339,87.29141395962468,85.09333758026588,0.47774297035108404,0.36597260946404375,0.21192937661577124,0.3567012324775797,0.48464938266128865,114.71986868964015,0.9587503740703789,0.01986333700268829,0.7279270220134989
109.15888024002302,111.09740640069853,106.8909419069864,111.04783315039701,107.74886288372689,0.10942330237091942,0.3506364028043977,0.16273398435457975,0.42658380442655575,0.35627381185650286,104.69399264865265,1.4615654731046848,0.046125926496954635,0.6221637794675795
85.43082729156707,104.32887589914029,111.0750673023813,114.62066425297871,89.84940970734831,0.4747957971878266,0.36783114483897195,0.10688755726305788,0.3041415377603337,0.4614672254464621,81.29114208543987,1.9075988016887222,0.03176145682354212,0.478358983210708
85.09723043754154,111.24361774330319,90.26193380142661,81.2771791328355,113.00854254597218,0.19292120166853166,0.13315856167195395,0.38795514768873673,0.30100342677564795,0.11903810455788065,84.33942810281587,0.7777009376839903,0.029253964403800313,0.3490759451087711
100.2396453524344,93.06532529713688,80.45716420926196,81.41309778831791,111.7049308224118,0.21196609297576963,0.23069945905723813,0.36714459119500076,0.28864008828430643,0.2948761306244341,81.82136854854753,0.36681433285413045,0.03973338759777038,0.7296692946838834
99.58823539859458,85.9888819718584,94.34022508996073,86.61220590150091,84.51526212721546,0.42264147983783096,0.21136683940058526,0.3690290966301236,0.24702292193149,0.26734801901864175,117.94234290341768,0.4421152926948565,0.010403717259802256,0.5977776783031648
91.05231282696575,101.9803418984959,88.40026431248907,93.74684325139069,99.11723535825838,0.3223609652683044,0.3782587219209169,0.47807810435974984,0.2076044650233092,0.14149808785683016,97.06071610666739,1.7501262916861822,0.014732124747886825,0.33346872838345826
96.80118956732608,85.14511196485158,81.55462542143553,81.41834907795756,94.0071607211147,0.2715167690690415,0.3186863995270691,0.19120144161568928,0.4561983095859008,0.41953880635182283,108.62462523431404,1.73024623469211,0.01398410903045487,0.3973761064277945
108.7520831414929,85.25021194917083,111.47920465457702,108.62697237255347,80.15773963542445,0.2974655653768775,0.2800255732142355,0.116296502681845,0.31475589311051055,0.3382988381695549,80.06869365391644,1.0818894620988888,0.0148666844429961,0.07874532427719726
81.0699149192738,87.80132862152206,82.2448364420234,101.25372421081224,81.58509045833664,0.45665271258097995,0.3004392262985929,0.16295096907125173,0.17202276048933957,0.16394696740937237,111.72687866302162,0.5083751857853883,0.028138014587952502,0.6485959992365322
112.10583351981592,99.71848275783242,109.11817466689911,110.02810203743365,100.2705575868093,0.4754139496222245,0.4173557029441629,0.42990645052802146,0.43617340752418166,0.13825385703597012,99.28141549253266,1.1713564090328163,0.021227316582590167,0.6733618200978987
117.01451505013864,119.60963095421232,94.36858744058183,85.03456560996935,94.52952714591467,0.38087074247264485,0.38173468500881,0.189928683172298,0.296266308095695,0.3649723536473939,116.94410679050713,1.419738307814636,0.041429000311717215,0.28451379276167454
88.9341558805708,101.24022668247001,95.13550405009606,99.21797657147164,110.52750304304006,0.4589345747650523,0.14417020437199343,0.4568772616026541,0.46896598663753575,0.4694439339296189,100.83589965020761,0.8314138577233166,0.04356156471029583,0.24772298713482163
90.96083898167409,101.49898898558902,93.40644997314753,111.39843456482646,105.58146529630785,0.10193395684207132,0.18839950910192754,0.3764980944101485,0.22869591239531106,0.12443331660634512,111.55200596896199,0.3944065504364489,0.04699757388853338,0.20178732342501046
80.34018922042443,106.40205364420873,86.80648032266329,108.97895160812158,102.69354667381833,0.40517683221970835,0.11143687698603473,0.2784085311728576,0.47903043630219566,0.2760931305456339,105.17866765441266,0.8133978730242519,0.017842495968023973,0.1387669748422333
96.05930710892699,107.76265716829033,114.26373143475121,111.14974855448293,101.8151710628763,0.4647549141611226,0.26360169837168823,0.23867444364078383,0.1429531210396094,0.2432363636108797,100.82153890558472,1.458504441557297,0.03011406737564843,0.7582280938300614
108.90777281038119,96.55658217571015,111.56104486252515,113.16207566491272,85.49175347505594,0.2347945960087226,0.438620474390794,0.4679660696863944,0.10877203430133196,0.1393025642188003,117.92976755474007,1.962143455439982,0.011947912765700357,0.6072267896354001
89.52125438375785,90.79954949396634,86.64326875928366,95.70140027589683,87.7213284579845,0.3572913868360733,0.29389715523619775,0.21875145401883841,0.2039628238865312,0.18986983580744796,99.82396888501498,0.5826577554005502,0.019596325005368266,0.3467244007495103
103.82157243706438,84.06461771590463,90.79676612107025,106.62082583785427,95.94180492533397,0.31018034770325487,0.10699197459486404,0.39555375058758324,0.22015520315629244,0.2707325804942282,115.69553459896707,1.8504725583493675,0.03460309482103105,0.08813640729681654
96.85850967413631,111.91701011833557,119.38046213163946,102.60271133016852,83.1626868585443,0.31082087913682344,0.1845438410910596,0.4534810589694809,0.37283730207130694,0.4481185368278665,81.44310520539476,1.049090095564137,0.02689569261271412,0.11154967068792249
84.11611896894544,118.74002888117664,107.16939650993886,110.09876473335277,107.03055030742166,0.2901802421056939,0.2729841831957639,0.19485702740365665,0.3179361444829837,0.33726542932716264,106.29675380996473,1.4106317195389464,0.03762796988559156,0.5678307336194421
87.18470406780614,97.93448643299048,111.92321750477463,114.65451851768293,89.49342058985488,0.2679693508167349,0.1581530241250556,0.20924178491824127,0.10570060380694671,0.22765550712716567,116.46646316936582,1.7614731303703774,0.04356909522216294,0.16246483161572778
103.83847163335282,86.28407610953813,118.33107492487007,90.0881715596995,109.06540514415587,0.33230359064968273,0.4822844391348021,0.17115871855577142,0.12218581221099188,0.21852451514858484,115.97101317945095,1.2255557232995058,0.012381404355371339,0.27829917270183285
89.24451776907418,104.64215771514166,106.37057228090626,93.1371241381901,112.75335461704205,0.16271907926744125,0.37820759875762244,0.10229966581066625,0.4923468369091518,0.44226667010494036,99.40214522021401,0.35755742205200536,0.04754451873368236,0.765607301168631
115.41483592989802,114.2027972101598,93.2319287785887,109.77361036050615,102.37963019476896,0.29626823683015147,0.4683768879227628,0.3512237330629109,0.49750595067566783,0.21132248056378697,98.88388663878722,0.7151126762100736,0.011696133146651872,0.46495832296521544
103.70513297968046,99.09700341033847,104.01044591875487,85.42616632143,96.35388932469822,0.4987624570470054,0.1720989168488289,0.24136734705561613,0.47412963213603787,0.24821691410148738,112.42053738492959,1.6550850229731766,0.049266748902219305,0.6466778206685316
87.10687047951784,91.20422123885703,85.11258143688535,88.4998242088808,111.27717023150863,0.18393455082794663,0.12379484218929165,0.1595832838888428,0.24208937612847434,0.26849282098748356,93.40063540424815,1.217560712828348,0.03550526900368478,0.08310507088412829
101.9934584871068,80.9457247404894,111.54097935208462,116.37873583717962,115.2171710313055,0.31698045376809586,0.42543519781087225,0.10536593992735366,0.4364464524922308,0.3308997372092437,117.48645700626179,0.8258799562747569,0.011732000771491152,0.2643089538621906
112.92067531493288,119.68865771203747,103.45607822151732,118.50350514059619,117.9537693000571,0.4025912233138008,0.4027916882830097,0.4612810717229142,0.1373520835337393,0.32860611534256196,90.02736482217037,1.2707780200707055,0.025745152727027258,0.7164856421397111
92.52954922013757,114.53735024223482,111.69890662235109,111.03195109604343,115.85123085167689,0.4636118113579283,0.3876825256152877,0.13863396459861518,0.34558572435190277,0.4199523636803778,82.97591309252479,0.7199976857503223,0.02032833828869607,0.6483704674072988
95.3676003968123,96.00219863549528,105.60209236814546,109.51218151257368,115.18948410630458,0.20994471452227953,0.35299729400668556,0.43616488855765767,0.30954678236326183,0.17767488033817025,110.87695810451424,0.6717680247105673,0.041942893904686224,0.5787599872178011
115.03381282637127,108.85358497545039,118.2757111128609,87.14514475784969,118.01359388720346,0.31987284884669764,0.3352015732619794,0.26114110889362396,0.3718466498110389,0.2733331578753577,96.18897022048998,1.699687792124101,0.01901820677166382,0.46992389484431457
82.56765928134486,102.22487524767672,83.60787828032488,102.72003900792546,95.60438849822879,0.45096203506178967,0.4166501870048728,0.42190874633966,0.3104306821093142,0.17853912823626825,94.2310947425336,0.9501183109716069,0.043048500538123716,0.2151520510718913
83.26437726009547,105.92467220096754,109.24791998491366,86.96741654479925,107.77746877235076,0.3897687276433327,0.12756854063177264,0.3070299744611949,0.12119163259260697,0.3113674749428047,92.83639819118343,0.7294806567802465,0.02249365601745782,0.46838444178173094
87.16190196590932,85.49585797261106,85.89453066098983,103.9631387581734,111.15163232506413,0.3743688676515621,0.26767929856771944,0.2667612666217283,0.14911754010966416,0.22073984211934383,119.21768936744155,0.966058756119772,0.04956574684954287,0.04060796683684514
103.87574805895255,112.3740581207298,103.65909364281477,111.89284989393947,119.06090004533203,0.27770948823400265,0.44542485545209043,0.45919196093563064,0.48143204080303414,0.14010547885067215,102.86706612292863,1.8611083256824223,0.020816364283415725,0.16183535503243152
95.63839231872899,85.9976870770758,85.4158724681983,103.89910386626391,101.88412263421368,0.21848432450755506,0.2851651675013392,0.356697529756021,0.38111939583979737,0.41440651544756657,119.67657770395164,0.5663802082214233,0.037398432129009215,0.41461220847152713
87.36941514168123,115.28419850670693,118.26993473816754,90.12862572413206,88.27531723604268,0.29834952402406156,0.32263370665075797,0.4842282756206179,0.19601131191587837,0.42150389715366987,93.74323953373877,0.5741513587382838,0.042007750272193965,0.0015818648118867352
88.55687409230188,95.49686118765437,114.12908701195785,103.83842439764472,82.7021372693068,0.3847272137429818,0.15603593469124247,0.47059667708724184,0.4421424624505794,0.41180186115869055,96.55876954641244,0.8690885158939906,0.01865837659645274,0.18578146819764463
98.91916340688269,83.6132673211237,96.2485645603376,96.14080569213269,105.93410662838582,0.15070943350142374,0.1558682124371402,0.3732793832794298,0.1429080060716395,0.14532624236113165,88.47050792434672,0.35576787371177887,0.013030229799486981,0.12179842294030561
101.97815867852404,114.99019129356344,80.6510073066189,110.95995288378596,80.90633363823368,0.26011178678164365,0.10215115551024874,0.388593361126398,0.3160827972699306,0.13126965968586035,97.21456465358014,0.38111214554588746,0.032049899262775246,0.27641022468998644
92.17159313905464,115.18652552718254,107.61656686708487,86.87986713464574,99.63138176447771,0.317433099384937,0.12163514915077119,0.12827844239929298,0.29418647606058157,0.2999293002062581,82.48021371614462,0.26921252212964725,0.03708316252161801,0.6866825688105205
108.87616723911944,117.49373285358118,105.37284796872815,80.9870164573171,99.98807438785134,0.23559790915728135,0.34870858332473265,0.2549433610619164,0.334784231605195,0.2399139749598537,80.02231407731948,0.5058273950762876,0.04269104735677346,0.7579352806382249
86.11846556683311,81.91118201899685,103.94042538726337,111.07687610041698,81.44242221985617,0.38598678586359025,0.331714446983827,0.16401741873689102,0.37450754207108794,0.4135743690133834,98.12293904421415,1.37067791371161,0.020910557848587433,0.1320467279835154
111.34357083862078,108.25551519246035,110.07947552673446,89.78913490862801,95.74381821973716,0.12634962718243306,0.3439842381202438,0.41617186240522897,0.14586115911144137,0.46066096789401245,109.84095698371296,0.5937457373312565,0.044891435694315404,0.18485968908955952
84.79003308828877,89.55563800937865,92.1115868590972,92.77746558147145,87.00159552387247,0.2659195145011024,0.3951359284394873,0.4596199387317069,0.4958548603481133,0.3335700256125159,97.48260665848215,0.9111324378673806,0.04663066595621367,0.6775018107077684
87.54847192284574,116.0588159916864,111.35574459262423,93.7791081396575,117.90574157923842,0.3817095714012617,0.20067986964696796,0.21601854887415473,0.440307770761038,0.25929756146093585,100.7202159665368,1.4847743385385128,0.04116747911591263,0.13814095520681455
89.55690851169295,96.27281813800202,112.54101245738283,97.71545480814507,89.38501291632583,0.42897358177121514,0.12023872581538111,0.18730136871716496,0.16803763558806117,0.31082698788098295,97.82463582262088,0.30569053308695615,0.01030387399171592,0.5930531552883629
94.74141870485954,100.02884289498726,104.8257753464135,96.22425998326094,97.25217324479897,0.13221221902265184,0.23754817496852323,0.49449804394023855,0.4176868546801489,0.40423656516798456,101.07217119685167,0.6158531010403399,0.013488655916823094,0.06838276694570596
90.55774451205701,101.41389193669647,88.77824935078186,114.70104872432303,109.89468281065206,0.15404587977621712,0.24582364263280532,0.37223518851490156,0.10865009489735851,0.273590596390451,111.02416190998709,1.992804373605716,0.04990949415262077,0.5186440806143866
96.41115953656737,109.8891138813139,80.27983767237492,93.77956890569587,97.61204592587154,0.4714359156891098,0.13293592275984314,0.4625037354824002,0.17780864980841443,0.17564288933765249,112.1514516247378,1.2946831513178771,0.039357947772607316,0.21256009804638742
98.79194030182789,109.94925910841356,118.51229710246855,95.19988521771212,94.02399398111498,0.17817438350541726,0.4725024329212847,0.3414979977574651,0.4003155781187492,0.24656304243386862,113.52232174849883,1.4049643877881097,0.035071665475779945,0.5996489876952432
104.42060906321585,91.25014456766316,85.65401335260756,118.46163481968796,112.38119827236088,0.44930037438924475,0.332774854365975,0.33993397328261643,0.4009284208312549,0.40945704933566474,88.49719632278466,1.1530840140084648,0.04605448032440602,0.4154985838947221
118.33998212096512,88.71331514735667,80.71236859878682,97.49046302952425,117.34435851966325,0.372745428634516,0.14756397343835015,0.44669063709328993,0.2043596464341055,0.4984776633371678,98.31377825375668,1.9403118095321268,0.011585658609654787,0.14311601513848915
85.53301355487035,84.68742091338393,82.75811136983368,110.60071995727898,111.43706135334156,0.2542031727074373,0.14799891903957108,0.22643460103567833,0.32941369744027893,0.256578495280968,113.24022784814285,0.5025197855937324,0.04029511449648202,0.321783237927711
107.81504222653857,82.13167380489344,108.93153343260815,97.9451523384675,86.3157768774642,0.4314726755876884,0.3728825181681905,0.18538022624163353,0.31554132198531815,0.41501280007929375,117.67516079509181,0.3679023842951278,0.03618710279677202,0.411482268738399
91.80504041938408,100.04587359731843,93.18605889078724,118.7899690696637,98.98966966828797,0.4564935006210258,0.25797773396321666,0.46978588806057564,0.11438778384778857,0.3706764808719073,101.71933529616456,1.6782907930593636,0.04392883325779693,0.7967814150525733
94.88602041008575,106.92661715872147,106.02180227423659,80.0975712162107,104.73894793202972,0.4127938979368766,0.2700565522568222,0.10438979036753038,0.37481406410779083,0.2370256970151964,99.71999912006834,0.25716864667380157,0.04111616934529423,0.38428991554355507
89.75075899076134,95.00934566351687,108.25395562939377,102.29544884042784,94.74620576620387,0.1607251818770056,0.16284351060632413,0.40766562233252845,0.1749557696849763,0.2936393192568666,110.58379084589839,1.2327331584942098,0.029397234228645333,0.12099174460130353
86.69641407348496,100.21928748991013,92.77464094028812,116.51711233632301,101.37386561156202,0.4881557438626235,0.40352747914733667,0.3188774594858934,0.3113101410496799,0.1669309766186468,119.66777254410164,0.25247167749001576,0.012838738115812381,0.4441822328422214
114.6385597668165,95.60724113934046,113.09748655151841,82.26147608688315,91.9247610227206,0.27856943000610956,0.15795986156253417,0.13343284609241743,0.14365489438369383,0.34264446266071125,97.03728793405298,0.8594281291252568,0.046376061618919065,0.17617005338963035
83.12703732178798,81.26600722859496,116.75448981292476,108.6747497759872,105.00440257873882,0.17742119310474253,0.15973820599643354,0.44685238483879497,0.14880518529378117,0.3822540455635196,86.60398712939335,1.3890513211475835,0.040540089836325614,0.7036524980213241
101.29971237647332,102.78216144867368,105.54761525545814,113.06319178960413,103.87554223182113,0.2668001048589586,0.3316318951059838,0.10934216579880332,0.10000769580663152,0.4268994176075698,113.37227204347782,1.207821142784199,0.024255842589799473,0.6672545335099175
109.9432305244353,91.23912207318939,119.07046951265889,81.27588833748116,95.46306381109262,0.29017646340390657,0.1285227745796771,0.23738244127621932,0.3025417745003143,0.1541973907387999,108.41700833919921,1.2297590285204614,0.04935712988938057,0.10291769703412693
115.28198206014815,87.2209185074476,85.65352371734632,94.61723067599654,97.12778802067311,0.3185351799110151,0.3115002879349057,0.34113406653769035,0.4241047221021754,0.26511152535474475,85.80303087981125,0.525355841946678,0.022444328808103924,0.4707002376977387
117.3357624264691,113.44478138835285,98.56358550762056,118.91900403526412,105.69113616636258,0.45542401138402855,0.28986950116397525,0.2828595856857251,0.36227427936159173,0.3470084861299135,92.94037186952207,0.7657822286728071,0.024822424490444236,0.5572057859169048
114.94634927927565,89.84227921947301,99.55856297199931,81.18868853425734,80.35520773065795,0.10457397550357045,0.492972236089678,0.47707743445778716,0.21251437699862233,0.32343333606630076,102.12893568920055,1.4925509484514388,0.048987027955277936,0.20133158770234935
108.21812883757858,84.73174489862403,101.9123294844327,107.8402992884008,81.28938344918556,0.4081940694358598,0.4681871296391833,0.33436265604979976,0.10757605317527297,0.37227117901489815,109.25862241307505,0.2907700356132456,0.036724443082381375,0.5011001068716444
97.94965596582728,107.36607747943359,115.589239514194,91.96920402406626,118.96866118737321,0.1372312275596156,0.36847110941504,0.3349710408122535,0.35626785116592397,0.17570307959416032,111.22586334220259,1.2917457774451957,0.04516779624944713,0.3701508848721917
113.7816599863879,106.02540288327418,95.67702028984525,108.44441504797994,112.64773076281413,0.29744394512478256,0.3471827177866915,0.22011716456566513,0.1726493045693991,0.18907229555451965,86.22925479319656,1.1548648207610654,0.04551016586940012,0.3856629562787022
92.13199499546229,119.71320259628118,116.34477479018557,99.4200576137169,108.91319663101581,0.4432066676439118,0.28581740811800027,0.36442935079062144,0.30595554565959804,0.43365090074963286,88.67002682268584,0.8519251264987184,0.0314579334367937,0.44103244234945316
100.96035578475127,110.43722208788105,113.07928815511926,80.9289022062817,83.16528118802597,0.3033979468589145,0.13733012516865228,0.17919387741326123,0.10530616606880848,0.4326097132238911,109.76490057700182,0.8358567918563229,0.020678672783150234,0.4561099593120508
93.45869663506909,116.70454530529398,95.93094332573558,115.50048860807698,98.49735650527012,0.3653091333230738,0.4036807672486662,0.3860080938785003,0.4297918754946789,0.49478780124690114,84.64449491096343,1.6481576311449224,0.043897834424220065,0.5678384471111018
91.55411681246294,116.02580732249982,102.42683075674711,94.41937180120165,81.77628014511268,0.36138853196422915,0.20090624118417547,0.14055601688393768,0.335899171357861,0.40830282451232514,99.92640955698248,0.9184945098218562,0.030075502683386983,0.36194228914014853
84.43732529792895,85.57241310566123,94.59345161642425,104.29331822977376,92.30360457687719,0.32462868568051184,0.22142190722197982,0.3878939391622944,0.2791889984278658,0.21463564051692974,101.8396861756668,0.38975445728357005,0.03257404146932867,0.5781084870277086
82.621105350592,90.59234949269336,96.3472660359844,119.69079714689316,95.71947619003754,0.43643379520976444,0.3306075124472828,0.21337919915451597,0.23144173372756752,0.3286660461539045,93.57418188502461,1.9335690181810326,0.03165471853531557,0.3887484556641977
83.56781674989776,103.24459257895734,116.78560290505159,111.46782795447001,113.44873236748947,0.2691694375967809,0.16420764725376047,0.344187972956832,0.3756440264208981,0.10004351851337381,111.85344856507525,0.4781462090546069,0.010383522416376603,0.530253133862803
117.12927184409321,105.46174013542152,119.79690922613995,81.33126279518603,113.39358704574249,0.31474772643735305,0.33086459195302675,0.23282562169158727,0.23549250361525353,0.22706355293172834,82.21663242983162,1.6455442026200329,0.011834764196555323,0.2104879292652047
114.28042678089047,116.6680156304786,99.12677830543396,111.510236944824,87.8032159648472,0.27813122733119433,0.42477595154371994,0.28761042683717153,0.49745948267242435,0.2504634699067332,111.09777979123186,0.2744008339658832,0.03465537303697079,0.433361123858027
104.12520900712857,94.34580609453846,103.84694602647902,107.02242028633201,93.88274666984715,0.3797049024669221,0.3195862685563054,0.4049154484490215,0.4553458276039053,0.30467331724812696,105.84130993259954,0.8876972381462784,0.041777494347769006,0.3743966017925777
88.64953197211489,92.8675163543734,106.5582898042977,107.07496934691243,109.65267744096396,0.29779168367145853,0.477087611957408,0.47346382905200557,0.498798691837291,0.16259036611511796,100.28870302693592,1.1515659566367222,0.02828154336615695,0.2417570342794071
85.06146434290824,112.74069561017846,107.52591206163822,81.22020306762556,93.42391397740204,0.10142748945411101,0.27492412082924167,0.3933360653440192,0.12914240405151994,0.24944065286935435,114.89490789914407,0.30211934719079137,0.017616331907314896,0.04984960014693876
98.66845023625908,94.42469961547259,84.69667552833653,88.29385138020028,80.9824557964053,0.3325837907150409,0.1850189700204663,0.3924567991112945,0.19181506199030052,0.4362688060855274,88.08985752134453,1.5346515979472977,0.026265416248032525,0.40815311782294894
83.72308645410251,90.65200470898179,112.79881062542923,101.06550039748801,96.97991562764423,0.2393093350711828,0.33945937895884415,0.3176616028400024,0.21857868659104152,0.27562864952374244,112.03096140497397,0.7060176096052255,0.04073294206933575,0.007804048966479549
106.48651775834196,101.6604224130002,85.26055707022505,88.90493455296757,88.90089443962431,0.43838923675687724,0.31933771425035884,0.12223478433093514,0.3852129163685296,0.17298099911847747,87.51098163046186,1.197044796286237,0.01434485548978742,0.31186420278229776
103.99810050449369,98.46497464757385,95.50340250243414,102.26556691527152,118.80463143130228,0.29442510540273914,0.2874155522828451,0.2945947714201115,0.11240560253039758,0.20895540768056997,119.61784388892004,1.6365733566681546,0.03240795546353363,0.2965239221270604
92.56773824223507,100.8078173453407,99.21480062576462,108.6657212698338,109.21161071931664,0.12029418908755783,0.26598268104835665,0.3485346909144862,0.36162965028371374,0.1258192014638102,81.31059079559243,1.2844491814089116,0.038088511856045185,0.5070026017067223
109.16282885652163,88.0607831975498,97.96372545444751,112.44698764116549,95.26120682162575,0.1475556419859756,0.3646027114651481,0.31247505982135904,0.43336480329142957,0.18205686688573675,102.12789036712202,1.0473232307792382,0.026633317669131087,0.7899431489126404
119.37020469159715,94.59146967168797,99.90667309367873,98.98102379210187,97.3465520987697,0.1481369150305533,0.24480965845493882,0.3548268539973086,0.29438689654214134,0.1394373064391596,86.72067256885236,0.838196633526083,0.034050484788084014,0.6864009590920864
113.82525473278486,86.21100950192054,102.70658825655931,104.74406309421695,114.04885232277483,0.1285168355705697,0.3710774508635427,0.2187872845666894,0.36779298840687824,0.21796595323066237,96.31900265893486,0.328934150613301,0.045339077832826424,0.780067048968688
104.36800639704434,118.40081391151122,114.88670849043716,93.94959793410926,114.39625781163338,0.22591768473741702,0.1839258925653395,0.4934867846092258,0.1064281160374243,0.15090097354465395,85.91786680698246,1.8477867548428581,0.018512529268292173,0.7607496674682761
118.33911256373823,90.28788723698345,104.40835226657634,91.27215649368543,105.9826911632887,0.43451607237669443,0.15526469362420847,0.21227875677642927,0.20511398731106364,0.3787942329031526,87.75301807162161,1.2858800586837147,0.015403326262164913,0.05929019340644768
83.74571218188088,109.3675208747623,96.79279314381371,103.49228714705747,81.03449610093992,0.26448047121592966,0.4362351290523957,0.3989708782956296,0.31244053248312653,0.19962471024762973,82.43922034905953,1.3551872180628526,0.012433932047245601,0.22555790729551337
107.81765820841314,99.83965416540974,105.01004030751368,92.62671889504696,85.83280693685657,0.4169675238144126,0.4463962216378027,0.434513004443442,0.12068550704460082,0.37918347314217593,80.32014181095404,1.0208968359679265,0.03904852293677407,0.23759006455196802
97.41715767984567,117.75916485145453,89.11176106615221,107.03356048141006,81.99374176138166,0.3815754545128308,0.4772302159584685,0.2053913466916134,0.4145387318039703,0.37563860006492533,108.77223544426664,0.9022462729864018,0.04602123329762185,0.0568164363795491
108.72399141067714,89.53748747205972,98.0606824091733,94.71012402379097,84.51361373269422,0.45149078847554647,0.37732321212564923,0.44098181469337816,0.24383013881479784,0.16304976829284096,98.13842130984682,0.33164579639788705,0.037615745052282955,0.6773204611866482
93.82327810047103,94.00499833172742,100.88422556119006,118.8940613175995,98.80070090042521,0.2453408138583697,0.42602067553809786,0.15265999107144912,0.3551780717180312,0.4950224220738523,81.8236874071249,0.545735349621817,0.049058114765490664,0.7162634689411129
116.57704622530535,98.46230634250222,84.30173203499758,89.2061158110376,96.30070704230401,0.45800595031821767,0.3684733313315801,0.4170521307312648,0.1465905816262487,0.29953350500542797,117.55879275535486,0.9947098839158831,0.03832442944511614,0.4839791989363895
93.0147509188074,114.63317150129967,107.14582408786205,103.13233807674693,99.64918204946763,0.3127649693091966,0.41307830385036926,0.21303733828462637,0.1425941145766908,0.37924553703486685,106.62440581850129,0.6729831154456564,0.021539790791694456,0.7127927415552358
95.89082473156267,104.48769759328044,84.98428661777524,86.50132752867623,92.124654135868,0.29703765182853215,0.43691762388748656,0.292595877415474,0.43850831167533155,0.3031340007273676,90.57092528133975,0.3277735284354195,0.02022357515466092,0.5714953310862945
86.84738465844298,107.08394876099267,80.9907328562498,86.40709966667,116.10432437995213,0.41307940392916576,0.38829807156790663,0.20643301615205228,0.22375933003481632,0.45967820900769174,97.54780588480395,1.2055245707161877,0.03666677468475667,0.352443154516548
119.90172592888348,99.50361911312372,99.81480292087033,110.93595048949753,81.447583104823,0.19240285105200172,0.3790002225043766,0.15804805279892187,0.4020633484996967,0.18931593983173056,99.57066731622533,1.0621989827088223,0.037032467086954284,0.1198915167619946
97.08085927603912,83.99311527259839,96.03705530625945,119.352873645155,110.14533123213445,0.3376261491005264,0.3256973950948151,0.1814057012134065,0.29656132845027594,0.4516992101771683,102.79711259083456,0.9874027592903771,0.030952493264841577,0.7667973324430367
119.40183502740871,109.84194502682406,104.32440287226353,110.16883331708974,106.36366691883939,0.3722117392608105,0.49706175963966637,0.41382170439847876,0.35738217372120196,0.3252808256621672,114.2980111067825,1.6224014804459572,0.031075563281639615,0.5538229604245201
98.56264119607633,91.7018533602084,100.8071223733742,90.33973895605722,99.46705385768581,0.47497145841149135,0.3108053749410116,0.26106910825432783,0.4337974317476414,0.4760977675681407,103.59601130936609,1.2991737294594188,0.02666565730893864,0.28334712716900406
85.84541623684343,102.61580395880164,89.81134763248419,91.74432415766279,99.96112567129553,0.2915667567600685,0.15489540944504104,0.34334912728486755,0.396352904771626,0.24945443327337613,119.14904596179453,0.2524765095762014,0.02399684117206427,0.10288021266533187
86.50105012086323,118.49519534543677,97.87777261571505,94.09116918507004,81.16786420370323,0.399151543025853,0.31242053705691647,0.22054245216391846,0.351808491377131,0.2555790262065539,109.07236357186903,1.5833423225168992,0.03536210046821602,0.6391758112044719
113.73017452448931,105.03335661225537,96.65620619365188,89.82131197353903,109.80549674701541,0.4147302015821004,0.10123201116674344,0.42727124638132463,0.2226301110123041,0.4838506253919922,119.54068793083236,1.0945282481817478,0.039900691841669715,0.64161198215464
117.81898302966668,95.23238822608081,85.39504273516926,84.36778989090949,80.25447889335544,0.40366594704974534,0.19641611390631564,0.49151966349259246,0.29983223679868864,0.3091695189058391,102.02996605105923,1.154424453373446,0.0425362293442555,0.4344073457425795
109.75821763086887,119.25581543606683,119.71271011014272,111.36789017371703,86.48735113184175,0.46380725363754616,0.4673612269927142,0.37875300168665316,0.4913798558249015,0.23154812383496648,107.13796753852358,1.8067523418748461,0.022313472793571827,0.7999656730240725
119.10837823652486,93.11253772007804,93.34478437970175,107.49347811569756,81.96196748297805,0.19293463376077313,0.11170268857888224,0.238537975391115,0.34105333732483395,0.22215161996665228,109.51594288258586,0.4411343930118127,0.04430936945140126,0.3091362436994836
113.03078919630238,119.89189105950976,111.0027911235967,111.26705964829333,95.61254682266204,0.33184810285283783,0.11935430086554706,0.24163642585849243,0.3992019625922778,0.14173074407638683,110.18988138275988,1.298956730811626,0.022109688438169607,0.7536519597241468
82.63685556062627,111.70669736937694,103.88632347619202,116.37354756488338,84.6385160066733,0.38593498226220624,0.4053244452037956,0.3275046036467495,0.45443502122838786,0.4818254048902605,80.97718513345164,0.743779529201873,0.022195128623322263,0.5042096547636213
92.20492252376434,94.42624614893546,107.33118834178765,111.5098065241262,118.44081634337681,0.11387099318148475,0.37163320962821633,0.19486980098941178,0.263273323601931,0.34926171300387965,85.09897282940632,0.3142447941643932,0.04224009182494733,0.5891379098684464
91.81628633296617,99.7454563425699,81.15843720325194,90.11951512435552,94.96014032478561,0.38490890813019063,0.4360763718965105,0.3821547673134371,0.4109595975453244,0.33962847974376464,89.10889544116357,1.0154178345147584,0.048775017382495026,0.7336616408617975
103.75224826101793,98.83381974396696,94.5790023910799,104.96311866117367,113.14462708468001,0.14682363348864996,0.10857212595411735,0.31191321956861173,0.38621641918072,0.1435462353765427,90.85977963505673,0.7463228041809009,0.04728902779853114,0.6649211012374742
89.66724531939157,93.71503517041648,108.1969459874808,111.11762395034121,113.0158748693859,0.2717183791502461,0.20247095870225792,0.3268372200547631,0.2562011009695312,0.18058700017365859,116.2147275718129,0.252612681449604,0.014443173306824243,0.23093432166057212
88.37324875588115,101.57067844977662,116.00044394101138,95.67801820365966,97.19532360886222,0.10175708549577785,0.22861003815237224,0.306464858674525,0.47168363320138373,0.1909904059545316,108.90412893889743,1.1126537353679136,0.02153906457429295,0.6937877829759611
119.39291775602743,84.52210584130022,108.22407957846544,114.00736508163567,86.0317406653607,0.3049020263854533,0.3265986137897406,0.3596910627435944,0.2314265403497808,0.139792727795991,85.73126442137476,0.7944659836131296,0.04039586103444576,0.4317669955075906
108.5781294402895,98.78952888041769,114.11563538698573,116.29809267343624,114.89939612618294,0.4685424960728969,0.48110217154143786,0.27529245529876833,0.33222998476714094,0.11161055731172685,97.0542013232432,1.0097157397390275,0.04224974383370307,0.035863081088174285
82.57540550316051,110.27421107259897,116.86110299943317,104.85393762683724,104.03504241913961,0.11888625644606994,0.13066696633063277,0.39549852593956836,0.19089379643573992,0.17377888918975137,89.7248618051633,0.2705295042354581,0.030170661161888705,0.5390543556847707
81.80021549592443,114.24132088823754,81.85614243316647,92.54038425538695,117.03452261148863,0.10333413310271373,0.10915901770943554,0.26215350093399714,0.3166711722708767,0.33162367270716786,113.19454586283238,0.9531185115223894,0.010644111121620564,0.39975811793677984
117.98980570918049,119.6760216190369,99.05609142451544,87.09718185524044,99.51777947316336,0.283164472472366,0.2838245088571353,0.4012568741065109,0.215828053840047,0.19508712720357582,116.71187944078223,1.0732079378826034,0.03007390293270027,0.429299032222722
84.09251700332197,114.90144435879878,102.4214893306602,96.18023596667021,83.18122809923217,0.4417296752127323,0.375705523086434,0.2907465796331482,0.21016193021360283,0.1546327278314474,86.57160547254357,1.0655370076330493,0.011245876922766388,0.3292202710973315
96.20962707266521,114.64766433560436,108.1362372990885,83.29822070043866,86.39628798904704,0.11496847869999059,0.4409461431964967,0.33735420055887655,0.11833179716475173,0.16343495915790177,96.66283127910042,1.504620838501033,0.02125581779178192,0.051268178825144964
95.69233962830019,84.05500330743675,117.36164767973084,106.09168178523504,83.7929200521578,0.21182570726128966,0.2052286350855256,0.3193563956885076,0.25977744927474605,0.45288664170478665,118.11347941012652,1.9847515071002622,0.03627440201457928,0.14417068117685458
111.52229849521842,94.73623714287771,89.79482578212884,102.79939767758765,80.53488532482166,0.3877642802431286,0.4642930277240318,0.44512745006378085,0.46854765339738225,0.49200458011550574,106.28357770766357,0.2987591155384264,0.01538409598632975,0.6051636810260048
98.6159064041702,113.75219972380678,117.12230383942273,93.70218817665759,105.69746352660178,0.22467857522378504,0.18387224154146398,0.16606094488629725,0.35123538600631377,0.37238667927056013,114.72387473371737,0.943046463309847,0.038499581748616625,0.18738301306563576
89.07293753475335,102.40852283938835,90.16110904612756,102.85426034509811,86.86888469172924,0.13513499768425863,0.4284286386930537,0.41322661257723936,0.35138957328231557,0.2742449917878534,94.30774924016617,1.7492555087473358,0.034855449454492524,0.502181354469675
117.64930227042973,115.47669905629166,93.4767299779536,111.0665155569977,83.82016522928778,0.16146291535039836,0.30223690837275485,0.16366771821659376,0.34199151403557343,0.22398589212922768,88.38809464946279,1.344969332126818,0.02718776874385219,0.4334882107085338
109.61443634821696,91.29836518450817,85.42567074703449,107.12764871614455,98.79227271277557,0.19892250492151875,0.27642055198198784,0.3322851201034659,0.2469856262285518,0.48544136045531505,107.65214915916137,1.9713026082291456,0.024886202071093374,0.17711879437866315
101.20558406921776,100.82119136551682,82.37791928424078,82.05520996370709,104.04670015792388,0.1023590543700121,0.46514440737907103,0.10027361979305499,0.1866847754653696,0.49854048994182487,85.49705339509876,1.4984779014960257,0.046586656006833385,0.2244570427468613
104.95458569421666,81.88698226060458,95.13757327551271,104.51405118241709,106.26722623012306,0.3912381502854758,0.35779934868560337,0.3904371523421589,0.2633184748077498,0.41368389253051707,113.59607586905041,1.517432815759509,0.03212682647637086,0.3068540939949518
113.13103037106205,96.82929134387524,101.93031124587876,103.14241502435269,92.48181133201277,0.16194721316731184,0.4175569549582392,0.47581067196443794,0.4430747402026233,0.39586438132135726,110.19348627421647,0.38314792979092244,0.045555981723039055,0.704149115058752
82.15301609766446,80.16903704820419,113.445016644741,88.00927290089545,105.21018656636542,0.3605509252646708,0.30843686612865095,0.25808931181447525,0.4462614363439358,0.3589834298592307,92.19626540107214,0.7316958129415816,0.02649769013652164,0.753044946895495
103.08189914575678,95.98532306962076,113.33973234802535,107.93606382773515,80.90965853756691,0.2739601255658795,0.41391668724574326,0.12164150161533925,0.42524770037318615,0.42428086909778406,99.94846078875872,1.2716669910141982,0.033785607214711535,0.3094043850990231
111.06776293426739,100.2799527200705,93.88077156331387,109.07538626046711,107.44262518585077,0.19141176532892812,0.11506863596475864,0.3854831822119186,0.17994865137188643,0.4984087162884263,111.967755984775,1.1641871852107784,0.04818434807320756,0.03692077289502765
92.42352951475796,119.32155485991525,105.94833946847012,104.23118849815575,82.79521453927089,0.1036729780970651,0.19191679249959628,0.11682495890899909,0.4130622941800878,0.3314781968695573,117.39641279089702,1.5845349962343398,0.014963439882312312,0.480718694543836
91.1727512137895,97.87896009305766,105.22502817238706,100.51054522921511,110.52131733885565,0.4393738138183657,0.485045348269171,0.34404594415016176,0.1927014014472048,0.13705977631904404,94.08641983548911,1.988900961669347,0.02051122662858095,0.3340606431629458
90.50270849871607,108.08627981129938,112.6638818756465,110.60199902331813,110.83386338352133,0.4465044179918002,0.19804530200743892,0.45740728987923096,0.45131503984571,0.3511236849081041,111.59967273541058,0.6119074628998844,0.0466677577262778,0.3938522385036272
115.54028229048662,83.36714169921959,107.88766285496412,118.74712804465844,102.94602599498153,0.3415983282300639,0.4803305874107552,0.40240604071397945,0.3733127084722295,0.2742963008073913,87.77868324377134,0.9996984634921617,0.026880176488453512,0.3535603397591076
88.69265247937571,119.95015223096851,86.98709171285915,93.42230789499438,86.88248753668671,0.29359937829475347,0.2555684393326674,0.478528408143972,0.35524768527730854,0.4121454350895112,116.14160556746256,1.7669699570185455,0.020881415534370253,0.5236588452397345
98.58051475000273,96.75504038443833,99.6496358604229,117.11933600221718,99.13297543336901,0.11487989403302024,0.44097052085673716,0.26705531897783225,0.39486414992646535,0.11601012592831027,107.45000040799826,1.7167611204203819,0.04989358846281119,0.24355209429357388
100.58505304854577,115.46728423673872,112.7103197605933,89.58888124901777,80.51703820915401,0.457549273314386,0.36393823583967777,0.2830003163485309,0.2214232396040465,0.22440965697948712,86.10957280280593,1.6800885062814785,0.014088372323908138,0.7141051093979698
105.17998368808205,113.7939929535008,102.114004504416,88.4470768005138,109.65420362701227,0.22135924979055976,0.1524103410980609,0.28552381521163084,0.28139454165362743,0.264774663716027,109.59315686439723,1.335688833450954,0.03446172042428479,0.3369994769257638
106.7815713044508,102.60130149634212,114.53344696083934,111.36969411756131,106.7180836569112,0.3812376949938475,0.267925945071367,0.13560148673344827,0.4408238489254752,0.27004034605890637,108.96230685073122,1.9880886217773188,0.041522981443993724,0.27332913601203507
106.59034676092872,106.488105371931,101.00658979666255,98.55686578575387,108.38401837994878,0.362114261714372,0.4719585418761145,0.40696604114632196,0.3155195484712815,0.31800890287031636,109.69189827668353,0.8763310361826462,0.04146955991911116,0.7383559885358868
104.41977925880924,99.59922249202172,85.06645415644167,108.07715154612663,105.83994282311862,0.43981241483656275,0.4294529172363225,0.17146109285096955,0.3506004326073747,0.44628626337404453,93.79509669698723,0.45351597723749154,0.027673680769644306,0.28651432637358204
93.68993703894014,94.25292664860307,89.86889536541008,118.47661025460076,114.4080545147489,0.42132297080362513,0.14988640652491714,0.2742771289346707,0.3072932418437611,0.2031238218211347,109.59200999707343,0.48197983928316374,0.01175844136818272,0.06645839919632061
102.44196117648868,96.06612586234057,109.47301054785693,101.10912704503988,119.03404135660456,0.371799754220166,0.2904905970245317,0.21900348346118625,0.2347458102536452,0.44266734200265845,113.06280227240228,1.0124608703315907,0.04364108362159033,0.1242688507785072
82.20490455688618,81.37142936213901,102.74444071893492,88.13116890755627,104.1721665420077,0.44647992219370214,0.42495026296513505,0.4655475284731746,0.48092260347258353,0.29673116431196356,93.88515638164328,1.6586624733976951,0.0421094989702222,0.5714359968079834
111.25692114188709,85.52439044739491,97.62432896758112,107.5466833379742,113.35454282691884,0.13868144893986686,0.4200284029239155,0.35337277136265144,0.25220687609184067,0.49021326104955487,88.31830666324174,1.042480935908976,0.019495230094043643,0.44986041032433866
99.85376360145429,88.24614347624086,103.43197022342531,98.18068274899998,110.87701708017943,0.2354740810814546,0.46305359146644076,0.33703377922345684,0.11465679363035389,0.4441340432320592,115.51519685971675,1.3199205697377825,0.02362109694769814,0.4276937124771416
102.22304256811792,91.17691379881722,110.17571678884752,100.70988051847839,87.1018620911331,0.4048847901021204,0.35699501853175686,0.3458348560307887,0.18753419706236119,0.1857944516797379,104.82776259924674,0.8765378182071839,0.03050369324460314,0.06559288308263832
102.52289292567978,117.93280239383492,108.22065043750945,91.95213445831916,108.43492701171432,0.11166897135871712,0.16165498522147642,0.23459250571860113,0.31628995853673203,0.15232342299908883,98.41548676179798,1.5009546073104838,0.014565748306538399,0.13126096427837464
91.30425244008715,101.70755350165047,101.06383055150211,89.89563515647214,93.91524799519271,0.32302887210934716,0.2053280484847181,0.20158444997694477,0.4791776829625518,0.4969378175353869,115.18975623759948,0.5179979042932815,0.0428225810839794,0.3169715681187544
117.68725819144183,90.02394145661734,112.04108174523944,106.6948232004856,101.30516530103058,0.42457543864037095,0.12175679229336067,0.39145268421749135,0.17137029271932708,0.3276885254883562,85.44022574312591,1.160202332133497,0.04688399884428972,0.3584045492794501
85.50059477860654,88.18283010825512,87.15910494361616,103.4717703589501,118.93532786873912,0.4574854516836353,0.2520782526976587,0.47153667402689314,0.3833488869357251,0.22040472534306696,112.423384234439,0.5739766723150319,0.022327773255581475,0.30126573294204423
115.08957051099979,81.0100753171831,90.94906497849387,86.29029835748088,119.02711367591607,0.137966879551776,0.42614051390734287,0.2832237633971981,0.12907739526398698,0.14124894285402081,99.63285103533214,1.0700362392330358,0.046961178613433824,0.40219539952355315
89.4244093839126,88.05252740155176,104.83501174329037,102.24746334299147,89.0340593512494,0.486784552758192,0.19720078179822648,0.48663647114295183,0.37246383187916166,0.2201964407314677,81.70097046072125,1.0033645426578692,0.04203478048703534,0.5868386957373882
106.81459458148969,83.88028845178756,80.77476264123568,83.29659162825388,94.59472903903091,0.2534911496973915,0.41081537764320053,0.2741659915701583,0.12990031106571454,0.1919256518278748,118.90450742714151,1.3079837450556133,0.03911301776014625,0.508563468415176
119.0006531149927,101.88987995237456,110.18904412061869,92.85983008926237,108.77356261933316,0.4441379891988898,0.37846965479126127,0.3004064444699065,0.1981982674462467,0.2898362460359988,111.1226697099537,1.1417041629756106,0.04876614856026398,0.4890283534217381
118.6472479248943,94.31043561128213,119.962377389401,105.53639804126664,109.94365649858895,0.4155396231110059,0.13261727885686875,0.4979071274940887,0.44390501754357425,0.22718631313929172,88.5902329541831,1.9575469752301367,0.02298600646732297,0.4462230538089291
90.08668955392599,105.72363076708967,100.4402500584955,118.25610581909744,116.18700191158061,0.4482306855528867,0.37268581196131856,0.3665417708397316,0.155883907577692,0.4623578562820555,116.94782320005066,1.8255452914811525,0.04662571188735876,0.16074261245879448
95.86690395700309,117.87479006152934,115.39250211000038,103.61535401476557,83.28471635158161,0.28013671876855006,0.4212911033359267,0.2198095161437638,0.22320146624099918,0.48587567199276493,117.4138223462312,0.7646364788825003,0.0139361439043569,0.4837091929030309
86.43160962638152,83.07496978695201,84.31972458596245,119.0780949757231,88.48669196864608,0.29866396986537325,0.1239562853532009,0.43428265881282,0.19089200893989547,0.4515015011236101,112.01862400386072,0.46205941037081844,0.02912056601261074,0.12676486551875785
107.63418329362652,105.46113030731078,105.24579459412016,88.26815998384119,103.17386377538438,0.4665759511895299,0.12910640529520126,0.332971691029754,0.49260964223073855,0.4723678458583461,85.086817325683,0.3633155637251536,0.0320804503818498,0.5703318880504978
105.02153398339806,102.81621266580444,87.44649869102714,108.92242388298835,82.92972647666045,0.3100973144230267,0.3721972781076942,0.34170481406362985,0.18130133849588118,0.3611990298086285,87.45525332933492,0.5964891478927791,0.01491242468262,0.3618300129706373
103.64800047278487,97.45037329605253,90.01146372532295,112.29555956104555,87.03570266688736,0.2332564734003253,0.23518877167833,0.2679952643762087,0.44087075333508763,0.19533833030476302,110.16131739616996,0.6386879662692093,0.039494160242601425,0.4651684922273467
117.31927039591804,115.38260113284748,94.42350188648332,92.20611723434374,85.49946733675608,0.2003166666981734,0.10293596544262087,0.1620027475675745,0.4914717149619746,0.27354797820259036,116.55223081851967,1.8051923960229201,0.029007158553282876,0.6902356724120621
116.65311263735823,105.10127435293089,81.27134328573612,100.43997658246442,83.43195791317548,0.17806587692567138,0.486272724302777,0.11084714721477701,0.2936665546560253,0.4218408542510065,88.6007255157768,1.868471539727866,0.028221617580347982,0.2984778335612725
102.95002739811366,100.3584687328325,83.31384182010888,112.63442372467091,90.4926870866511,0.4091300818454553,0.17568690619832777,0.383115869351106,0.34891544345834,0.3701104864597067,98.433113408944,0.6533230121729283,0.033257586633717626,0.07980997569814346
101.65937456666796,105.56155506522137,118.49218134300666,99.75246771519383,116.69263089151694,0.2064419262510947,0.4242937552127143,0.3236950037234939,0.3900312190021339,0.47582940395454576,86.19175838729811,1.5777794261411864,0.01538846721689834,0.7131176049055674
94.19429365390795,114.2974880659998,89.43304907805667,108.2991904974167,83.54447975019986,0.4421989091562114,0.4129349882107761,0.2158594997725051,0.121633245063247,0.3298577851957666,99.12031371322777,1.7125869274986814,0.018001006412077636,0.2919870301660949
119.44201426734637,118.15745599449471,97.68854554069512,100.95740871961014,103.91099449272089,0.1138052212877565,0.3856759096874849,0.3947286685185083,0.3251645044954642,0.16726076501653714,105.70116520138896,0.9106435182608236,0.017227377072886886,0.3252188178274959
91.0015023875868,106.97885740820651,107.94247786418063,101.00305969301102,85.9096276994087,0.45028857382735066,0.33836849280190884,0.30595678002964394,0.32703670381682187,0.13315483472545236,80.7421955363744,1.7752896879169962,0.04807730389830297,0.23681877678351776
116.76743775566399,84.60180329382462,105.16688674842045,84.1235438643902,85.8440283653169,0.39617482189557063,0.12431023355561761,0.33135526340636334,0.16770283482818177,0.18308077558653357,105.71708766777186,1.98014148125873,0.04092759531263126,0.3361355926965023
80.82153256115316,94.53456335427038,105.58330257688152,100.86176878931488,106.98156604993943,0.19330170028313576,0.10572225539538348,0.45673553244547094,0.4216941085959429,0.11251457906657288,105.58999710742935,1.9436415735470671,0.031167879013181,0.41677660953229667
107.00075443483811,85.60694975976955,82.29349613686863,105.01432561738679,106.12897219900971,0.12279443519978672,0.4131507389906778,0.10272131502788043,0.28759956548325927,0.14291890171772323,98.20033947462545,1.548336950342499,0.03637820525491583,0.6746490311198581
102.26814940566818,89.83049865296283,112.43060867929016,83.02744061985028,105.29247157285437,0.33665289080742333,0.49933616715376294,0.16880860621659266,0.4826735389437582,0.4461914175743781,115.81609050376852,0.9004098492253828,0.03599912424561036,0.576128228498905
84.81646143517489,106.17790865732918,96.70903151293986,108.72412221750686,82.08768809907738,0.49434198725751244,0.40647545344100744,0.44279770058125,0.33783905583013035,0.446913632469805,85.39276070080219,0.6472596025602964,0.020493800404500075,0.4106247292752559
102.20331953921472,85.79511595520319,107.29526526441894,84.79822525246729,82.94333291807703,0.14460490235176504,0.39666172174737024,0.351489434800463,0.1239385930951459,0.21663614853946048,82.05247321814893,1.987522619584595,0.013464313476550962,0.6110774486472662
108.5249119273445,82.5412773827313,88.98123271726064,112.98940788502688,112.38753231232906,0.18644272014900795,0.2620701803195402,0.17934133660949259,0.20993185766079403,0.21841205409713843,99.83324639898623,0.7333054239338004,0.03219755047280505,0.6782332155432447
114.16503031123105,93.04399558354855,101.12192115000838,110.93389410424608,85.47942060044322,0.3399243580498122,0.15394950402805466,0.19644049388884322,0.22685922439203954,0.27962717531042913,101.32138080328438,1.01716971931101,0.020521699572544863,0.04651886908419476
108.97563516862873,83.89945397578619,116.53002434507471,105.49240730046503,99.73221250759023,0.11523545313199324,0.4996845808291045,0.2201568010208102,0.21493794429424506,0.32194823463647504,90.66756744974741,0.7122179391123364,0.04493886595248506,0.4737830719631787
99.38917018668657,87.25448191379641,93.83669489818615,109.08494661268597,101.63774483417555,0.44161287172884645,0.2827237472243189,0.19953568033589836,0.32635020127814174,0.2931770200102919,118.46510826614745,1.118208004140044,0.019442121768273007,0.034614522838008636
101.17224816401051,87.80983578182318,107.61449247814735,95.68135604245401,87.31013353754136,0.2692299308089183,0.49355318031368933,0.498380105787426,0.32477753138303755,0.12720157082872438,90.14908959932599,0.4431668456643957,0.03291445900781172,0.24649240100152703
117.75139006385317,100.2719498746242,101.12146590049463,119.25487640859225,94.65624548681974,0.3267670321931573,0.48098885935315416,0.4702770122778742,0.18620033977252906,0.17604779281211377,90.80647314932511,1.6658489518056319,0.026803716075961943,0.6099330153383549
117.72082738249799,107.7970144454192,105.323825309792,89.37673207769922,82.07022689551161,0.16090234200462797,0.42791373976493896,0.2960220227957894,0.2352186282636983,0.22992286753588018,112.43945819284826,1.133937461623596,0.03971611307844696,0.6330282647866698
97.51135353140555,80.406838479829,82.84010043081534,103.81307022777492,108.97887332292109,0.21016529718175514,0.45304790964576325,0.26387195709884204,0.19760709425675238,0.38416192242611136,116.9129470331506,0.9841291016818725,0.048029848690133235,0.7070617688578202
86.71793327697108,109.30001650695095,117.98903306379007,109.72704322904787,111.38860878300132,0.3541818227567194,0.38614622183763814,0.428782445811946,0.14049348582756777,0.10079549658005789,101.44558984019439,0.8855030500941496,0.026462842785821866,0.39859033877183203
108.02850321073487,88.98949761819004,94.43559768623344,117.97067851079268,106.44842315880474,0.12022649646246167,0.3827173036595247,0.4737986160998854,0.23244215280654676,0.4124776665577774,80.76215947786257,1.264622549841465,0.011774181100073592,0.06731001403976036
111.56098935736289,118.7477847537871,89.25747682050662,92.86746669306214,105.79206611337999,0.3916738043474678,0.4912246317143679,0.28831723259588077,0.16642918691475755,0.406092560235097,94.21739530223441,1.6148041055007794,0.036457255645423924,0.10142818235307366
80.9742989513603,102.84876309334823,112.34753518057995,104.417734952965,91.81573135584443,0.42752754560857575,0.3829200302819661,0.4452726693119117,0.2484730333279618,0.37612600128941953,88.95759314463302,1.829481689448877,0.01516739493129807,0.19544757925744696
108.96416333344247,85.84126498719782,115.79093877114067,84.03660124161821,114.5396453504974,0.2055394556652248,0.278576058375935,0.1969968676622473,0.16181346905925806,0.1143812992007955,100.44072189338621,1.7226570870211042,0.014180060169037941,0.2977461688729971
99.9123771094493,97.14588013951207,100.02647042301726,88.00825212371684,98.30742318235255,0.3685697032769336,0.4501092353109666,0.22576777372450738,0.27169415337909086,0.10141877932102941,107.3028715707512,1.0296480382590243,0.03646232545307624,0.42124866048457205
113.98879263594634,112.03820968875196,86.52194137965317,106.93683912516246,114.27349059861702,0.26514190901257956,0.21252884603283376,0.32968001204984054,0.46340687314042484,0.30246102764860505,95.69745141632049,1.7094861105050292,0.014112493418914367,0.5167498893956368
112.79070354475238,97.02529773188726,81.92371361384463,117.24677691894996,95.83540463392248,0.37021306396114473,0.382193135922248,0.16097276486989862,0.23862824312473047,0.14525822050599838,101.49439922903693,1.1750769393691856,0.015151085270297054,0.13000280515776516
94.43906549025375,110.38059777915251,90.5588886196809,113.38991692669168,83.04206243277262,0.27629864151543615,0.4549142726438975,0.29237374029496543,0.2824611932875706,0.18372941831810063,110.39441257648926,1.3668117767560122,0.02756322921281769,0.15117483979354526
109.62844802864844,118.63157961766126,119.83075187496695,116.95217440256665,114.83049621625239,0.22408691203482234,0.4746398290139634,0.22119812970481667,0.39255463422000647,0.11685666596579032,89.84588033892665,1.4304807060251112,0.028093043449359437,0.1383918473214771
91.1552089783092,118.66593450519056,117.11586375257411,101.37490028100746,96.08310617574719,0.15132558403779917,0.2245911665219593,0.4605683445440901,0.18771666195162096,0.3906978440340032,87.8387159305504,0.9494432095851513,0.04654857223733802,0.603949641619603
84.37069014232753,103.625363113005,108.0218379408879,96.15986332726116,96.24118242522127,0.16700978675987602,0.34513681844725663,0.33473129230051246,0.348779160455869,0.2145106086650122,112.22539787308727,1.100592969172825,0.021045368519813146,0.2416702782416767
102.93245562857216,81.11136383628647,118.31463585546996,91.59622828386837,85.6356344707552,0.16484119878103315,0.45459429965481934,0.32777757500059296,0.18481726788837524,0.2653316212781741,81.48094495363341,1.4620307429121937,0.026037404309036075,0.13336913253298244
80.21953584538362,114.27566165542854,114.52829503198677,83.81226418070841,86.08965211555204,0.12683659717008278,0.2901504466409497,0.2695563104731875,0.15309049494935745,0.2777489340730173,86.02386334842261,0.788874428645655,0.0383008410542818,0.34510057733538413
97.91608925031072,87.42816692265262,109.43284547347028,82.3215898282289,101.98837329543464,0.3558129358370824,0.47139617789336985,0.3812740775838098,0.3009741145479038,0.40802044714445695,80.49426981849082,1.5570982604986987,0.04308079744856766,0.19801312115213615
95.31166260455616,98.59785934769006,96.99028470782407,86.12636730138615,88.8112594123425,0.21197411254033824,0.36751263937795575,0.1020248667193898,0.12902045217981017,0.34970625458471316,102.21539173823626,0.869680500670201,0.023964814713828164,0.2954392532550249
82.59230795641706,84.61142301196286,119.1157928967566,91.19147246709008,92.28102157358256,0.1770198297551839,0.37549183450588575,0.35470130580152825,0.1254666997631699,0.25699866663786797,104.00342927229474,1.2746065922492313,0.035243096800723225,0.6592112177516176
85.08425321728484,110.20656817987006,116.96571240749128,111.59002148266603,104.50463317736687,0.3452008793227823,0.38539265263334344,0.42643366421069895,0.23217716066601035,0.4346864169019138,101.24122777478016,1.7158397563343306,0.03496743549309296,0.267117321019453
112.52931662442305,96.16920931731434,114.37989420322751,111.94075398552728,80.06898577025277,0.2417017704022577,0.10279473648000122,0.3440023599348055,0.19666743886317295,0.14975252079741108,96.57076117241121,0.2906086092955431,0.022128304890297205,0.139887517588529
99.51176539670068,90.58466304316904,83.44931665470781,113.847841709911,80.3179873720449,0.20334312400192564,0.4311655992317621,0.46560052330407276,0.4846786495480965,0.2211321452001004,101.16116493673857,0.670595079072128,0.014744847795811648,0.1859621396415987
109.20654008221442,119.52768483988744,99.28079066824942,94.84962119765738,104.23331817898854,0.2823714832756199,0.42101044112327346,0.22716107540281777,0.2540572745251786,0.19490979569185685,87.7575120606385,1.2320434281177894,0.037300683356001126,0.027485827174879775
112.18791310590689,89.61007975101116,90.02805716614145,104.28712056347388,117.59519283417221,0.32894692774069034,0.36370667953012414,0.2273757820346386,0.10969220660462571,0.394363125347988,113.04970899344627,0.4356792702564922,0.020722722715625603,0.7209034637060913
91.93759903035054,95.07018652916052,119.73333205841158,87.04888660826063,83.07872673501217,0.34663891573863614,0.18759951424054433,0.22585907006630832,0.482845435707871,0.3520814180037144,119.23092014825103,0.6098030351859411,0.022731294514064096,0.5575741447853237
103.59020955522425,80.97067953686532,87.2173292509929,104.88836722761872,106.38049602765332,0.3381911025565538,0.3558762949854174,0.48177781391750285,0.23594362939719793,0.2123663904420622,101.62491530584218,1.5609065610961175,0.0328942069493867,0.37068879551201095
100.41700998590478,95.34992184917533,103.04790337687393,105.73543012132956,112.13928185166603,0.2506969921076898,0.42037963763089103,0.14838354975599036,0.18272987918107378,0.19129820499127953,94.97422153273558,0.29519032871898254,0.016432357571261318,0.448691857719221
111.71003312839389,106.59203062059791,115.76930332913862,113.52101014381675,85.32984032871761,0.3545509564748055,0.35663320985169533,0.24875455335625782,0.2104769090205042,0.40186077252780605,111.67130866236684,1.317564329436057,0.019659931949052648,0.20327278483653705
118.26717765293934,115.66969209271682,92.83708718031839,80.80737674428158,104.1590378703315,0.11269062677993175,0.3954950842992374,0.18410959774834312,0.4611108227791325,0.2654772982890128,87.7228772433678,0.30977484529255317,0.027843152677848294,0.3229504489792131
97.53670307465552,109.98266650344527,100.98399058034491,83.05961741003787,89.78749681019103,0.35691876133697753,0.14838772390713684,0.20155376338018083,0.38024343774222413,0.32014218013288276,92.83094264383341,0.45286646970491495,0.045139331163347854,0.2558684940347968
115.30095024506119,81.507587828602,109.46678677593148,91.67774031805729,98.10559212169989,0.40819095238582304,0.3253609359043008,0.32773247229289715,0.4433035926917742,0.2698759669223363,117.59922333741305,0.9330963813350082,0.04089024498647574,0.6596347110340142
101.24021727646434,90.00325429228803,106.07841771990651,107.73768872391506,83.402379186831,0.45801788786300157,0.2488860992179996,0.231437682708019,0.41176851069591147,0.10461855979853141,87.45176690471743,1.9383452093006304,0.022703874145215346,0.5947402930749374
94.95708303405682,109.77509204825166,108.86550239364527,101.78413375620957,111.10699119472056,0.16887684793552155,0.12870629591511318,0.3048420372036634,0.35122840053143844,0.10415037834500285,84.48462311346329,1.2052332120562503,0.022082755468897354,0.22710439244577635
84.30579572159373,84.7284507137812,106.2995720118538,107.73335471580515,112.58107421284281,0.16458541941613514,0.22101654343828225,0.21769053409144062,0.1388530867578092,0.16913898242021458,101.85414782578093,0.7963923018168645,0.04949379648369553,0.609798262329048
87.24147511093028,100.67086637724421,106.43325188542329,88.9479829531606,100.67711462375962,0.4388207043889485,0.38023245664560157,0.21843775306533866,0.205362985726434,0.13207968086134075,103.49669346731034,0.9698211233798166,0.0361353709354128,0.07514689271968199
105.53780097562384,88.57798045910721,95.02253641000566,88.65355240542831,116.11771617714395,0.23956237495919352,0.25922780585106453,0.4616726625549781,0.397246285606084,0.291661509739603,103.8860041604368,1.245351359987526,0.03742136129730427,0.16205566666931537
89.47195527719967,84.83338503943187,81.40621246108574,81.798138896454,87.66344939867268,0.153942907516032,0.36246465960333174,0.47440492510841936,0.13121794080294152,0.43944310714457135,86.57912916163652,1.3339789098272945,0.012204973015496359,0.08510343275716555
104.3283404522781,80.7059949804449,91.46975699028589,82.32667565293197,96.1463508119667,0.172045822087663,0.38051237372562474,0.17354241489736677,0.34000542195492156,0.19504983369168924,108.84578909154267,0.7188307541554897,0.014198901349292048,0.1905970615294625
81.9430695131943,104.30167106483312,107.53697062076061,109.25350198575055,88.97373594585021,0.31667922486130917,0.34006314765827084,0.34740813004285737,0.37311955112269835,0.127611830153977,89.69124511730948,0.5952652664243571,0.021778145400147587,0.18095509997171544
114.74000647846972,107.61152669323707,82.26600877199282,97.63066834805709,110.71025973489924,0.3813549615351748,0.1618390896941654,0.3708129812547707,0.14961504569496342,0.29176588422070215,117.92410203787597,1.116791315882125,0.0436804448937077,0.720443633245547
92.4357570688092,95.26235095629059,105.18415309186172,82.21923520463591,118.67740162031669,0.25470737039272234,0.48693854265730696,0.35232366629778267,0.13528236530052593,0.38035458457518456,89.11828709394847,1.3784896879032646,0.04642677318494835,0.26191163062713996
86.97924042438912,81.06687998585042,80.2129192816168,95.98217499997583,115.3701346190151,0.1776553597115933,0.21446014508534264,0.25137721617785674,0.4104901761233597,0.47763237551455606,80.69245916403668,1.6790149888241959,0.017641173837900755,0.2841743788953138
112.79048316871716,116.4818319299878,101.35129277315596,97.94984935500658,95.43443904427178,0.4697340707391935,0.16827345271760513,0.12416539095783193,0.4314132077118047,0.21528730513260275,102.71380773269664,1.2873918030469047,0.03856787068902772,0.07980050019364704
81.85672303165224,116.38085025220614,99.8470436913891,98.20269724206041,100.60669948056469,0.3331304415291684,0.4914509860945243,0.17456880214882814,0.249942356742742,0.44703957845844644,88.11391492426849,1.4617596475425028,0.04496550524516615,0.052785957025459324
111.76618072456802,88.97884343930255,108.39602715979693,108.43078963416131,113.98211129032731,0.35999221883121657,0.475021202701157,0.3526877259835335,0.22142798721632695,0.42204344220899526,105.14295301389652,1.0969637069503175,0.04515603617923603,0.17551004262492065
80.3473439385548,86.81582172940529,98.84187408179022,114.02161549845914,118.60467446511936,0.40370550196843114,0.47344757643154545,0.29046677288521305,0.3011357148537239,0.22952924014467016,89.16853442283791,1.241758701137151,0.028352290598913227,0.10763691081858778
103.79474458717606,88.48535901692081,87.38338783298583,105.5777581594507,88.40276588237619,0.20750333380261332,0.4986111276565198,0.4909022064975578,0.3118585852004712,0.4820342329455346,97.12337456759208,1.3620332400559305,0.02035113954921767,0.2756879813180957
102.12349695683545,113.39247716575608,95.5927859384836,95.13888758967717,81.44561347564294,0.242462179042577,0.4399977296298746,0.3539472631381342,0.38682644565586577,0.3872811729616972,87.1805760315205,0.6635796771690158,0.0482513579849146,0.14883549036847513
90.16338313698219,107.92765838477098,94.41564980528786,86.33195669159687,84.23070935041308,0.35433146000250537,0.440931204528045,0.25680530026289716,0.4396755803852358,0.17336606556821943,97.15245428309656,1.8846297735774136,0.021063325538098025,0.1425370607742739
83.80213512602836,106.36533732471581,104.50485915174195,100.7408402240834,100.01305792636558,0.17998376808002275,0.3869372881568013,0.40005195613103495,0.460920429947027,0.20987316192189118,85.46081354893585,0.8543430570824571,0.020107802443889614,0.5180293462381633
86.12547410751486,100.0241689904035,82.39751106401519,117.03433834410751,82.32110216010427,0.12242778095457703,0.30298869016275787,0.45013618615071704,0.48858634145874136,0.44313051808189263,93.51892230903378,1.30820423679838,0.018227315224148007,0.75368474589746
96.94120779575674,80.02284225612689,111.44601755132979,86.6468075414252,116.99664071286713,0.2959825798690421,0.4453528944284124,0.18558836954761437,0.4684678604939434,0.3267383844072189,87.95726467271211,1.231669865320144,0.03130141842449576,0.00998534257572059
81.75910991442258,112.83149338257707,106.26551251262353,89.98942875543563,88.0967843692238,0.25574543432084085,0.3326564728657287,0.41360328394687806,0.19604860510590655,0.14075192110749435,112.64407491132434,1.7433545811355369,0.014287374054607099,0.5644448639272815
94.30711733508089,113.1361153270142,114.47826193341822,87.01141518097303,94.13792158737323,0.3932480414648726,0.4809875865331692,0.3547912367896958,0.15703338163608987,0.3573541477828227,109.17416334378042,0.4488076563730739,0.032827506795046306,0.5273581377614646
89.49965535609016,84.90571390551591,105.85797550115711,93.83484092942142,89.01536179105337,0.1466528384723534,0.22140990120796478,0.11263908047958658,0.29500064963516004,0.2285416742031605,86.67277592655574,1.7974042794819656,0.04774757162590293,0.4680435634567579
114.63991094007905,109.93271723614265,110.9504459478537,81.56783564733121,116.60521796924266,0.1390087559381588,0.2236109209130607,0.35902804776646524,0.2156326222001883,0.157228846957172,83.3161821011071,0.48977633878553906,0.030198768683450186,0.5538385038486676
102.9895351189694,100.15211218738075,80.42341384111124,115.90648841736419,101.75561881944003,0.31791898601031143,0.40129090823459324,0.4320565424825832,0.28883884524525755,0.38442896836948803,81.02978424052117,0.502928160066554,0.04861390334645437,0.40695959535305115
113.00613849362142,106.22043842953175,111.86774454043521,107.7172699423121,116.83855609343307,0.4333310993776408,0.36915569222869027,0.3109085620333225,0.12397574685636115,0.2160137498383307,89.06687184537763,1.7589459576749789,0.04622813783233615,0.741534186737197
89.01936745358199,88.08400418931629,108.50166247780487,100.05579202333877,103.96644681339481,0.22792606297829066,0.25800450037363165,0.48035708132172517,0.18355013694113717,0.31662196440291757,99.20709463986844,0.6999283361915478,0.04169206666686253,0.12657991424012796
108.34169876764908,101.8971278800001,111.50773790664785,92.7546942374341,114.35961774398768,0.4964872426776882,0.34751782431226325,0.18356428947127268,0.48407637271124304,0.23451706762152674,95.99532787456802,1.3206263243498533,0.03432228996809786,0.3788411680406948
84.30705411702402,105.36015907844748,115.6053003010719,90.10776511606818,93.07338699695651,0.11914828383945242,0.2725447069838721,0.19626227847001926,0.42754550923813806,0.18798233369890216,118.85996127050237,1.0613187914236062,0.04522711471366774,0.5224307063356735
92.21767113970955,102.57054847100136,96.51487262260594,84.31837139979609,115.6514888702584,0.4279416088951251,0.11446840661392388,0.4716629271675159,0.11687741071400543,0.4754159375947967,111.68982580767809,1.8849659419472247,0.03219935168722805,0.7269589996184499
88.18706516634697,101.36320043954119,103.79219583749045,81.63007374590167,83.82849310617348,0.12947651033259847,0.4490334410233693,0.43253281505988717,0.33776953504296414,0.11439443362627238,83.12746730991458,1.6186469791296334,0.018288052543959286,0.3899484454916124
118.86758841718206,106.5804936059753,81.34260708185708,111.76796882611995,100.34171237109942,0.3484571227078459,0.347138568330744,0.32287898999086784,0.3526102285786883,0.4872429612981174,86.35729530133192,0.8362391111277454,0.04700717899391343,0.7815970027101797
83.00798288313902,107.23008392191164,99.97407223473874,88.19679204443693,115.10809088355279,0.4982028990627867,0.308198322658336,0.13672024971569421,0.15358761745807117,0.38814035173600614,81.06396207499427,1.6735213065084475,0.03008759520031592,0.5251862933202418
91.65519433201017,91.3822654181323,90.91094327169115,110.69823108356205,108.24474681522128,0.4927854348892263,0.27442208949277913,0.13921549836465955,0.24121782100197942,0.25400411084820895,85.52905445753026,0.6451298558115481,0.04630992297650603,0.5593700306260234
116.1258274188143,89.1735687833712,111.45458382171233,102.92182306112383,92.34718438610672,0.4986381335541059,0.37463334131775494,0.14714643442829858,0.23483068677696634,0.11942348499957034,101.17668595305162,1.327249865579149,0.025725834651695652,0.6545657776562394
81.41816529631002,112.7579019940444,89.64285486053426,105.26972144859678,101.95471744239251,0.3612242032445797,0.36909570755082666,0.12299869802956534,0.23420797651950506,0.46113534677480505,83.06952141300837,1.5652716005180636,0.023428972624991176,0.5871346432528922
80.17798154587136,119.7737451975905,112.57317423200516,99.45885082546728,107.21365480969533,0.4307264120299218,0.3296850279244865,0.29384934418984143,0.49714076482679714,0.3888782238076509,82.39471789240508,1.480527334247812,0.040639652945076085,0.4181015374422747
99.0637694636309,109.78345085114924,85.37314183275576,97.85403980936121,93.4214870829144,0.481054084478325,0.12863408574127333,0.1848604625434207,0.11244441429795203,0.44716704587567013,84.72646017183736,1.3991935053612514,0.035377818294133834,0.6180936575036573
98.3862097397614,98.01890611441456,85.72375799116777,119.05954282836116,80.61968571152512,0.3776925764661322,0.17106066113685495,0.489676242976851,0.4823188890458816,0.18983912196988278,106.77654580292854,1.7024454536916733,0.027588997399104177,0.02858636192180333
80.40291779269596,94.93765274134631,104.8150539738727,87.18612907259713,101.32776015616645,0.35880390121708416,0.36724116669423434,0.10160670200857957,0.3755119169073998,0.18853607790882165,80.7743249963244,1.2233647746484309,0.045143562967839175,0.7462138323316395
108.91087871853915,83.76242436160605,119.37689632063734,93.46802590957176,105.69661655148997,0.46052750024073574,0.4354028530238063,0.4621174338683828,0.40302158493773876,0.1659621754190337,118.78504400776251,1.8746088355170134,0.030663064539902786,0.6585198916121897
84.42879432746302,108.37945554885306,113.61825388249943,84.21140569322489,85.03452617480265,0.24422172519540633,0.38357258943456785,0.22933001730328498,0.3840131734466966,0.2344634899890418,95.2314505405821,0.50341710037339,0.010511645106708661,0.5101289401219217
91.24189657548911,80.47743261501317,119.4420517734892,103.93536299810599,104.30357799854181,0.1710917817404834,0.30726552735581447,0.37449110380143313,0.3068782749131035,0.3567469193197159,93.46349444094882,0.8724900384285132,0.03772815426921073,0.05500357762515087
118.35848678606544,113.28117017277708,112.56971723873397,93.58009479606503,93.39453573858582,0.27522040724173236,0.41133253159333794,0.35998656905788307,0.3298426536341268,0.27414868619022426,98.99251335871452,1.6202360206192419,0.01252626685589124,0.23593907864461264
91.66951839250588,93.8678304710528,94.78035045439402,85.60014755922373,94.23791450808375,0.31429102245518226,0.12040388867658472,0.366687870673414,0.1817646917061685,0.44405958415673674,100.71447178466522,0.7890974887139244,0.029244091638194768,0.2029025501649044
97.8698814097891,92.37389354986634,86.6138787263019,94.9364159271399,99.23631092865743,0.4249375072759889,0.3111818664826611,0.43885242732496643,0.3683212975263763,0.15650401795652533,96.80053555855335,1.0251609377419844,0.017683181115710503,0.2056199858602022
